id,recordDate,recordTime,date,shift,shiftStartAt,shiftEndAt,machineId,machineName,productName,partNo,step,workMinutes,timeSlots,minutesPerSlot,machineSpeed,cavityQty,normalMinutes,changeoverMinutes,inspectionMinutes,equipmentRepairMinutes,moldRepairMinutes,materialChangeMinutes,emergencyStopMinutes,meetingMinutes,plannedStopMinutes,goodQty,ngQty,testQty,note,createdAt,updatedAt,source
seed-1-ocp-80t-1,,,2026-01-09,白,,,1-ocp-80t,1# OCP-80T,ARC PLATE GV2,W113893530111,-,668.2,133.64,5,110,8,155,60,10,5,368.2,0,0,45,25,81500,20,0,,2026-06-27T00:00:00.000Z,,excel-seed
seed-1-ocp-80t-2,,,2026-01-10,白,,,1-ocp-80t,1# OCP-80T,ARC PLATE GV2,W113893530111,-,1674.38,334.88,5,110,8,540,0,45,0,1019.38,15,0,55,0,316992,240,0,,2026-06-27T00:00:00.000Z,,excel-seed
seed-1-ocp-80t-3,,,2026-01-12,白,,,1-ocp-80t,1# OCP-80T,ARC PLATE GV2,W113893530111,-,1342.34,268.47,5,110,8,450,0,65,0,717.34,30,15,65,0,361584,16,0,,2026-06-27T00:00:00.000Z,,excel-seed
seed-1-ocp-80t-4,,,2026-01-13,白,,,1-ocp-80t,1# OCP-80T,ARC PLATE GV2,W113893530111,-,1360.87,272.17,5,110,8,410,0,60,20,815.87,0,0,55,0,294080,80,0,,2026-06-27T00:00:00.000Z,,excel-seed
seed-1-ocp-80t-5,,,2026-01-14,白,,,1-ocp-80t,1# OCP-80T,CG BASE,1185509,-,17300.83,3460.17,5,90,1,610,105,10,0,16520.83,0,0,55,0,2376,0,0,,2026-06-27T00:00:00.000Z,,excel-seed
seed-1-ocp-80t-6,,,2026-01-14,白,,,1-ocp-80t,1# OCP-80T,CG BASE,1185509,-,6686.43,1337.29,5,90,1,190,0,5,0,6446.43,0,0,45,0,504,0,0,,2026-06-27T00:00:00.000Z,,excel-seed
seed-1-ocp-80t-7,,,2026-01-15,白,,,1-ocp-80t,1# OCP-80T,CG BASE,1185509,-,11524.67,2304.93,5,90,1,540,0,20,20,10864.67,0,0,80,0,2505,18,0,,2026-06-27T00:00:00.000Z,,excel-seed
seed-1-ocp-80t-8,,,2026-01-16,白,,,1-ocp-80t,1# OCP-80T,CG BASE,1185509,-,7428.33,1485.67,5,90,1,290,0,10,0,7008.33,0,0,40,80,1080,0,0,,2026-06-27T00:00:00.000Z,,excel-seed
seed-1-ocp-80t-9,,,2026-01-17,白,,,1-ocp-80t,1# OCP-80T,ARC PLATE GV2,W113893530111,-,984.4,196.88,5,110,8,380,35,25,0,444.4,10,0,45,45,319800,200,0,,2026-06-27T00:00:00.000Z,,excel-seed
seed-1-ocp-80t-10,,,2026-01-19,白,,,1-ocp-80t,1# OCP-80T,ARC PLATE GV2,W113893530111,-,1542.81,308.56,5,110,8,655,0,45,0,762.81,20,0,60,0,510050,30,0,,2026-06-27T00:00:00.000Z,,excel-seed
seed-1-ocp-80t-11,,,2026-01-20,白,,,1-ocp-80t,1# OCP-80T,ARC PLATE GV2,W113893530111,-,1506.94,301.39,5,110,8,615,0,55,0,746.94,30,0,60,0,481828,220,0,,2026-06-27T00:00:00.000Z,,excel-seed
seed-1-ocp-80t-12,,,2026-01-21,白,,,1-ocp-80t,1# OCP-80T,ARC PLATE GV2,W113893530111,-,816.33,163.27,5,110,8,225,0,35,0,541.33,0,0,0,15,157280,80,0,,2026-06-27T00:00:00.000Z,,excel-seed
seed-1-ocp-80t-13,,,2026-01-22,白,,,1-ocp-80t,1# OCP-80T,LOAD-TERM-HI,48187055AA,-,1084.76,216.95,5,120,2,350,0,55,0,589.76,20,0,70,0,76200,20,0,,2026-06-27T00:00:00.000Z,,excel-seed
seed-1-ocp-80t-14,,,2026-01-22,白,,,1-ocp-80t,1# OCP-80T,ARC PLATE GV2,W113893530111,-,562.34,112.47,5,110,8,135,5,45,0,367.34,0,0,10,0,79234,30,0,,2026-06-27T00:00:00.000Z,,excel-seed
seed-1-ocp-80t-15,,,2026-01-22,夜,,,1-ocp-80t,1# OCP-80T,LOAD-TERM-HI,48187055AA,-,1345.1,269.02,5,120,2,440,0,55,0,685.1,35,0,45,85,73216,20,0,,2026-06-27T00:00:00.000Z,,excel-seed
seed-1-ocp-80t-16,,,2026-01-23,白,,,1-ocp-80t,1# OCP-80T,Armature High Amp,48187063AA,-,780.16,156.03,5,110,2,240,60,75,0,360.16,0,0,45,0,43980,10,0,,2026-06-27T00:00:00.000Z,,excel-seed
seed-1-ocp-80t-17,,,2026-01-24,白,,,1-ocp-80t,1# OCP-80T,Armature High Amp,48187063AA,-,1143.91,228.78,5,100,2,425,0,30,0,593.91,10,0,85,0,78000,100,0,,2026-06-27T00:00:00.000Z,,excel-seed
seed-1-ocp-80t-18,,,2026-01-25,白,,,1-ocp-80t,1# OCP-80T,Armature High Amp,48187063AA,-,861.44,172.29,5,100,2,330,0,130,0,381.44,0,0,20,0,57100,10,0,,2026-06-27T00:00:00.000Z,,excel-seed
seed-1-ocp-80t-19,,,2026-01-26,白,,,1-ocp-80t,1# OCP-80T,Armature High Amp,48187063AA,-,601.04,120.21,5,100,2,90,0,180,0,241.04,15,0,75,0,30244,20,0,,2026-06-27T00:00:00.000Z,,excel-seed
seed-1-ocp-80t-20,,,2026-01-27,白,,,1-ocp-80t,1# OCP-80T,Armature High Amp,48187063AA,-,817.93,163.59,5,100,2,185,0,55,0,577.93,0,0,0,0,27209,35,0,,2026-06-27T00:00:00.000Z,,excel-seed
seed-1-ocp-80t-21,,,2026-01-28,白,,,1-ocp-80t,1# OCP-80T,ARC PLATE GV2,W113893530111,-,990.02,198,5,110,8,180,15,45,0,695.02,10,0,45,0,49000,112,0,,2026-06-27T00:00:00.000Z,,excel-seed
seed-1-ocp-80t-22,,,2026-01-29,白,,,1-ocp-80t,1# OCP-80T,ARC PLATE GV2,W113893530111,-,1098.92,219.78,5,110,8,80,0,45,0,908.92,0,0,65,0,42600,184,0,,2026-06-27T00:00:00.000Z,,excel-seed
seed-1-ocp-80t-23,,,2026-01-29,夜,,,1-ocp-80t,1# OCP-80T,ARC PLATE GV2,W113893530111,-,1119.74,223.95,5,110,8,130,0,30,0,949.74,0,0,10,0,53000,992,0,,2026-06-27T00:00:00.000Z,,excel-seed
seed-1-ocp-80t-24,,,2026-01-30,白,,,1-ocp-80t,1# OCP-80T,ARC PLATE GV2,W113893530111,-,1217.36,243.47,5,110,8,315,0,45,0,782.36,15,0,60,0,196643,149,0,,2026-06-27T00:00:00.000Z,,excel-seed
seed-1-ocp-80t-25,,,2026-01-30,夜,,,1-ocp-80t,1# OCP-80T,ARC PLATE GV2,W113893530111,-,1409.78,281.96,5,110,8,545,0,25,0,749.78,30,0,60,0,367800,200,0,,2026-06-27T00:00:00.000Z,,excel-seed
seed-1-ocp-80t-26,,,2026-01-31,白,,,1-ocp-80t,1# OCP-80T,ARC PLATE GV2,W113893530111,-,1920.88,384.18,5,110,8,525,0,30,0,1260.88,15,0,90,0,241832,480,0,,2026-06-27T00:00:00.000Z,,excel-seed
seed-1-ocp-80t-27,,,2026-01-31,夜,,,1-ocp-80t,1# OCP-80T,ARC PLATE GV2,W113893530111,-,687.14,137.43,5,110,8,185,0,20,0,237.14,0,0,5,240,147600,48,0,,2026-06-27T00:00:00.000Z,,excel-seed
seed-1-ocp-80t-28,,,2026-02-02,白,,,1-ocp-80t,1# OCP-80T,ARC PLATE GV2,W113893530111,-,1653.74,330.75,5,110,8,50,0,135,5,1418.74,0,0,35,10,9304,80,0,,2026-06-27T00:00:00.000Z,,excel-seed
seed-1-ocp-80t-29,,,2026-02-02,夜,,,1-ocp-80t,1# OCP-80T,ARC PLATE GV2,W113893530111,-,1151.62,230.32,5,110,8,440,0,40,0,611.62,15,0,45,0,288048,120,0,,2026-06-27T00:00:00.000Z,,excel-seed
seed-1-ocp-80t-30,,,2026-02-03,白,,,1-ocp-80t,1# OCP-80T,ARC PLATE GV2,W113893530111,-,687.46,137.49,5,110,8,25,0,30,0,547.46,0,0,85,0,21901,501,0,,2026-06-27T00:00:00.000Z,,excel-seed
seed-1-ocp-80t-31,,,2026-02-03,夜,,,1-ocp-80t,1# OCP-80T,ARC PLATE GV2,W113893530111,-,1330.99,266.2,5,110,8,505,0,60,0,695.99,15,0,55,0,347992,120,0,,2026-06-27T00:00:00.000Z,,excel-seed
seed-1-ocp-80t-32,,,2026-02-04,白,,,1-ocp-80t,1# OCP-80T,ARC PLATE GV2,W113893530111,-,1043.37,208.67,5,110,8,215,0,60,30,678.37,0,0,60,0,150608,200,0,,2026-06-27T00:00:00.000Z,,excel-seed
seed-1-ocp-80t-33,,,2026-02-04,夜,,,1-ocp-80t,1# OCP-80T,ARC PLATE GV2,W113893530111,-,1336.57,267.31,5,110,8,565,0,20,0,676.57,30,0,45,0,437256,120,0,,2026-06-27T00:00:00.000Z,,excel-seed
seed-1-ocp-80t-34,,,2026-02-05,白,,,1-ocp-80t,1# OCP-80T,ARC PLATE GV2,W113893530111,-,1336.63,267.33,5,110,8,445,0,30,0,766.63,15,0,80,0,280943,89,0,,2026-06-27T00:00:00.000Z,,excel-seed
seed-1-ocp-80t-35,,,2026-02-06,白,,,1-ocp-80t,1# OCP-80T,ARC PLATE GV2,W113893530111,-,1071.68,214.34,5,110,8,300,0,60,0,636.68,15,0,60,0,223910,90,0,,2026-06-27T00:00:00.000Z,,excel-seed
seed-1-ocp-80t-36,,,2026-02-06,夜,,,1-ocp-80t,1# OCP-80T,ARC PLATE GV2,W113893530111,-,1326.9,265.38,5,110,8,570,0,20,0,666.9,15,0,55,0,440000,624,0,,2026-06-27T00:00:00.000Z,,excel-seed
seed-1-ocp-80t-37,,,2026-02-07,白,,,1-ocp-80t,1# OCP-80T,ARC PLATE GV2,W113893530111,-,1324.1,264.82,5,110,8,500,0,45,0,684.1,30,0,65,0,353752,200,0,,2026-06-27T00:00:00.000Z,,excel-seed
seed-1-ocp-80t-38,,,2026-02-09,白,,,1-ocp-80t,1# OCP-80T,ARC PLATE GV2,W113893530111,-,1127.28,225.46,5,110,8,285,0,40,0,737.28,15,0,50,0,193896,80,0,,2026-06-27T00:00:00.000Z,,excel-seed
seed-1-ocp-80t-39,,,2026-02-09,夜,,,1-ocp-80t,1# OCP-80T,ARC PLATE GV2,W113893530111,-,1425.68,285.14,5,110,8,555,0,15,0,765.68,25,0,65,0,369962,150,0,,2026-06-27T00:00:00.000Z,,excel-seed
seed-1-ocp-80t-40,,,2026-02-10,白,,,1-ocp-80t,1# OCP-80T,ARC PLATE GV2,W113893530111,-,1176.55,235.31,5,110,8,465,0,50,0,591.55,15,0,55,0,383920,80,0,,2026-06-27T00:00:00.000Z,,excel-seed
seed-1-ocp-80t-41,,,2026-02-10,夜,,,1-ocp-80t,1# OCP-80T,ARC PLATE GV2,W113893530111,-,521.63,104.33,5,110,8,35,0,65,0,366.63,0,0,55,0,33183,49,0,,2026-06-27T00:00:00.000Z,,excel-seed
seed-1-ocp-80t-42,,,2026-02-13,夜,,,1-ocp-80t,1# OCP-80T,Medium Arc Platel,48187097AA,-,534.13,106.83,5,110,3,55,0,65,0,354.13,0,0,10,50,5894,10,0,,2026-06-27T00:00:00.000Z,,excel-seed
seed-1-ocp-80t-43,,,2026-02-14,夜,,,1-ocp-80t,1# OCP-80T,High Arc Plate,48187053AA,-,1195.89,239.18,5,100,3,420,0,30,0,690.89,15,0,40,0,107600,52,0,,2026-06-27T00:00:00.000Z,,excel-seed
seed-1-ocp-80t-44,,,2026-02-16,白,,,1-ocp-80t,1# OCP-80T,High Arc Plate,48187053AA,-,1013.08,202.62,5,100,3,315,0,35,0,598.08,10,0,55,0,90063,60,0,,2026-06-27T00:00:00.000Z,,excel-seed
seed-1-ocp-80t-45,,,2026-02-16,夜,,,1-ocp-80t,1# OCP-80T,High Arc Plate,48187053AA,-,1009.53,201.91,5,100,3,190,0,10,0,534.53,0,0,20,255,20794,20,0,,2026-06-27T00:00:00.000Z,,excel-seed
seed-1-ocp-80t-46,,,2026-02-17,白,,,1-ocp-80t,1# OCP-80T,High Arc Plate,48187053AA,-,1198.62,239.72,5,100,3,490,0,65,0,538.62,40,0,65,0,144648,60,0,,2026-06-27T00:00:00.000Z,,excel-seed
seed-1-ocp-80t-47,,,2026-02-17,夜,,,1-ocp-80t,1# OCP-80T,High Arc Plate,48187053AA,-,6756.67,1351.33,5,100,3,495,0,35,0,6096.67,0,0,130,0,12057,30,0,,2026-06-27T00:00:00.000Z,,excel-seed
seed-1-ocp-80t-48,,,2026-02-18,白,,,1-ocp-80t,1# OCP-80T,Medium Arc Platel,48187097AA,-,1297.17,259.43,5,110,3,370,95,40,55,637.17,30,0,70,0,105396,105,0,,2026-06-27T00:00:00.000Z,,excel-seed
seed-1-ocp-80t-49,,,2026-02-18,夜,,,1-ocp-80t,1# OCP-80T,Medium Arc Platel,48187097AA,-,827.01,165.4,5,110,3,300,0,45,0,432.01,30,0,20,0,95101,20,0,,2026-06-27T00:00:00.000Z,,excel-seed
seed-1-ocp-80t-50,,,2026-02-19,白,,,1-ocp-80t,1# OCP-80T,Medium Arc Platel,48187097AA,-,895.95,179.19,5,110,3,355,0,25,0,475.95,15,0,25,0,105840,120,0,,2026-06-27T00:00:00.000Z,,excel-seed
seed-1-ocp-80t-51,,,2026-02-19,夜,,,1-ocp-80t,1# OCP-80T,Medium Arc Platel,48187097AA,-,1620.99,324.2,5,110,3,440,0,25,0,1000.99,0,0,65,90,69627,15,0,,2026-06-27T00:00:00.000Z,,excel-seed
seed-1-ocp-80t-52,,,2026-02-20,白,,,1-ocp-80t,1# OCP-80T,Arc Stack Plate,48187199AA,-,1408.24,281.65,5,100,3,555,0,90,0,688.24,15,0,60,0,137895,90,0,,2026-06-27T00:00:00.000Z,,excel-seed
seed-1-ocp-80t-53,,,2026-02-23,白,,,1-ocp-80t,1# OCP-80T,Arc Stack Plate,48187199AA,-,715.81,143.16,5,100,3,50,0,85,0,470.81,0,0,110,0,14815,20,0,,2026-06-27T00:00:00.000Z,,excel-seed
seed-1-ocp-80t-54,,,2026-02-23,夜,,,1-ocp-80t,1# OCP-80T,Arc Stack Plate,48187199AA,-,219.47,43.89,5,100,3,60,0,10,0,99.47,0,0,50,0,10857,30,0,,2026-06-27T00:00:00.000Z,,excel-seed
seed-1-ocp-80t-55,,,2026-02-24,白,,,1-ocp-80t,1# OCP-80T,LOAD-TERM-HI,48187055AA,-,1177.33,235.47,5,120,2,260,140,95,0,562.33,20,0,100,0,51600,62,0,,2026-06-27T00:00:00.000Z,,excel-seed
seed-1-ocp-80t-56,,,2026-02-25,白,,,1-ocp-80t,1# OCP-80T,LOAD-TERM-HI,48187055AA,-,843.67,168.73,5,120,2,20,0,155,0,583.67,0,0,85,0,3454,428,0,,2026-06-27T00:00:00.000Z,,excel-seed
seed-1-ocp-80t-57,,,2026-02-26,白,,,1-ocp-80t,1# OCP-80T,LOAD-TERM-HI,48187055AA,-,662.78,132.56,5,120,2,50,0,100,0,422.78,15,0,75,0,13766,580,0,,2026-06-27T00:00:00.000Z,,excel-seed
seed-1-ocp-80t-58,,,2026-02-27,白,,,1-ocp-80t,1# OCP-80T,LOAD-TERM-HI,48187055AA,-,1179.16,235.83,5,120,2,250,35,60,0,744.16,0,0,90,0,41120,84,0,,2026-06-27T00:00:00.000Z,,excel-seed
seed-1-ocp-80t-59,,,2026-02-27,夜,,,1-ocp-80t,1# OCP-80T,LOAD-TERM-HI,48187055AA,-,1039.24,207.85,5,120,2,375,0,35,0,559.24,30,0,20,20,65178,80,0,,2026-06-27T00:00:00.000Z,,excel-seed
seed-1-ocp-80t-60,,,2026-02-28,白,,,1-ocp-80t,1# OCP-80T,MIDDLE,48187096,-,1104.05,220.81,5,100,2,210,205,105,0,479.05,15,0,90,0,40768,60,0,,2026-06-27T00:00:00.000Z,,excel-seed
seed-1-ocp-80t-61,,,2026-03-02,白,,,1-ocp-80t,1# OCP-80T,MIDDLE,48187096,-,1182.24,236.45,5,100,2,460,0,70,0,547.24,15,0,90,0,84058,120,0,,2026-06-27T00:00:00.000Z,,excel-seed
seed-1-ocp-80t-62,,,2026-03-03,白,,,1-ocp-80t,1# OCP-80T,MIDDLE,48187096,-,951.4,190.28,5,100,2,150,0,65,0,651.4,0,0,85,0,23488,280,0,,2026-06-27T00:00:00.000Z,,excel-seed
seed-1-ocp-80t-63,,,2026-03-04,白,,,1-ocp-80t,1# OCP-80T,MIDDLE,48187096,-,100,20,5,100,2,25,0,0,0,0,0,0,75,0,0,480,0,,2026-06-27T00:00:00.000Z,,excel-seed
seed-1-ocp-80t-64,,,2026-03-05,白,,,1-ocp-80t,1# OCP-80T,MIDDLE,48187096,-,1067.61,213.52,5,100,2,260,0,65,0,657.61,0,0,85,0,40328,280,0,,2026-06-27T00:00:00.000Z,,excel-seed
seed-1-ocp-80t-65,,,2026-03-05,夜,,,1-ocp-80t,1# OCP-80T,MIDDLE,48187096,-,263.8,52.76,5,100,2,65,0,30,0,63.8,10,0,10,85,15282,20,0,,2026-06-27T00:00:00.000Z,,excel-seed
seed-1-ocp-80t-66,,,2026-03-09,白,,,1-ocp-80t,1# OCP-80T,MIDDLE,48187096,-,409.09,81.82,5,100,2,140,10,60,0,159.09,0,0,40,0,26400,40,0,,2026-06-27T00:00:00.000Z,,excel-seed
seed-1-ocp-80t-67,,,2026-03-10,白,,,1-ocp-80t,1# OCP-80T,MIDDLE,48187096,-,1318.46,263.69,5,100,2,445,115,10,0,658.46,0,0,90,0,75692,80,0,,2026-06-27T00:00:00.000Z,,excel-seed
seed-1-ocp-80t-68,,,2026-03-11,白,,,1-ocp-80t,1# OCP-80T,MIDDLE,48187096,-,247.91,49.58,5,100,2,40,45,30,0,97.91,0,0,10,25,7354,80,0,,2026-06-27T00:00:00.000Z,,excel-seed
seed-1-ocp-80t-69,,,2026-03-12,白,,,1-ocp-80t,1# OCP-80T,MIDDLE,48187096,-,1040.03,208.01,5,100,2,350,0,30,0,565.03,0,0,95,0,66280,120,0,,2026-06-27T00:00:00.000Z,,excel-seed
seed-1-ocp-80t-70,,,2026-03-12,夜,,,1-ocp-80t,1# OCP-80T,MIDDLE,48187096,-,767.02,153.4,5,100,2,265,15,45,0,372.02,25,0,45,0,47014,24,0,,2026-06-27T00:00:00.000Z,,excel-seed
seed-1-ocp-80t-71,,,2026-03-12,夜,,,1-ocp-80t,1# OCP-80T,MIDDLE,48187096,-,500.55,100.11,5,100,2,160,65,5,0,260.55,0,0,10,0,27634,40,0,,2026-06-27T00:00:00.000Z,,excel-seed
seed-1-ocp-80t-72,,,2026-03-13,白,,,1-ocp-80t,1# OCP-80T,LOAD-TERM-HI,48187055AA,-,1216.76,243.35,5,120,2,375,0,80,0,661.76,20,0,80,0,68000,40,0,,2026-06-27T00:00:00.000Z,,excel-seed
seed-1-ocp-80t-73,,,2026-03-13,夜,,,1-ocp-80t,1# OCP-80T,Medium Arc Platel,48187097AA,-,851.07,170.21,5,110,3,25,150,55,0,491.07,0,0,20,110,2940,60,0,,2026-06-27T00:00:00.000Z,,excel-seed
seed-1-ocp-80t-74,,,2026-03-14,白,,,1-ocp-80t,1# OCP-80T,LOAD-TERM-HI,48187055AA,-,1302.78,260.56,5,120,2,280,75,90,0,767.78,25,0,65,0,44200,680,0,,2026-06-27T00:00:00.000Z,,excel-seed
seed-1-ocp-80t-75,,,2026-03-16,白,,,1-ocp-80t,1# OCP-80T,LOAD-TERM-HI,48187055AA,-,638.72,127.74,5,120,2,120,0,45,0,408.72,0,0,30,35,17616,80,0,,2026-06-27T00:00:00.000Z,,excel-seed
seed-1-ocp-80t-76,,,2026-03-20,白,,,1-ocp-80t,1# OCP-80T,CG BASE,1185509,-,5966.19,1193.24,5,50,1,410,0,175,0,5306.19,0,0,75,0,1584,0,0,,2026-06-27T00:00:00.000Z,,excel-seed
seed-1-ocp-80t-77,,,2026-03-20,白,,,1-ocp-80t,1# OCP-80T,CG BASE,1185509,-,7960.35,1592.07,5,50,1,580,0,15,0,7300.35,0,0,65,0,2304,0,0,,2026-06-27T00:00:00.000Z,,excel-seed
seed-1-ocp-80t-78,,,2026-03-21,白,,,1-ocp-80t,1# OCP-80T,CG BASE,1185509,-,5423.89,1084.78,5,50,1,490,0,95,0,4763.89,0,0,75,0,2520,0,0,,2026-06-27T00:00:00.000Z,,excel-seed
seed-1-ocp-80t-79,,,2026-03-21,白,,,1-ocp-80t,1# OCP-80T,CG BASE,1185509,-,4465.11,893.02,5,50,1,255,0,35,0,4105.11,0,0,20,50,792,0,0,,2026-06-27T00:00:00.000Z,,excel-seed
seed-1-ocp-80t-80,,,2026-03-23,白,,,1-ocp-80t,1# OCP-80T,Arc Stack Top,48187104AA,-,1461.52,292.3,5,100,4,420,80,50,0,821.52,0,0,90,0,130880,520,0,,2026-06-27T00:00:00.000Z,,excel-seed
seed-1-ocp-80t-81,,,2026-03-24,白,,,1-ocp-80t,1# OCP-80T,Arc Stack Top,48187104AA,-,1456.88,291.38,5,100,4,515,0,70,60,676.88,15,0,90,30,179560,64,0,,2026-06-27T00:00:00.000Z,,excel-seed
seed-1-ocp-80t-82,,,2026-03-24,夜,,,1-ocp-80t,1# OCP-80T,Arc Stack Top,48187104AA,-,595.39,119.08,5,100,4,255,0,0,0,330.39,0,0,10,0,78724,0,0,,2026-06-27T00:00:00.000Z,,excel-seed
seed-1-ocp-80t-83,,,2026-03-25,白,,,1-ocp-80t,1# OCP-80T,Arc Stack Top,48187104AA,-,594.25,118.85,5,100,4,65,55,35,0,419.25,0,0,20,0,15504,20,0,,2026-06-27T00:00:00.000Z,,excel-seed
seed-1-ocp-80t-84,,,2026-03-25,白,,,1-ocp-80t,1# OCP-80T,High Arc Plate,48187053AA,-,140,28,5,100,3,25,0,50,0,0,15,0,50,0,0,120,0,,2026-06-27T00:00:00.000Z,,excel-seed
seed-1-ocp-80t-85,,,2026-03-25,白,,,1-ocp-80t,1# OCP-80T,CG BASE,1185509,-,6515.42,1303.08,5,50,1,540,0,55,0,5855.42,0,0,65,0,2490,0,0,,2026-06-27T00:00:00.000Z,,excel-seed
seed-1-ocp-80t-86,,,2026-03-26,白,,,1-ocp-80t,1# OCP-80T,CG BASE,1185509,-,4281.85,856.37,5,50,1,350,15,0,0,3861.85,0,0,55,0,1654,2,0,,2026-06-27T00:00:00.000Z,,excel-seed
seed-1-ocp-80t-87,,,2026-03-28,白,,,1-ocp-80t,1# OCP-80T,High Arc Plate,48187053AA,-,682.1,136.42,5,100,3,225,0,55,0,347.1,0,0,55,0,60285,150,0,,2026-06-27T00:00:00.000Z,,excel-seed
seed-1-ocp-80t-88,,,2026-03-29,白,,,1-ocp-80t,1# OCP-80T,High Arc Plate,48187053AA,-,1320.04,264.01,5,100,3,410,0,180,0,660.04,15,0,55,0,79200,60,0,,2026-06-27T00:00:00.000Z,,excel-seed
seed-1-ocp-80t-89,,,2026-03-30,白,,,1-ocp-80t,1# OCP-80T,High Arc Plate,48187053AA,-,1082.93,216.59,5,100,3,290,0,20,0,697.93,15,0,60,0,72300,150,0,,2026-06-27T00:00:00.000Z,,excel-seed
seed-1-ocp-80t-90,,,2026-03-30,夜,,,1-ocp-80t,1# OCP-80T,High Arc Plate,48187053AA,-,433.36,86.67,5,100,3,85,0,35,35,213.36,0,0,65,0,66930,135,0,,2026-06-27T00:00:00.000Z,,excel-seed
seed-1-ocp-80t-91,,,2026-03-31,白,,,1-ocp-80t,1# OCP-80T,High Arc Plate,48187053AA,-,1213.71,242.74,5,100,3,25,0,105,0,1033.71,0,0,50,0,3664,30,0,,2026-06-27T00:00:00.000Z,,excel-seed
seed-1-ocp-80t-92,,,2026-03-31,白,,,1-ocp-80t,1# OCP-80T,CG BASE,1185509,-,5349.33,1069.87,5,50,1,365,0,80,0,4869.33,0,0,35,0,1368,0,0,,2026-06-27T00:00:00.000Z,,excel-seed
seed-1-ocp-80t-93,,,2026-04-01,白,,,1-ocp-80t,1# OCP-80T,High Arc Plate,48187053AA,-,1670.54,334.11,5,100,3,155,65,60,0,1345.54,0,0,45,0,19180,20,0,,2026-06-27T00:00:00.000Z,,excel-seed
seed-1-ocp-80t-94,,,2026-04-01,夜,,,1-ocp-80t,1# OCP-80T,High Arc Plate,48187053AA,-,1256.83,251.37,5,100,3,305,0,75,0,811.83,0,0,65,0,58608,60,0,,2026-06-27T00:00:00.000Z,,excel-seed
seed-1-ocp-80t-95,,,2026-04-02,白,,,1-ocp-80t,1# OCP-80T,High Arc Plate,48187053AA,-,1209.76,241.95,5,100,3,240,0,25,330,549.76,15,0,50,0,76615,200,0,,2026-06-27T00:00:00.000Z,,excel-seed
seed-1-ocp-80t-96,,,2026-04-02,夜,,,1-ocp-80t,1# OCP-80T,Medium Arc Platel,48187097AA,-,1335.63,267.13,5,110,3,90,115,35,0,1075.63,0,0,20,0,11735,100,0,,2026-06-27T00:00:00.000Z,,excel-seed
seed-1-ocp-80t-97,,,2026-04-03,白,,,1-ocp-80t,1# OCP-80T,Medium Arc Platel,48187097AA,-,1215.03,243.01,5,110,3,265,0,55,0,825.03,10,0,60,0,57768,120,0,,2026-06-27T00:00:00.000Z,,excel-seed
seed-1-ocp-80t-98,,,2026-04-04,白,,,1-ocp-80t,1# OCP-80T,Medium Arc Platel,48187097AA,-,1233.02,246.6,5,110,3,505,0,75,0,573.02,15,0,65,0,151230,60,0,,2026-06-27T00:00:00.000Z,,excel-seed
seed-1-ocp-80t-99,,,2026-04-04,夜,,,1-ocp-80t,1# OCP-80T,Medium Arc Platel,48187097AA,-,1598.72,319.74,5,110,3,225,0,30,0,1323.72,0,0,20,0,24400,50,0,,2026-06-27T00:00:00.000Z,,excel-seed
seed-1-ocp-80t-100,,,2026-04-05,白,,,1-ocp-80t,1# OCP-80T,Medium Arc Platel,48187097AA,-,728.05,145.61,5,110,3,30,0,170,0,518.05,0,0,10,0,5733,60,0,,2026-06-27T00:00:00.000Z,,excel-seed
seed-1-ocp-80t-101,,,2026-04-06,白,,,1-ocp-80t,1# OCP-80T,Medium Arc Platel,48187097AA,-,999.11,199.82,5,110,3,170,0,55,0,689.11,0,0,85,0,42333,33,0,,2026-06-27T00:00:00.000Z,,excel-seed
seed-1-ocp-80t-102,,,2026-04-07,白,,,1-ocp-80t,1# OCP-80T,Medium Arc Platel,48187097AA,-,798.14,159.63,5,110,3,70,0,20,0,633.14,0,0,75,0,14229,39,0,,2026-06-27T00:00:00.000Z,,excel-seed
seed-1-ocp-80t-103,,,2026-04-08,白,,,1-ocp-80t,1# OCP-80T,Medium Arc Platel,48187097AA,-,999.82,199.96,5,110,3,305,0,60,0,509.82,20,0,105,0,97725,45,0,,2026-06-27T00:00:00.000Z,,excel-seed
seed-1-ocp-80t-104,,,2026-04-09,白,,,1-ocp-80t,1# OCP-80T,Medium Arc Platel,48187097AA,-,1002.3,200.46,5,110,3,395,0,65,0,397.3,50,0,95,0,164046,60,0,,2026-06-27T00:00:00.000Z,,excel-seed
seed-1-ocp-80t-105,,,2026-04-09,夜,,,1-ocp-80t,1# OCP-80T,Medium Arc Platel,48187097AA,-,907.84,181.57,5,110,3,150,0,35,0,657.84,0,0,65,0,42138,60,0,,2026-06-27T00:00:00.000Z,,excel-seed
seed-1-ocp-80t-106,,,2026-04-11,白,,,1-ocp-80t,1# OCP-80T,Magnet Loop,48187070AA,-,471.22,94.24,5,80,2,105,0,5,0,111.22,0,0,0,250,15860,40,0,,2026-06-27T00:00:00.000Z,,excel-seed
seed-1-ocp-80t-107,,,2026-04-17,白,,,1-ocp-80t,1# OCP-80T,Magnet Loop,48187070AA,-,1132.32,226.46,5,80,2,330,0,40,0,707.32,0,0,55,0,31352,120,0,,2026-06-27T00:00:00.000Z,,excel-seed
seed-1-ocp-80t-108,,,2026-04-20,白,,,1-ocp-80t,1# OCP-80T,Magnet Loop,48187070AA,-,1237.48,247.5,5,80,2,470,0,50,0,577.48,10,0,130,0,62506,120,0,,2026-06-27T00:00:00.000Z,,excel-seed
seed-1-ocp-80t-109,,,2026-04-21,白,,,1-ocp-80t,1# OCP-80T,Magnet Loop,48187070AA,-,1170.13,234.03,5,80,2,355,0,55,0,660.13,0,0,100,0,43452,50,0,,2026-06-27T00:00:00.000Z,,excel-seed
seed-1-ocp-80t-110,,,2026-04-22,白,,,1-ocp-80t,1# OCP-80T,Magnet Loop,48187070AA,-,1036.63,207.33,5,80,2,265,0,30,0,666.63,15,0,60,0,36254,20,0,,2026-06-27T00:00:00.000Z,,excel-seed
seed-1-ocp-80t-111,,,2026-04-23,白,,,1-ocp-80t,1# OCP-80T,Magnet Loop,48187070AA,-,90,18,5,80,2,25,0,0,0,0,0,0,65,0,0,426,0,,2026-06-27T00:00:00.000Z,,excel-seed
seed-1-ocp-80t-112,,,2026-04-24,白,,,1-ocp-80t,1# OCP-80T,Magnet Loop,48187070AA,-,1122.16,224.43,5,80,2,470,0,105,0,462.16,0,0,85,0,76476,300,0,,2026-06-27T00:00:00.000Z,,excel-seed
seed-1-ocp-80t-113,,,2026-04-24,夜,,,1-ocp-80t,1# OCP-80T,Magnet Loop,48187070AA,-,281.1,56.22,5,80,2,70,0,125,0,66.1,0,0,10,10,11860,32,0,,2026-06-27T00:00:00.000Z,,excel-seed
seed-1-ocp-80t-114,,,2026-04-25,白,,,1-ocp-80t,1# OCP-80T,Magnet Loop,48187070AA,-,1121.02,224.2,5,80,2,35,0,80,70,936.02,0,0,0,0,3470,510,0,,2026-06-27T00:00:00.000Z,,excel-seed
seed-1-ocp-80t-115,,,2026-04-25,夜,,,1-ocp-80t,1# OCP-80T,Magnet Loop,48187070AA,-,1131.28,226.26,5,80,2,395,0,10,0,701.28,0,0,25,0,40104,84,0,,2026-06-27T00:00:00.000Z,,excel-seed
seed-1-ocp-80t-116,,,2026-04-27,白,,,1-ocp-80t,1# OCP-80T,Magnet Loop,48187070AA,-,1141.6,228.32,5,80,2,380,0,100,0,566.6,25,0,70,0,52580,2020,0,,2026-06-27T00:00:00.000Z,,excel-seed
seed-1-ocp-80t-117,,,2026-04-27,夜,,,1-ocp-80t,1# OCP-80T,Magnet Loop,48187070AA,-,950.91,190.18,5,80,2,295,0,10,0,440.91,0,0,50,155,31580,20,0,,2026-06-27T00:00:00.000Z,,excel-seed
seed-1-ocp-80t-118,,,2026-04-28,白,,,1-ocp-80t,1# OCP-80T,Magnet Loop,48187070AA,-,716.73,143.35,5,80,2,155,0,70,0,416.73,0,0,75,0,30648,240,0,,2026-06-27T00:00:00.000Z,,excel-seed
seed-1-ocp-80t-119,,,2026-04-28,夜,,,1-ocp-80t,1# OCP-80T,Magnet Loop,48187070AA,-,374.35,74.87,5,80,2,145,0,25,0,154.35,0,0,20,30,24800,0,0,,2026-06-27T00:00:00.000Z,,excel-seed
seed-1-ocp-80t-120,,,2026-04-29,白,,,1-ocp-80t,1# OCP-80T,MIDDLE,48187096,-,879.93,175.99,5,100,2,85,60,165,0,489.93,0,0,80,0,14400,400,0,,2026-06-27T00:00:00.000Z,,excel-seed
seed-1-ocp-80t-121,,,2026-04-30,白,,,1-ocp-80t,1# OCP-80T,MIDDLE,48187096,-,701.67,140.33,5,100,2,105,0,100,0,406.67,0,0,90,0,24270,400,0,,2026-06-27T00:00:00.000Z,,excel-seed
seed-1-ocp-80t-122,,,2026-05-02,白,,,1-ocp-80t,1# OCP-80T,LOAD-TERM-HI,48187055AA,-,1488.01,297.6,5,120,2,290,0,30,0,1083.01,5,0,80,0,35346,700,0,,2026-06-27T00:00:00.000Z,,excel-seed
seed-1-ocp-80t-123,,,2026-05-04,白,,,1-ocp-80t,1# OCP-80T,LOAD-TERM-HI,48187055AA,-,1177.12,235.42,5,120,2,340,0,50,0,637.12,60,0,90,0,66600,60,0,,2026-06-27T00:00:00.000Z,,excel-seed
seed-1-ocp-80t-124,,,2026-05-04,夜,,,1-ocp-80t,1# OCP-80T,LOAD-TERM-HI,48187055AA,-,817.68,163.54,5,120,2,60,0,35,0,667.68,0,0,55,0,9166,10,0,,2026-06-27T00:00:00.000Z,,excel-seed
seed-1-ocp-80t-125,,,2026-05-05,白,,,1-ocp-80t,1# OCP-80T,LOAD-TERM-HI,48187055AA,-,75,15,5,120,2,25,0,10,0,0,0,0,40,0,0,260,0,,2026-06-27T00:00:00.000Z,,excel-seed
seed-1-ocp-80t-126,,,2026-05-06,白,,,1-ocp-80t,1# OCP-80T,MIDDLE,48187096,-,639.39,127.88,5,100,2,25,95,70,0,439.39,0,0,10,0,6600,600,0,,2026-06-27T00:00:00.000Z,,excel-seed
seed-1-ocp-80t-127,,,2026-05-06,夜,,,1-ocp-80t,1# OCP-80T,MIDDLE,48187096,-,970.97,194.19,5,100,2,240,0,0,0,660.97,0,0,70,0,42846,80,0,,2026-06-27T00:00:00.000Z,,excel-seed
seed-1-ocp-80t-128,,,2026-05-07,白,,,1-ocp-80t,1# OCP-80T,MIDDLE,48187096,-,925.89,185.18,5,100,2,165,0,75,0,575.89,30,0,80,0,28938,600,0,,2026-06-27T00:00:00.000Z,,excel-seed
seed-1-ocp-80t-129,,,2026-05-08,白,,,1-ocp-80t,1# OCP-80T,MIDDLE,48187096,-,589.04,117.81,5,100,2,140,0,50,0,359.04,0,0,40,0,44452,40,0,,2026-06-27T00:00:00.000Z,,excel-seed
seed-1-ocp-80t-130,,,2026-05-11,白,,,1-ocp-80t,1# OCP-80T,MIDDLE,48187096,-,1099.61,219.92,5,100,2,210,0,115,0,709.61,0,0,65,0,28410,40,0,,2026-06-27T00:00:00.000Z,,excel-seed
seed-1-ocp-80t-131,,,2026-05-11,夜,,,1-ocp-80t,1# OCP-80T,MIDDLE,48187096,-,1498.76,299.75,5,100,2,580,0,10,0,838.76,0,0,70,0,80214,200,0,,2026-06-27T00:00:00.000Z,,excel-seed
seed-1-ocp-80t-132,,,2026-05-12,白,,,1-ocp-80t,1# OCP-80T,Armature High Amp,48187063AA,-,630,126,5,100,2,70,80,230,0,210,0,0,40,0,10000,52,0,,2026-06-27T00:00:00.000Z,,excel-seed
seed-1-ocp-80t-133,,,2026-05-12,夜,,,1-ocp-80t,1# OCP-80T,Armature High Amp,48187063AA,-,1322.42,264.48,5,100,2,495,0,10,0,757.42,0,0,60,0,64700,60,0,,2026-06-27T00:00:00.000Z,,excel-seed
seed-1-ocp-80t-134,,,2026-05-13,白,,,1-ocp-80t,1# OCP-80T,Armature High Amp,48187063AA,-,1332.94,266.59,5,100,2,485,0,35,0,672.94,70,0,70,0,80000,20,0,,2026-06-27T00:00:00.000Z,,excel-seed
seed-1-ocp-80t-135,,,2026-05-14,白,,,1-ocp-80t,1# OCP-80T,Armature High Amp,48187063AA,-,1064.49,212.9,5,100,2,325,0,65,0,549.49,45,0,80,0,60920,30,0,,2026-06-27T00:00:00.000Z,,excel-seed
seed-1-ocp-80t-136,,,2026-05-14,夜,,,1-ocp-80t,1# OCP-80T,Armature High Amp,48187063AA,-,1209.11,241.82,5,100,2,370,0,115,0,579.11,15,0,65,65,53030,30,0,,2026-06-27T00:00:00.000Z,,excel-seed
seed-1-ocp-80t-137,,,2026-05-15,白,,,1-ocp-80t,1# OCP-80T,Armature High Amp,48187063AA,-,1049.92,209.98,5,100,2,285,0,125,0,534.92,15,0,90,0,47418,200,0,,2026-06-27T00:00:00.000Z,,excel-seed
seed-1-ocp-80t-138,,,2026-05-15,夜,,,1-ocp-80t,1# OCP-80T,Armature High Amp,48187063AA,-,964.58,192.92,5,100,2,420,0,5,0,484.58,0,0,20,35,72806,60,0,,2026-06-27T00:00:00.000Z,,excel-seed
seed-1-ocp-80t-139,,,2026-05-16,白,,,1-ocp-80t,1# OCP-80T,LOAD-TERM-HI,48187055AA,-,1952.78,390.56,5,120,2,165,60,150,0,1507.78,15,0,55,0,11950,50,0,,2026-06-27T00:00:00.000Z,,excel-seed
seed-1-ocp-80t-140,,,2026-05-16,夜,,,1-ocp-80t,1# OCP-80T,LOAD-TERM-HI,48187055AA,-,773.58,154.72,5,120,2,185,0,195,0,348.58,15,0,30,0,32480,40,0,,2026-06-27T00:00:00.000Z,,excel-seed
seed-1-ocp-80t-141,,,2026-05-18,白,,,1-ocp-80t,1# OCP-80T,LOAD-TERM-HI,48187055AA,-,352.13,70.43,5,120,2,115,15,45,0,162.13,0,0,10,5,22130,0,0,,2026-06-27T00:00:00.000Z,,excel-seed
seed-1-ocp-80t-142,,,2026-05-18,白,,,1-ocp-80t,1# OCP-80T,MIDDLE,48187096,-,697.28,139.46,5,100,2,40,20,45,25,447.28,60,0,60,0,5634,100,0,,2026-06-27T00:00:00.000Z,,excel-seed
seed-1-ocp-80t-143,,,2026-05-18,夜,,,1-ocp-80t,1# OCP-80T,MIDDLE,48187096,-,740.49,148.1,5,100,2,95,0,90,0,475.49,0,0,80,0,19580,200,0,,2026-06-27T00:00:00.000Z,,excel-seed
seed-1-ocp-80t-144,,,2026-05-19,白,,,1-ocp-80t,1# OCP-80T,MIDDLE,48187096,-,831.89,166.38,5,100,2,35,0,195,0,501.89,15,0,85,0,5300,64,0,,2026-06-27T00:00:00.000Z,,excel-seed
seed-1-ocp-80t-145,,,2026-05-20,白,,,1-ocp-80t,1# OCP-80T,MIDDLE,48187096,-,709.03,141.81,5,100,2,195,0,65,0,379.03,0,0,70,0,54020,60,0,,2026-06-27T00:00:00.000Z,,excel-seed
seed-1-ocp-80t-146,,,2026-05-20,夜,,,1-ocp-80t,1# OCP-80T,MIDDLE,48187096,-,225,45,5,100,2,25,0,130,0,0,0,0,70,0,0,1200,0,,2026-06-27T00:00:00.000Z,,excel-seed
seed-1-ocp-80t-147,,,2026-05-21,白,,,1-ocp-80t,1# OCP-80T,MIDDLE,48187096,-,966.4,193.28,5,100,2,290,0,115,0,501.4,0,0,60,0,42800,116,0,,2026-06-27T00:00:00.000Z,,excel-seed
seed-1-ocp-80t-148,,,2026-05-21,夜,,,1-ocp-80t,1# OCP-80T,MIDDLE,48187096,-,1278.47,255.69,5,100,2,420,0,35,0,748.47,0,0,75,0,61726,100,0,,2026-06-27T00:00:00.000Z,,excel-seed
seed-1-ocp-80t-149,,,2026-05-22,白,,,1-ocp-80t,1# OCP-80T,MIDDLE,48187096,-,922.55,184.51,5,100,2,30,0,105,0,707.55,0,0,80,0,4028,200,0,,2026-06-27T00:00:00.000Z,,excel-seed
seed-1-ocp-80t-150,,,2026-05-23,白,,,1-ocp-80t,1# OCP-80T,MIDDLE,48187096,-,809.64,161.93,5,100,2,170,0,175,0,384.64,0,0,80,0,35800,100,0,,2026-06-27T00:00:00.000Z,,excel-seed
seed-1-ocp-80t-151,,,2026-05-23,夜,,,1-ocp-80t,1# OCP-80T,MIDDLE,48187096,-,820.77,164.15,5,100,2,330,0,85,0,370.77,0,0,35,0,64082,100,0,,2026-06-27T00:00:00.000Z,,excel-seed
seed-1-ocp-80t-152,,,2026-05-24,白,,,1-ocp-80t,1# OCP-80T,MIDDLE,48187096,-,1141.62,228.32,5,100,2,265,0,115,0,691.62,0,0,70,0,36400,40,0,,2026-06-27T00:00:00.000Z,,excel-seed
seed-1-ocp-80t-153,,,2026-05-24,夜,,,1-ocp-80t,1# OCP-80T,MIDDLE,48187096,-,215,43,5,100,2,25,0,135,0,0,0,0,55,0,0,280,0,,2026-06-27T00:00:00.000Z,,excel-seed
seed-1-ocp-80t-154,,,2026-05-25,白,,,1-ocp-80t,1# OCP-80T,MIDDLE,48187096,-,1309.13,261.83,5,100,2,530,0,50,0,649.13,0,0,80,0,86546,80,0,,2026-06-27T00:00:00.000Z,,excel-seed
seed-1-ocp-80t-155,,,2026-05-25,夜,,,1-ocp-80t,1# OCP-80T,MIDDLE,48187096,-,908.46,181.69,5,100,2,170,0,15,0,648.46,0,0,75,0,29886,60,0,,2026-06-27T00:00:00.000Z,,excel-seed
seed-1-ocp-80t-156,,,2026-05-26,白,,,1-ocp-80t,1# OCP-80T,MIDDLE,48187096,-,1026.46,205.29,5,100,2,185,0,90,0,656.46,15,0,80,0,27618,120,0,,2026-06-27T00:00:00.000Z,,excel-seed
seed-1-ocp-80t-157,,,2026-05-26,夜,,,1-ocp-80t,1# OCP-80T,MIDDLE,48187096,-,125,25,5,100,2,25,0,55,0,0,0,0,45,0,0,1186,0,,2026-06-27T00:00:00.000Z,,excel-seed
seed-1-ocp-80t-158,,,2026-05-27,白,,,1-ocp-80t,1# OCP-80T,MIDDLE,48187096,-,1037.13,207.43,5,100,2,315,0,65,0,577.13,0,0,80,0,56218,140,0,,2026-06-27T00:00:00.000Z,,excel-seed
seed-1-ocp-80t-159,,,2026-05-27,夜,,,1-ocp-80t,1# OCP-80T,MIDDLE,48187096,-,887.55,177.51,5,100,2,335,0,40,0,442.55,0,0,65,5,62072,40,0,,2026-06-27T00:00:00.000Z,,excel-seed
seed-1-ocp-80t-160,,,2026-05-28,白,,,1-ocp-80t,1# OCP-80T,Magnet Loop,48187070AA,-,1165.04,233.01,5,80,2,305,0,155,0,625.04,0,0,80,0,33182,100,0,,2026-06-27T00:00:00.000Z,,excel-seed
seed-1-ocp-80t-161,,,2026-05-28,夜,,,1-ocp-80t,1# OCP-80T,Magnet Loop,48187070AA,-,971.71,194.34,5,80,2,355,0,85,0,471.71,0,0,60,0,54788,200,0,,2026-06-27T00:00:00.000Z,,excel-seed
seed-1-ocp-80t-162,,,2026-05-29,白,,,1-ocp-80t,1# OCP-80T,Magnet Loop,48187070AA,-,1089.25,217.85,5,80,2,95,0,15,55,849.25,0,0,75,0,10202,120,0,,2026-06-27T00:00:00.000Z,,excel-seed
seed-1-ocp-80t-163,,,2026-05-29,夜,,,1-ocp-80t,1# OCP-80T,Magnet Loop,48187070AA,-,831.89,166.38,5,80,2,110,0,65,0,586.89,0,0,70,0,15744,160,0,,2026-06-27T00:00:00.000Z,,excel-seed
seed-1-ocp-80t-164,,,2026-05-30,白,,,1-ocp-80t,1# OCP-80T,Magnet Loop,48187070AA,-,1258.77,251.75,5,80,2,350,30,5,0,793.77,0,0,80,0,40566,80,0,,2026-06-27T00:00:00.000Z,,excel-seed
seed-1-ocp-80t-165,,,2026-05-30,夜,,,1-ocp-80t,1# OCP-80T,Magnet Loop,48187070AA,-,588.25,117.65,5,80,2,165,0,60,0,338.25,15,0,10,0,32000,316,0,,2026-06-27T00:00:00.000Z,,excel-seed
seed-1-ocp-80t-166,,,2026-05-31,白,,,1-ocp-80t,1# OCP-80T,Magnet Loop,48187070AA,-,1227.58,245.52,5,80,2,240,0,65,0,852.58,0,0,70,0,23646,40,0,,2026-06-27T00:00:00.000Z,,excel-seed
seed-1-ocp-80t-167,,,2026-06-01,白,,,1-ocp-80t,1# OCP-80T,Magnet Loop,48187070AA,-,978.31,195.66,5,80,2,225,0,135,0,528.31,15,0,75,0,30664,360,0,,2026-06-27T00:00:00.000Z,,excel-seed
seed-1-ocp-80t-168,,,2026-06-01,夜,,,1-ocp-80t,1# OCP-80T,Magnet Loop,48187070AA,-,1323.53,264.71,5,80,2,340,0,60,0,858.53,0,0,65,0,33900,40,0,,2026-06-27T00:00:00.000Z,,excel-seed
seed-1-ocp-80t-169,,,2026-06-02,白,,,1-ocp-80t,1# OCP-80T,Magnet Loop,48187070AA,-,863.61,172.72,5,80,2,190,0,215,0,368.61,10,0,80,0,30102,200,0,,2026-06-27T00:00:00.000Z,,excel-seed
seed-1-ocp-80t-170,,,2026-06-02,夜,,,1-ocp-80t,1# OCP-80T,Magnet Loop,48187070AA,-,1461.97,292.39,5,80,2,430,0,70,0,831.97,0,0,65,65,38040,40,0,,2026-06-27T00:00:00.000Z,,excel-seed
seed-1-ocp-80t-171,,,2026-06-03,白,,,1-ocp-80t,1# OCP-80T,Magnet Loop,48187070AA,-,962.16,192.43,5,80,2,110,0,130,85,637.16,0,0,0,0,14640,360,0,,2026-06-27T00:00:00.000Z,,excel-seed
seed-1-ocp-80t-172,,,2026-06-03,夜,,,1-ocp-80t,1# OCP-80T,LOAD-TERM-HI,48187055AA,-,1350.91,270.18,5,120,2,355,135,70,0,710.91,10,0,70,0,62320,60,0,,2026-06-27T00:00:00.000Z,,excel-seed
seed-1-ocp-80t-173,,,2026-06-04,白,,,1-ocp-80t,1# OCP-80T,LOAD-TERM-HI,48187055AA,-,160,32,5,120,2,25,0,85,0,0,0,0,50,0,0,1356,0,,2026-06-27T00:00:00.000Z,,excel-seed
seed-1-ocp-80t-174,,,2026-06-04,夜,,,1-ocp-80t,1# OCP-80T,LOAD-TERM-HI,48187055AA,-,1501.82,300.36,5,120,2,280,0,30,0,1106.82,15,0,70,0,34000,280,0,,2026-06-27T00:00:00.000Z,,excel-seed
seed-1-ocp-80t-175,,,2026-06-05,白,,,1-ocp-80t,1# OCP-80T,LOAD-TERM-HI,48187055AA,-,1106.94,221.39,5,120,2,155,0,60,0,836.94,0,0,55,0,24224,2514,0,,2026-06-27T00:00:00.000Z,,excel-seed
seed-1-ocp-80t-176,,,2026-06-05,夜,,,1-ocp-80t,1# OCP-80T,LOAD-TERM-HI,48187055AA,-,1497.1,299.42,5,120,2,405,0,45,0,937.1,40,0,70,0,56530,80,0,,2026-06-27T00:00:00.000Z,,excel-seed
seed-1-ocp-80t-177,,,2026-06-08,白,,,1-ocp-80t,1# OCP-80T,High Arc Plate,48187053AA,-,1281.11,256.22,5,100,3,205,105,55,60,756.11,20,0,80,0,42702,60,0,,2026-06-27T00:00:00.000Z,,excel-seed
seed-1-ocp-80t-178,,,2026-06-09,白,,,1-ocp-80t,1# OCP-80T,High Arc Plate,48187053AA,-,754.47,150.89,5,100,3,280,0,30,30,334.47,40,0,35,5,87899,100,0,,2026-06-27T00:00:00.000Z,,excel-seed
seed-1-ocp-80t-179,,,2026-06-09,白,,,1-ocp-80t,1# OCP-80T,Medium Arc Platel,48187097AA,-,410.72,82.14,5,110,3,115,40,50,0,160.72,0,0,45,0,36600,30,0,,2026-06-27T00:00:00.000Z,,excel-seed
seed-1-ocp-80t-180,,,2026-06-09,夜,,,1-ocp-80t,1# OCP-80T,Medium Arc Platel,48187097AA,-,1150.54,230.11,5,110,3,300,0,35,0,715.54,30,0,70,0,76788,60,0,,2026-06-27T00:00:00.000Z,,excel-seed
seed-1-ocp-80t-181,,,2026-06-10,白,,,1-ocp-80t,1# OCP-80T,Medium Arc Platel,48187097AA,-,761.37,152.27,5,110,3,135,0,50,0,486.37,0,0,90,0,47630,130,0,,2026-06-27T00:00:00.000Z,,excel-seed
seed-1-ocp-80t-182,,,2026-06-10,夜,,,1-ocp-80t,1# OCP-80T,Medium Arc Platel,48187097AA,-,1026.73,205.35,5,110,3,250,0,235,0,446.73,25,0,70,0,65560,80,0,,2026-06-27T00:00:00.000Z,,excel-seed
seed-1-ocp-80t-183,,,2026-06-11,白,,,1-ocp-80t,1# OCP-80T,Medium Arc Platel,48187097AA,-,1060.97,212.19,5,110,3,445,0,55,0,515.97,0,0,45,0,126651,60,0,,2026-06-27T00:00:00.000Z,,excel-seed
seed-1-ocp-80t-184,,,2026-06-12,白,,,1-ocp-80t,1# OCP-80T,LOAD-TERM-HI,48187055AA,-,1159.04,231.81,5,120,2,220,180,75,0,584.04,15,0,85,0,45202,100,0,,2026-06-27T00:00:00.000Z,,excel-seed
seed-1-ocp-80t-185,,,2026-06-12,夜,,,1-ocp-80t,1# OCP-80T,LOAD-TERM-HI,48187055AA,-,1390.62,278.12,5,120,2,505,0,40,0,730.62,45,0,70,0,91238,40,0,,2026-06-27T00:00:00.000Z,,excel-seed
seed-1-ocp-80t-186,,,2026-06-13,白,,,1-ocp-80t,1# OCP-80T,LOAD-TERM-HI,48187055AA,-,768.33,153.67,5,120,2,230,0,65,0,343.33,10,0,45,75,47430,60,0,,2026-06-27T00:00:00.000Z,,excel-seed
seed-1-ocp-80t-187,,,2026-06-13,夜,,,1-ocp-80t,1# OCP-80T,Arc Stack Plate,48187199AA,-,1326.31,265.26,5,100,3,395,105,25,0,716.31,15,0,70,0,93468,120,0,,2026-06-27T00:00:00.000Z,,excel-seed
seed-1-ocp-80t-188,,,2026-06-15,白,,,1-ocp-80t,1# OCP-80T,Arc Stack Plate,48187199AA,-,18096.22,3619.24,5,100,3,270,0,45,15,17681.22,0,0,85,0,2428,90,0,,2026-06-27T00:00:00.000Z,,excel-seed
seed-1-ocp-80t-189,,,2026-06-15,夜,,,1-ocp-80t,1# OCP-80T,Arc Stack Plate,48187199AA,-,1256.15,251.23,5,100,3,90,0,75,0,976.15,0,0,65,50,13000,50,0,,2026-06-27T00:00:00.000Z,,excel-seed
seed-1-ocp-80t-190,,,2026-06-16,白,,,1-ocp-80t,1# OCP-80T,High Arc Plate,48187053AA,-,140,28,5,100,3,25,5,75,0,0,15,0,20,0,0,318,0,,2026-06-27T00:00:00.000Z,,excel-seed
seed-1-ocp-80t-191,,,2026-06-17,白,,,1-ocp-80t,1# OCP-80T,High Arc Plate,48187053AA,-,1212.03,242.41,5,100,3,470,0,60,0,582.03,0,0,100,0,121127,160,0,,2026-06-27T00:00:00.000Z,,excel-seed
seed-1-ocp-80t-192,,,2026-06-17,夜,,,1-ocp-80t,1# OCP-80T,High Arc Plate,48187053AA,-,1050.04,210.01,5,100,3,295,0,105,0,565.04,15,0,70,0,75964,80,0,,2026-06-27T00:00:00.000Z,,excel-seed
seed-1-ocp-80t-193,,,2026-06-18,白,,,1-ocp-80t,1# OCP-80T,High Arc Plate,48187053AA,-,1178.82,235.76,5,100,3,500,0,45,0,518.82,15,0,100,0,148895,130,0,,2026-06-27T00:00:00.000Z,,excel-seed
seed-1-ocp-80t-194,,,2026-06-19,白,,,1-ocp-80t,1# OCP-80T,High Arc Plate,48187053AA,-,1362.93,272.59,5,100,3,540,0,30,0,702.93,15,0,75,0,127908,90,0,,2026-06-27T00:00:00.000Z,,excel-seed
seed-1-ocp-80t-195,,,2026-06-19,夜,,,1-ocp-80t,1# OCP-80T,High Arc Plate,48187053AA,-,208.4,41.68,5,100,3,25,0,115,0,48.4,0,0,15,5,37965,60,0,,2026-06-27T00:00:00.000Z,,excel-seed
seed-1-ocp-80t-196,,,2026-06-20,白,,,1-ocp-80t,1# OCP-80T,MIDDLE,48187096,-,1056.01,211.2,5,100,2,360,0,75,0,541.01,0,0,80,0,67208,80,0,,2026-06-27T00:00:00.000Z,,excel-seed
seed-1-ocp-80t-197,,,2026-06-20,夜,,,1-ocp-80t,1# OCP-80T,MIDDLE,48187096,-,945.26,189.05,5,100,2,220,0,70,0,585.26,0,0,70,0,39094,400,0,,2026-06-27T00:00:00.000Z,,excel-seed
seed-1-ocp-80t-198,,,2026-06-21,白,,,1-ocp-80t,1# OCP-80T,MIDDLE,48187096,-,1164.98,233,5,100,2,405,0,100,0,579.98,15,0,65,0,69132,280,0,,2026-06-27T00:00:00.000Z,,excel-seed
seed-1-ocp-80t-199,,,2026-06-21,夜,,,1-ocp-80t,1# OCP-80T,MIDDLE,48187096,-,1300.44,260.09,5,100,2,520,0,30,0,680.44,0,0,70,0,85592,60,0,,2026-06-27T00:00:00.000Z,,excel-seed
seed-1-ocp-80t-200,,,2026-06-22,白,,,1-ocp-80t,1# OCP-80T,MIDDLE,48187096,-,313.7,62.74,5,100,2,40,0,15,0,193.7,0,0,15,50,1652,0,0,,2026-06-27T00:00:00.000Z,,excel-seed
seed-1-ocp-80t-201,,,2026-06-22,夜,,,1-ocp-80t,1# OCP-80T,Medium Arc Platel,48187097AA,-,1254.42,250.88,5,110,3,305,240,40,0,594.42,0,0,75,0,92282,40,0,,2026-06-27T00:00:00.000Z,,excel-seed
seed-1-ocp-80t-202,,,2026-06-23,白,,,1-ocp-80t,1# OCP-80T,Medium Arc Platel,48187097AA,-,1060.88,212.18,5,110,3,410,0,130,0,410.88,30,0,80,0,148181,130,0,,2026-06-27T00:00:00.000Z,,excel-seed
seed-1-ocp-80t-203,,,2026-06-23,夜,,,1-ocp-80t,1# OCP-80T,Medium Arc Platel,48187097AA,-,762.15,152.43,5,110,3,95,0,45,0,552.15,0,0,70,0,30944,100,0,,2026-06-27T00:00:00.000Z,,excel-seed
seed-1-ocp-80t-204,,,2026-06-24,白,,,1-ocp-80t,1# OCP-80T,Medium Arc Platel,48187097AA,-,1143.1,228.62,5,110,3,385,0,100,0,558.1,25,0,75,0,110409,36,0,,2026-06-27T00:00:00.000Z,,excel-seed
seed-1-ocp-80t-205,,,2026-06-24,夜,,,1-ocp-80t,1# OCP-80T,Medium Arc Platel,48187097AA,-,1139.72,227.94,5,110,3,405,0,60,0,594.72,10,0,70,0,119106,60,0,,2026-06-27T00:00:00.000Z,,excel-seed
seed-1-ocp-80t-206,,,2026-06-25,白,,,1-ocp-80t,1# OCP-80T,Medium Arc Platel,48187097AA,-,752.57,150.51,5,110,3,155,0,110,0,402.57,5,0,80,0,59718,285,0,,2026-06-27T00:00:00.000Z,,excel-seed
seed-1-ocp-80t-207,,,2026-06-25,夜,,,1-ocp-80t,1# OCP-80T,Medium Arc Platel,48187097AA,-,916.92,183.38,5,110,3,75,0,45,0,726.92,0,0,70,0,18556,200,0,,2026-06-27T00:00:00.000Z,,excel-seed
seed-1-ocp-80t-208,,,2026-06-26,白,,,1-ocp-80t,1# OCP-80T,Medium Arc Platel,48187097AA,-,477.41,95.48,5,110,3,190,5,35,0,202.41,20,0,20,5,66600,60,0,,2026-06-27T00:00:00.000Z,,excel-seed
seed-2-mhs-80t-1,,,2026-01-05,白,,,2-mhs-80t,2# MHS-80T,ARC PLATE  (14),51207117,-,1187.08,237.42,5,200,14,460,0,75,0,527.08,15,0,110,0,1160740,1260,0,,2026-06-27T00:00:00.000Z,,excel-seed
seed-2-mhs-80t-2,,,2026-01-06,白,,,2-mhs-80t,2# MHS-80T,ARC PLATE  (14),51207117,-,1314.4,262.88,5,200,14,540,0,25,0,654.4,20,0,75,0,1293884,640,0,,2026-06-27T00:00:00.000Z,,excel-seed
seed-2-mhs-80t-3,,,2026-01-07,白,,,2-mhs-80t,2# MHS-80T,ARC PLATE  (14),51207117,-,1303.59,260.72,5,200,14,505,0,40,0,643.59,60,0,55,0,1241332,300,0,,2026-06-27T00:00:00.000Z,,excel-seed
seed-2-mhs-80t-4,,,2026-01-08,白,,,2-mhs-80t,2# MHS-80T,ARC PLATE  (14),51207117,-,1300.08,260.02,5,200,14,545,0,35,0,640.08,20,0,60,0,1347000,220,0,,2026-06-27T00:00:00.000Z,,excel-seed
seed-2-mhs-80t-5,,,2026-01-08,夜,,,2-mhs-80t,2# MHS-80T,ARC PLATE  (14),51207117,-,1334.17,266.83,5,200,14,545,0,20,0,674.17,50,0,45,0,1346802,250,0,,2026-06-27T00:00:00.000Z,,excel-seed
seed-2-mhs-80t-6,,,2026-01-09,白,,,2-mhs-80t,2# MHS-80T,ARC PLATE  (14),51207117,-,1305.73,261.15,5,200,14,530,0,50,0,645.73,20,0,60,0,1264000,592,0,,2026-06-27T00:00:00.000Z,,excel-seed
seed-2-mhs-80t-7,,,2026-01-09,夜,,,2-mhs-80t,2# MHS-80T,ARC PLATE  (14),51207117,-,946.37,189.27,5,200,14,115,0,10,0,386.37,0,0,45,390,179179,49,0,,2026-06-27T00:00:00.000Z,,excel-seed
seed-2-mhs-80t-8,,,2026-01-10,夜,,,2-mhs-80t,2# MHS-80T,ARC PLATE  (14),51207117,-,1781.51,356.3,5,200,14,535,0,30,95,1001.51,65,0,55,0,1039542,280,0,,2026-06-27T00:00:00.000Z,,excel-seed
seed-2-mhs-80t-9,,,2026-01-12,白,,,2-mhs-80t,2# MHS-80T,ARC PLATE  (14),51207117,-,1472.67,294.53,5,200,14,335,0,55,0,1012.67,20,0,50,0,629860,140,0,,2026-06-27T00:00:00.000Z,,excel-seed
seed-2-mhs-80t-10,,,2026-01-13,白,,,2-mhs-80t,2# MHS-80T,ARC PLATE  (14),51207117,-,1692.21,338.44,5,200,14,455,0,40,0,1117.21,20,0,60,0,775432,840,0,,2026-06-27T00:00:00.000Z,,excel-seed
seed-2-mhs-80t-11,,,2026-01-14,白,,,2-mhs-80t,2# MHS-80T,ARC PLATE  (14),51207117,-,1295.73,259.15,5,200,14,385,0,30,0,515.73,20,0,55,290,846540,600,0,,2026-06-27T00:00:00.000Z,,excel-seed
seed-2-mhs-80t-12,,,2026-01-15,白,,,2-mhs-80t,2# MHS-80T,ARC PLATE  (14),51207117,-,1307.2,261.44,5,200,14,505,0,65,0,647.2,35,0,55,0,1179788,650,0,,2026-06-27T00:00:00.000Z,,excel-seed
seed-2-mhs-80t-13,,,2026-01-16,白,,,2-mhs-80t,2# MHS-80T,Input Connector,51207042AA,-,1241.55,248.31,5,150,2,365,40,155,0,521.55,10,0,60,90,99726,100,0,,2026-06-27T00:00:00.000Z,,excel-seed
seed-2-mhs-80t-14,,,2026-01-17,白,,,2-mhs-80t,2# MHS-80T,Input Connector,51207042AA,-,1451.82,290.36,5,150,2,495,0,75,0,811.82,15,0,55,0,118900,100,0,,2026-06-27T00:00:00.000Z,,excel-seed
seed-2-mhs-80t-15,,,2026-01-19,白,,,2-mhs-80t,2# MHS-80T,Input Connector,51207042AA,-,1225.71,245.14,5,150,2,170,0,90,0,900.71,5,0,60,0,35672,20,0,,2026-06-27T00:00:00.000Z,,excel-seed
seed-2-mhs-80t-16,,,2026-01-20,白,,,2-mhs-80t,2# MHS-80T,Output Connector Steel,S1B13952,-,1215.48,243.1,5,100,2,335,30,120,40,445.48,0,0,45,200,62416,200,0,,2026-06-27T00:00:00.000Z,,excel-seed
seed-2-mhs-80t-17,,,2026-01-21,白,,,2-mhs-80t,2# MHS-80T,Output Connector Steel,S1B13952,-,430.42,86.08,5,100,2,175,0,25,0,190.42,0,0,15,25,32166,0,0,,2026-06-27T00:00:00.000Z,,excel-seed
seed-2-mhs-80t-18,,,2026-01-22,夜,,,2-mhs-80t,2# MHS-80T,ARC PLATE GV2,W113893530111,-,921.03,184.21,5,120,8,175,25,15,0,666.03,0,0,40,0,87023,49,0,,2026-06-27T00:00:00.000Z,,excel-seed
seed-2-mhs-80t-19,,,2026-01-23,白,,,2-mhs-80t,2# MHS-80T,ARC PLATE GV2,W113893530111,-,891.47,178.29,5,120,8,60,0,105,0,676.47,0,0,50,0,43000,704,0,,2026-06-27T00:00:00.000Z,,excel-seed
seed-2-mhs-80t-20,,,2026-01-26,白,,,2-mhs-80t,2# MHS-80T,ARC PLATE  (14),51207117,-,1044.56,208.91,5,200,14,270,60,60,0,384.56,15,0,45,210,678225,159,0,,2026-06-27T00:00:00.000Z,,excel-seed
seed-2-mhs-80t-21,,,2026-01-26,夜,,,2-mhs-80t,2# MHS-80T,ARC PLATE  (14),51207117,-,1158.61,231.72,5,200,14,415,0,15,0,618.61,30,0,45,35,835896,0,0,,2026-06-27T00:00:00.000Z,,excel-seed
seed-2-mhs-80t-22,,,2026-01-27,白,,,2-mhs-80t,2# MHS-80T,ARC PLATE  (14),51207117,-,1705.3,341.06,5,200,14,615,0,30,0,925.3,80,0,55,0,1293404,840,0,,2026-06-27T00:00:00.000Z,,excel-seed
seed-2-mhs-80t-23,,,2026-01-28,白,,,2-mhs-80t,2# MHS-80T,ARC PLATE  (14),51207117,-,1193.51,238.7,5,200,14,400,0,25,0,533.51,30,0,65,140,902706,840,0,,2026-06-27T00:00:00.000Z,,excel-seed
seed-2-mhs-80t-24,,,2026-01-29,夜,,,2-mhs-80t,2# MHS-80T,ARC PLATE  (14),51207117,-,1840.59,368.12,5,200,14,510,0,20,0,1180.59,40,0,50,40,665262,200,0,,2026-06-27T00:00:00.000Z,,excel-seed
seed-2-mhs-80t-25,,,2026-01-30,白,,,2-mhs-80t,2# MHS-80T,ARC PLATE  (14),51207117,-,515.74,103.15,5,200,14,180,0,25,0,275.74,15,0,15,5,356421,89,0,,2026-06-27T00:00:00.000Z,,excel-seed
seed-2-mhs-80t-26,,,2026-01-31,夜,,,2-mhs-80t,2# MHS-80T,ARC PLATE  (14),51207117,-,1134.71,226.94,5,200,14,305,0,105,0,654.71,25,0,45,0,430450,120,0,,2026-06-27T00:00:00.000Z,,excel-seed
seed-2-mhs-80t-27,,,2026-02-02,白,,,2-mhs-80t,2# MHS-80T,ARC PLATE  (14),51207117,-,1314.06,262.81,5,200,14,430,0,90,45,654.06,15,0,80,0,902000,300,0,,2026-06-27T00:00:00.000Z,,excel-seed
seed-2-mhs-80t-28,,,2026-02-03,白,,,2-mhs-80t,2# MHS-80T,ARC PLATE  (14),51207117,-,1567.67,313.53,5,200,14,560,0,20,0,907.67,30,0,50,0,1019230,250,0,,2026-06-27T00:00:00.000Z,,excel-seed
seed-2-mhs-80t-29,,,2026-02-03,夜,,,2-mhs-80t,2# MHS-80T,ARC PLATE  (14),51207117,-,925.02,185,5,200,14,350,0,20,0,445.02,25,0,10,75,825812,300,0,,2026-06-27T00:00:00.000Z,,excel-seed
seed-2-mhs-80t-30,,,2026-02-05,白,,,2-mhs-80t,2# MHS-80T,ARC PLATE  (14),51207117,-,859.99,172,5,200,14,145,0,45,0,199.99,15,0,55,400,324814,112,0,,2026-06-27T00:00:00.000Z,,excel-seed
seed-2-mhs-80t-31,,,2026-02-06,白,,,2-mhs-80t,2# MHS-80T,ARC PLATE  (14),51207117,-,1204.68,240.94,5,200,14,420,0,45,0,544.68,30,0,70,95,971576,150,0,,2026-06-27T00:00:00.000Z,,excel-seed
seed-2-mhs-80t-32,,,2026-02-06,夜,,,2-mhs-80t,2# MHS-80T,ARC PLATE  (14),51207117,-,1318.85,263.77,5,200,14,445,0,30,0,658.85,45,0,60,80,926674,402,0,,2026-06-27T00:00:00.000Z,,excel-seed
seed-2-mhs-80t-33,,,2026-02-07,白,,,2-mhs-80t,2# MHS-80T,ARC PLATE  (14),51207117,-,1303.03,260.61,5,200,14,435,0,75,0,643.03,45,0,75,30,909190,250,0,,2026-06-27T00:00:00.000Z,,excel-seed
seed-2-mhs-80t-34,,,2026-02-07,夜,,,2-mhs-80t,2# MHS-80T,ARC PLATE  (14),51207117,-,452.99,90.6,5,200,14,85,0,20,0,332.99,15,0,0,0,157244,60,0,,2026-06-27T00:00:00.000Z,,excel-seed
seed-2-mhs-80t-35,,,2026-02-09,白,,,2-mhs-80t,2# MHS-80T,ARC PLATE  (14),51207117,-,685.71,137.14,5,200,14,250,0,25,0,375.71,10,0,15,10,577580,200,0,,2026-06-27T00:00:00.000Z,,excel-seed
seed-2-mhs-80t-36,,,2026-02-11,白,,,2-mhs-80t,2# MHS-80T,ARC PLATE GV2,W113893530111,-,1206.93,241.39,5,110,8,460,0,20,0,646.93,25,0,55,0,366048,240,0,,2026-06-27T00:00:00.000Z,,excel-seed
seed-2-mhs-80t-37,,,2026-02-11,夜,,,2-mhs-80t,2# MHS-80T,ARC PLATE GV2,W113893530111,-,477.02,95.4,5,110,8,75,0,70,0,322.02,0,0,10,0,81983,89,0,,2026-06-27T00:00:00.000Z,,excel-seed
seed-2-mhs-80t-38,,,2026-02-12,白,,,2-mhs-80t,2# MHS-80T,ARC PLATE GV2,W113893530111,-,449.25,89.85,5,110,8,30,0,35,0,329.25,0,0,55,0,45704,120,0,,2026-06-27T00:00:00.000Z,,excel-seed
seed-2-mhs-80t-39,,,2026-02-12,夜,,,2-mhs-80t,2# MHS-80T,ARC PLATE GV2,W113893530111,-,512.42,102.48,5,110,8,65,0,30,0,382.42,15,0,20,0,64316,180,0,,2026-06-27T00:00:00.000Z,,excel-seed
seed-2-mhs-80t-40,,,2026-02-13,白,,,2-mhs-80t,2# MHS-80T,ARC PLATE GV2,W113893530111,-,5818.56,1163.71,5,120,8,235,0,165,0,5368.56,0,0,50,0,18700,168,0,,2026-06-27T00:00:00.000Z,,excel-seed
seed-2-mhs-80t-41,,,2026-02-13,夜,,,2-mhs-80t,2# MHS-80T,ARC PLATE GV2,W113893530111,-,867.51,173.5,5,120,8,235,0,5,0,572.51,0,0,55,0,179294,0,0,,2026-06-27T00:00:00.000Z,,excel-seed
seed-2-mhs-80t-42,,,2026-02-14,白,,,2-mhs-80t,2# MHS-80T,ARC PLATE GV2,W113893530111,-,1105.99,221.2,5,120,8,320,0,25,0,685.99,10,0,65,0,255256,80,0,,2026-06-27T00:00:00.000Z,,excel-seed
seed-2-mhs-80t-43,,,2026-02-14,夜,,,2-mhs-80t,2# MHS-80T,ARC PLATE GV2,W113893530111,-,806.15,161.23,5,120,8,195,0,10,0,541.15,15,0,45,0,160858,30,0,,2026-06-27T00:00:00.000Z,,excel-seed
seed-2-mhs-80t-44,,,2026-02-16,白,,,2-mhs-80t,2# MHS-80T,ARC PLATE GV2,W113893530111,-,1170.58,234.12,5,120,8,280,0,45,0,785.58,0,0,60,0,189904,80,0,,2026-06-27T00:00:00.000Z,,excel-seed
seed-2-mhs-80t-45,,,2026-02-16,夜,,,2-mhs-80t,2# MHS-80T,ARC PLATE GV2,W113893530111,-,875.48,175.1,5,120,8,240,0,10,0,420.48,0,0,0,205,145204,20,0,,2026-06-27T00:00:00.000Z,,excel-seed
seed-2-mhs-80t-46,,,2026-02-17,白,,,2-mhs-80t,2# MHS-80T,ARC PLATE GV2,W113893530111,-,955.11,191.02,5,120,8,250,0,35,0,610.11,0,0,60,0,222256,80,0,,2026-06-27T00:00:00.000Z,,excel-seed
seed-2-mhs-80t-47,,,2026-02-17,夜,,,2-mhs-80t,2# MHS-80T,ARC PLATE GV2,W113893530111,-,536,107.2,5,120,8,25,0,5,0,61,0,0,10,435,11804,20,0,,2026-06-27T00:00:00.000Z,,excel-seed
seed-2-mhs-80t-48,,,2026-02-18,白,,,2-mhs-80t,2# MHS-80T,ARC PLATE GV2,W113893530111,-,841.67,168.33,5,120,8,180,0,40,0,546.67,10,0,65,0,175432,160,0,,2026-06-27T00:00:00.000Z,,excel-seed
seed-2-mhs-80t-49,,,2026-02-18,夜,,,2-mhs-80t,2# MHS-80T,ARC PLATE GV2,W113893530111,-,687.06,137.41,5,120,8,25,0,10,0,632.06,0,0,20,0,17087,49,0,,2026-06-27T00:00:00.000Z,,excel-seed
seed-2-mhs-80t-50,,,2026-02-19,白,,,2-mhs-80t,2# MHS-80T,ARC PLATE GV2,W113893530111,-,2453.24,490.65,5,120,8,430,0,25,0,1913.24,15,0,70,0,121904,160,0,,2026-06-27T00:00:00.000Z,,excel-seed
seed-2-mhs-80t-51,,,2026-02-19,夜,,,2-mhs-80t,2# MHS-80T,ARC PLATE GV2,W113893530111,-,514.81,102.96,5,120,8,90,0,40,0,364.81,0,0,20,0,99471,89,0,,2026-06-27T00:00:00.000Z,,excel-seed
seed-2-mhs-80t-52,,,2026-02-20,白,,,2-mhs-80t,2# MHS-80T,ARC PLATE GV2,W113893530111,-,1139.18,227.84,5,120,8,335,0,60,185,479.18,15,0,65,0,359064,160,0,,2026-06-27T00:00:00.000Z,,excel-seed
seed-2-mhs-80t-53,,,2026-02-20,夜,,,2-mhs-80t,2# MHS-80T,ARC PLATE GV2,W113893530111,-,832.91,166.58,5,120,8,245,0,20,0,497.91,15,0,55,0,207844,92,0,,2026-06-27T00:00:00.000Z,,excel-seed
seed-2-mhs-80t-54,,,2026-02-21,白,,,2-mhs-80t,2# MHS-80T,ARC PLATE GV2,W113893530111,-,873.29,174.66,5,120,8,320,0,10,0,488.29,0,0,50,5,283112,160,0,,2026-06-27T00:00:00.000Z,,excel-seed
seed-2-mhs-80t-55,,,2026-02-23,白,,,2-mhs-80t,2# MHS-80T,ARC PLATE GV2,W113893530111,-,1366.68,273.34,5,120,8,490,0,50,0,706.68,20,0,100,0,339482,30,0,,2026-06-27T00:00:00.000Z,,excel-seed
seed-2-mhs-80t-56,,,2026-02-24,白,,,2-mhs-80t,2# MHS-80T,ARC PLATE GV2,W113893530111,-,1067.06,213.41,5,120,8,290,0,35,0,627.06,15,0,100,0,233086,130,0,,2026-06-27T00:00:00.000Z,,excel-seed
seed-2-mhs-80t-57,,,2026-02-25,白,,,2-mhs-80t,2# MHS-80T,ARC PLATE GV2,W113893530111,-,687.97,137.59,5,120,8,125,0,40,0,312.97,0,0,75,135,101608,40,0,,2026-06-27T00:00:00.000Z,,excel-seed
seed-2-mhs-80t-58,,,2026-02-27,白,,,2-mhs-80t,2# MHS-80T,Output Connector Steel,S1B13952,-,1024.83,204.97,5,100,2,335,0,80,0,514.83,0,0,95,0,63118,40,0,,2026-06-27T00:00:00.000Z,,excel-seed
seed-2-mhs-80t-59,,,2026-02-27,夜,,,2-mhs-80t,2# MHS-80T,Output Connector Steel,S1B13952,-,944.08,188.82,5,100,2,425,0,20,0,434.08,15,0,50,0,86160,80,0,,2026-06-27T00:00:00.000Z,,excel-seed
seed-2-mhs-80t-60,,,2026-02-28,白,,,2-mhs-80t,2# MHS-80T,Output Connector Steel,S1B13952,-,1009.28,201.86,5,100,2,130,0,50,0,739.28,0,0,90,0,18288,30,0,,2026-06-27T00:00:00.000Z,,excel-seed
seed-2-mhs-80t-61,,,2026-03-02,白,,,2-mhs-80t,2# MHS-80T,Output Connector Steel,S1B13952,-,863.8,172.76,5,100,2,115,0,110,0,533.8,15,0,90,0,19820,180,0,,2026-06-27T00:00:00.000Z,,excel-seed
seed-2-mhs-80t-62,,,2026-03-02,夜,,,2-mhs-80t,2# MHS-80T,Output Connector Steel,S1B13952,-,1161.27,232.25,5,100,2,490,0,25,0,561.27,0,0,65,20,85556,10,0,,2026-06-27T00:00:00.000Z,,excel-seed
seed-2-mhs-80t-63,,,2026-03-03,白,,,2-mhs-80t,2# MHS-80T,ARC PLATE GV2,W113893530111,-,1268.94,253.79,5,120,8,385,85,20,0,673.94,20,0,85,0,304372,60,0,,2026-06-27T00:00:00.000Z,,excel-seed
seed-2-mhs-80t-64,,,2026-03-03,夜,,,2-mhs-80t,2# MHS-80T,ARC PLATE GV2,W113893530111,-,1395.47,279.09,5,120,8,505,0,45,0,735.47,30,0,80,0,352656,160,0,,2026-06-27T00:00:00.000Z,,excel-seed
seed-2-mhs-80t-65,,,2026-03-04,白,,,2-mhs-80t,2# MHS-80T,ARC PLATE GV2,W113893530111,-,922.16,184.43,5,120,8,225,0,55,0,537.16,15,0,90,0,207088,160,0,,2026-06-27T00:00:00.000Z,,excel-seed
seed-2-mhs-80t-66,,,2026-03-05,白,,,2-mhs-80t,2# MHS-80T,ARC PLATE GV2,W113893530111,-,978.97,195.79,5,120,8,280,0,40,0,558.97,15,0,85,0,257272,40,0,,2026-06-27T00:00:00.000Z,,excel-seed
seed-2-mhs-80t-67,,,2026-03-06,白,,,2-mhs-80t,2# MHS-80T,ARC PLATE GV2,W113893530111,-,1164.14,232.83,5,120,8,390,0,25,0,659.14,15,0,75,0,318088,160,0,,2026-06-27T00:00:00.000Z,,excel-seed
seed-2-mhs-80t-68,,,2026-03-09,白,,,2-mhs-80t,2# MHS-80T,ARC PLATE GV2,W113893530111,-,1094.69,218.94,5,120,8,375,0,45,0,579.69,20,0,75,0,335352,80,0,,2026-06-27T00:00:00.000Z,,excel-seed
seed-2-mhs-80t-69,,,2026-03-09,夜,,,2-mhs-80t,2# MHS-80T,ARC PLATE GV2,W113893530111,-,168.19,33.64,5,120,8,25,0,5,0,138.19,0,0,0,0,19972,20,0,,2026-06-27T00:00:00.000Z,,excel-seed
seed-2-mhs-80t-70,,,2026-03-10,白,,,2-mhs-80t,2# MHS-80T,ARC PLATE GV2,W113893530111,-,1273.98,254.8,5,120,8,195,0,70,0,613.98,0,315,80,0,155496,160,0,,2026-06-27T00:00:00.000Z,,excel-seed
seed-2-mhs-80t-71,,,2026-03-10,夜,,,2-mhs-80t,2# MHS-80T,ARC PLATE GV2,W113893530111,-,800.37,160.07,5,120,8,265,0,20,0,465.37,30,0,20,0,240531,213,0,,2026-06-27T00:00:00.000Z,,excel-seed
seed-2-mhs-80t-72,,,2026-03-11,白,,,2-mhs-80t,2# MHS-80T,ARC PLATE GV2,W113893530111,-,1000.29,200.06,5,120,8,270,0,65,0,575.29,15,0,75,0,234288,160,0,,2026-06-27T00:00:00.000Z,,excel-seed
seed-2-mhs-80t-73,,,2026-03-11,夜,,,2-mhs-80t,2# MHS-80T,ARC PLATE GV2,W113893530111,-,127.25,25.45,5,120,8,50,0,5,0,72.25,0,0,0,0,36540,20,0,,2026-06-27T00:00:00.000Z,,excel-seed
seed-2-mhs-80t-74,,,2026-03-12,白,,,2-mhs-80t,2# MHS-80T,ARC PLATE GV2,W113893530111,-,1107.98,221.6,5,120,8,365,0,20,0,632.98,10,0,80,0,309999,170,0,,2026-06-27T00:00:00.000Z,,excel-seed
seed-2-mhs-80t-75,,,2026-03-12,夜,,,2-mhs-80t,2# MHS-80T,ARC PLATE GV2,W113893530111,-,712.39,142.48,5,120,8,285,0,10,0,362.39,40,0,15,0,252920,80,0,,2026-06-27T00:00:00.000Z,,excel-seed
seed-2-mhs-80t-76,,,2026-03-13,白,,,2-mhs-80t,2# MHS-80T,ARC PLATE GV2,W113893530111,-,1173.03,234.61,5,120,8,325,0,15,40,698.03,10,0,85,0,250304,240,0,,2026-06-27T00:00:00.000Z,,excel-seed
seed-2-mhs-80t-77,,,2026-03-13,夜,,,2-mhs-80t,2# MHS-80T,ARC PLATE GV2,W113893530111,-,1390.34,278.07,5,120,8,545,0,20,0,730.34,30,0,65,0,411920,80,0,,2026-06-27T00:00:00.000Z,,excel-seed
seed-2-mhs-80t-78,,,2026-03-14,白,,,2-mhs-80t,2# MHS-80T,ARC PLATE GV2,W113893530111,-,395.42,79.08,5,120,8,155,110,20,0,85.42,0,0,15,10,548720,80,0,,2026-06-27T00:00:00.000Z,,excel-seed
seed-2-mhs-80t-79,,,2026-03-20,白,,,2-mhs-80t,2# MHS-80T,Input Connector,51207042AA,-,1283,256.6,5,150,2,85,0,160,40,918,0,0,80,0,15000,200,0,,2026-06-27T00:00:00.000Z,,excel-seed
seed-2-mhs-80t-80,,,2026-03-21,白,,,2-mhs-80t,2# MHS-80T,Input Connector,51207042AA,-,1527.82,305.56,5,150,2,285,0,135,0,1027.82,0,0,80,0,47000,52,0,,2026-06-27T00:00:00.000Z,,excel-seed
seed-2-mhs-80t-81,,,2026-03-23,白,,,2-mhs-80t,2# MHS-80T,Input Connector,51207042AA,-,1199.92,239.98,5,150,2,315,0,50,0,724.92,15,0,95,0,82778,220,0,,2026-06-27T00:00:00.000Z,,excel-seed
seed-2-mhs-80t-82,,,2026-03-24,白,,,2-mhs-80t,2# MHS-80T,Input Connector,51207042AA,-,1383.78,276.76,5,150,2,510,0,65,40,683.78,0,0,85,0,140966,50,0,,2026-06-27T00:00:00.000Z,,excel-seed
seed-2-mhs-80t-83,,,2026-03-25,白,,,2-mhs-80t,2# MHS-80T,Input Connector,51207042AA,-,3984.88,796.98,5,150,2,130,0,215,0,3554.88,0,0,85,0,5266,230,0,,2026-06-27T00:00:00.000Z,,excel-seed
seed-2-mhs-80t-84,,,2026-03-26,白,,,2-mhs-80t,2# MHS-80T,Input Connector,51207042AA,-,1226.69,245.34,5,150,2,295,0,180,0,661.69,15,0,75,0,70218,150,0,,2026-06-27T00:00:00.000Z,,excel-seed
seed-2-mhs-80t-85,,,2026-03-27,白,,,2-mhs-80t,2# MHS-80T,ARC PLATE GV2,W113893530111,-,305,61,5,120,8,25,175,50,0,0,0,0,55,0,0,1128,0,,2026-06-27T00:00:00.000Z,,excel-seed
seed-2-mhs-80t-86,,,2026-03-28,白,,,2-mhs-80t,2# MHS-80T,ARC PLATE GV2,W113893530111,-,551.59,110.32,5,120,8,75,0,40,0,346.59,0,0,90,0,110100,60,0,,2026-06-27T00:00:00.000Z,,excel-seed
seed-2-mhs-80t-87,,,2026-03-29,白,,,2-mhs-80t,2# MHS-80T,ARC PLATE GV2,W113893530111,-,1254.33,250.87,5,120,8,470,0,80,0,594.33,35,0,75,0,383384,160,0,,2026-06-27T00:00:00.000Z,,excel-seed
seed-2-mhs-80t-88,,,2026-03-30,白,,,2-mhs-80t,2# MHS-80T,ARC PLATE GV2,W113893530111,-,736.04,147.21,5,120,8,200,0,80,0,376.04,0,0,80,0,255292,260,0,,2026-06-27T00:00:00.000Z,,excel-seed
seed-2-mhs-80t-89,,,2026-03-30,夜,,,2-mhs-80t,2# MHS-80T,ARC PLATE GV2,W113893530111,-,1286.12,257.22,5,120,8,450,0,50,0,691.12,30,0,65,0,340664,40,0,,2026-06-27T00:00:00.000Z,,excel-seed
seed-2-mhs-80t-90,,,2026-03-31,白,,,2-mhs-80t,2# MHS-80T,ARC PLATE GV2,W113893530111,-,859.97,171.99,5,120,8,215,0,120,0,444.97,10,0,70,0,218008,240,0,,2026-06-27T00:00:00.000Z,,excel-seed
seed-2-mhs-80t-91,,,2026-03-31,夜,,,2-mhs-80t,2# MHS-80T,ARC PLATE GV2,W113893530111,-,1191.58,238.32,5,120,8,415,0,50,0,631.58,30,0,65,0,343784,160,0,,2026-06-27T00:00:00.000Z,,excel-seed
seed-2-mhs-80t-92,,,2026-04-01,白,,,2-mhs-80t,2# MHS-80T,ARC PLATE GV2,W113893530111,-,1257.6,251.52,5,120,8,375,0,50,0,742.6,25,0,65,0,264208,160,0,,2026-06-27T00:00:00.000Z,,excel-seed
seed-2-mhs-80t-93,,,2026-04-01,夜,,,2-mhs-80t,2# MHS-80T,ARC PLATE GV2,W113893530111,-,1580.51,316.1,5,120,8,500,0,65,0,920.51,30,0,65,0,276370,150,0,,2026-06-27T00:00:00.000Z,,excel-seed
seed-2-mhs-80t-94,,,2026-04-02,白,,,2-mhs-80t,2# MHS-80T,ARC PLATE GV2,W113893530111,-,1003.11,200.62,5,120,8,280,0,120,0,538.11,0,0,65,0,237275,125,0,,2026-06-27T00:00:00.000Z,,excel-seed
seed-2-mhs-80t-95,,,2026-04-02,夜,,,2-mhs-80t,2# MHS-80T,ARC PLATE GV2,W113893530111,-,1026.92,205.38,5,120,8,240,0,45,0,686.92,0,0,55,0,187830,130,0,,2026-06-27T00:00:00.000Z,,excel-seed
seed-2-mhs-80t-96,,,2026-04-03,白,,,2-mhs-80t,2# MHS-80T,ARC PLATE GV2,W113893530111,-,1264.37,252.87,5,120,8,485,0,15,0,619.37,45,0,100,0,398419,357,0,,2026-06-27T00:00:00.000Z,,excel-seed
seed-2-mhs-80t-97,,,2026-04-04,白,,,2-mhs-80t,2# MHS-80T,Input Connector,51207042AA,-,1470.24,294.05,5,150,2,85,0,95,90,1095.24,0,0,105,0,10710,35,0,,2026-06-27T00:00:00.000Z,,excel-seed
seed-2-mhs-80t-98,,,2026-04-04,夜,,,2-mhs-80t,2# MHS-80T,Input Connector,51207042AA,-,1136.46,227.29,5,150,2,355,0,30,0,716.46,15,0,20,0,63918,60,0,,2026-06-27T00:00:00.000Z,,excel-seed
seed-2-mhs-80t-99,,,2026-04-05,白,,,2-mhs-80t,2# MHS-80T,Input Connector,51207042AA,-,676.52,135.3,5,150,2,90,0,235,0,346.52,0,0,5,0,18700,26,0,,2026-06-27T00:00:00.000Z,,excel-seed
seed-2-mhs-80t-100,,,2026-04-06,白,,,2-mhs-80t,2# MHS-80T,Input Connector,51207042AA,-,1324.1,264.82,5,150,2,255,0,85,0,914.1,0,0,70,0,42263,70,0,,2026-06-27T00:00:00.000Z,,excel-seed
seed-2-mhs-80t-101,,,2026-04-06,夜,,,2-mhs-80t,2# MHS-80T,Input Connector,51207042AA,-,1295.32,259.06,5,150,2,505,0,40,0,635.32,15,0,100,0,124000,60,0,,2026-06-27T00:00:00.000Z,,excel-seed
seed-2-mhs-80t-102,,,2026-04-07,白,,,2-mhs-80t,2# MHS-80T,Input Connector,51207042AA,-,1435.11,287.02,5,150,2,480,0,30,0,805.11,15,0,105,0,93900,168,0,,2026-06-27T00:00:00.000Z,,excel-seed
seed-2-mhs-80t-103,,,2026-04-07,夜,,,2-mhs-80t,2# MHS-80T,Input Connector,51207042AA,-,900,180,5,150,2,190,25,70,0,615,0,0,0,0,38000,60,0,,2026-06-27T00:00:00.000Z,,excel-seed
seed-2-mhs-80t-104,,,2026-04-08,白,,,2-mhs-80t,2# MHS-80T,ARC PLATE GV2,W113893530111,-,1035.24,207.05,5,120,8,265,0,20,0,515.24,25,0,210,0,212312,120,0,,2026-06-27T00:00:00.000Z,,excel-seed
seed-2-mhs-80t-105,,,2026-04-08,夜,,,2-mhs-80t,2# MHS-80T,ARC PLATE GV2,W113893530111,-,765.04,153.01,5,120,8,240,0,45,0,425.04,0,0,55,0,173463,89,0,,2026-06-27T00:00:00.000Z,,excel-seed
seed-2-mhs-80t-106,,,2026-04-09,白,,,2-mhs-80t,2# MHS-80T,ARC PLATE GV2,W113893530111,-,754.7,150.94,5,120,8,180,0,55,0,349.7,65,0,105,0,247072,80,0,,2026-06-27T00:00:00.000Z,,excel-seed
seed-2-mhs-80t-107,,,2026-04-09,夜,,,2-mhs-80t,2# MHS-80T,ARC PLATE GV2,W113893530111,-,1164.44,232.89,5,120,8,415,0,15,0,644.44,35,0,55,0,312196,100,0,,2026-06-27T00:00:00.000Z,,excel-seed
seed-2-mhs-80t-108,,,2026-04-10,白,,,2-mhs-80t,2# MHS-80T,ARC PLATE GV2,W113893530111,-,1152.09,230.42,5,120,8,330,0,40,0,632.09,40,0,110,0,255608,56,0,,2026-06-27T00:00:00.000Z,,excel-seed
seed-2-mhs-80t-109,,,2026-04-10,夜,,,2-mhs-80t,2# MHS-80T,ARC PLATE GV2,W113893530111,-,974.2,194.84,5,120,8,45,0,40,0,824.2,0,0,65,0,29090,150,0,,2026-06-27T00:00:00.000Z,,excel-seed
seed-2-mhs-80t-110,,,2026-04-11,白,,,2-mhs-80t,2# MHS-80T,ARC PLATE GV2,W113893530111,-,697.7,139.54,5,120,8,210,0,15,0,442.7,0,0,30,0,143448,80,0,,2026-06-27T00:00:00.000Z,,excel-seed
seed-2-mhs-80t-111,,,2026-04-17,白,,,2-mhs-80t,2# MHS-80T,ARC PLATE GV2,W113893530111,-,1779.99,356,5,120,8,375,0,65,0,1254.99,35,0,50,0,156336,320,0,,2026-06-27T00:00:00.000Z,,excel-seed
seed-2-mhs-80t-112,,,2026-04-18,白,,,2-mhs-80t,2# MHS-80T,ARC PLATE GV2,W113893530111,-,1185.1,237.02,5,120,8,215,0,110,0,785.1,10,0,65,0,127504,200,0,,2026-06-27T00:00:00.000Z,,excel-seed
seed-2-mhs-80t-113,,,2026-04-20,白,,,2-mhs-80t,2# MHS-80T,ARC PLATE GV2,W113893530111,-,1130.8,226.16,5,120,8,285,0,30,0,680.8,15,0,120,0,204960,80,0,,2026-06-27T00:00:00.000Z,,excel-seed
seed-2-mhs-80t-114,,,2026-04-20,夜,,,2-mhs-80t,2# MHS-80T,ARC PLATE GV2,W113893530111,-,1049.47,209.89,5,120,8,365,0,20,40,549.47,30,0,45,0,277400,48,0,,2026-06-27T00:00:00.000Z,,excel-seed
seed-2-mhs-80t-115,,,2026-04-21,白,,,2-mhs-80t,2# MHS-80T,ARC PLATE GV2,W113893530111,-,1306.1,261.22,5,120,8,540,0,30,0,646.1,20,0,70,0,449320,128,0,,2026-06-27T00:00:00.000Z,,excel-seed
seed-2-mhs-80t-116,,,2026-04-21,夜,,,2-mhs-80t,2# MHS-80T,ARC PLATE GV2,W113893530111,-,830.49,166.1,5,120,8,200,0,35,0,565.49,10,0,20,0,144300,132,0,,2026-06-27T00:00:00.000Z,,excel-seed
seed-2-mhs-80t-117,,,2026-04-22,白,,,2-mhs-80t,2# MHS-80T,ARC PLATE GV2,W113893530111,-,1256.87,251.37,5,120,8,495,0,50,0,596.87,25,0,90,0,414000,200,0,,2026-06-27T00:00:00.000Z,,excel-seed
seed-2-mhs-80t-118,,,2026-04-22,夜,,,2-mhs-80t,2# MHS-80T,ARC PLATE GV2,W113893530111,-,1023.62,204.72,5,120,8,255,0,45,0,628.62,0,0,95,0,202500,76,0,,2026-06-27T00:00:00.000Z,,excel-seed
seed-2-mhs-80t-119,,,2026-04-23,白,,,2-mhs-80t,2# MHS-80T,ARC PLATE GV2,W113893530111,-,1037.8,207.56,5,120,8,380,0,90,0,457.8,0,0,110,0,366552,224,0,,2026-06-27T00:00:00.000Z,,excel-seed
seed-2-mhs-80t-120,,,2026-04-23,夜,,,2-mhs-80t,2# MHS-80T,ARC PLATE GV2,W113893530111,-,1259.45,251.89,5,120,8,490,0,65,0,599.45,40,0,65,0,415900,20,0,,2026-06-27T00:00:00.000Z,,excel-seed
seed-2-mhs-80t-121,,,2026-04-24,白,,,2-mhs-80t,2# MHS-80T,ARC PLATE GV2,W113893530111,-,270.7,54.14,5,120,8,105,5,20,0,115.7,0,0,20,5,95832,0,0,,2026-06-27T00:00:00.000Z,,excel-seed
seed-2-mhs-80t-122,,,2026-04-24,白,,,2-mhs-80t,2# MHS-80T,Output Connector Steel,S1B13952,-,135,27,5,100,2,25,0,80,0,0,0,0,30,0,0,448,0,,2026-06-27T00:00:00.000Z,,excel-seed
seed-2-mhs-80t-123,,,2026-04-24,夜,,,2-mhs-80t,2# MHS-80T,Output Connector Steel,S1B13952,-,735.57,147.11,5,100,2,285,0,90,0,340.57,0,0,20,0,47700,22,0,,2026-06-27T00:00:00.000Z,,excel-seed
seed-2-mhs-80t-124,,,2026-04-25,白,,,2-mhs-80t,2# MHS-80T,Output Connector Steel,S1B13952,-,1231.75,246.35,5,100,2,505,0,15,0,621.75,10,0,80,0,91782,1200,0,,2026-06-27T00:00:00.000Z,,excel-seed
seed-2-mhs-80t-125,,,2026-04-27,白,,,2-mhs-80t,2# MHS-80T,Output Connector Steel,S1B13952,-,325,65,5,100,2,25,0,245,0,0,0,0,55,0,0,1140,0,,2026-06-27T00:00:00.000Z,,excel-seed
seed-2-mhs-80t-126,,,2026-04-27,夜,,,2-mhs-80t,2# MHS-80T,Output Connector Steel,S1B13952,-,798.93,159.79,5,100,2,310,0,50,0,378.93,0,0,60,0,50722,30,0,,2026-06-27T00:00:00.000Z,,excel-seed
seed-2-mhs-80t-127,,,2026-04-28,白,,,2-mhs-80t,2# MHS-80T,Output Connector Steel,S1B13952,-,1217.05,243.41,5,100,2,520,0,50,0,557.05,10,0,80,0,98950,50,0,,2026-06-27T00:00:00.000Z,,excel-seed
seed-2-mhs-80t-128,,,2026-04-28,夜,,,2-mhs-80t,2# MHS-80T,Output Connector Steel,S1B13952,-,1329.61,265.92,5,100,2,420,0,80,85,669.61,0,0,75,0,63350,20,0,,2026-06-27T00:00:00.000Z,,excel-seed
seed-2-mhs-80t-129,,,2026-04-29,白,,,2-mhs-80t,2# MHS-80T,Output Connector Steel,S1B13952,-,634.73,126.95,5,100,2,110,0,85,0,359.73,0,0,80,0,25380,100,0,,2026-06-27T00:00:00.000Z,,excel-seed
seed-2-mhs-80t-130,,,2026-04-29,夜,,,2-mhs-80t,2# MHS-80T,Output Connector Steel,S1B13952,-,1345.78,269.16,5,100,2,295,0,130,0,850.78,0,0,70,0,31900,100,0,,2026-06-27T00:00:00.000Z,,excel-seed
seed-2-mhs-80t-131,,,2026-04-30,白,,,2-mhs-80t,2# MHS-80T,ARC PLATE GV2,W113893530111,-,9542.32,1908.46,5,120,8,290,200,45,0,8927.32,5,0,75,0,16840,200,0,,2026-06-27T00:00:00.000Z,,excel-seed
seed-2-mhs-80t-132,,,2026-04-30,夜,,,2-mhs-80t,2# MHS-80T,ARC PLATE GV2,W113893530111,-,1244.34,248.87,5,120,8,490,0,60,0,604.34,30,0,60,0,420320,160,0,,2026-06-27T00:00:00.000Z,,excel-seed
seed-2-mhs-80t-133,,,2026-05-02,白,,,2-mhs-80t,2# MHS-80T,ARC PLATE GV2,W113893530111,-,1146.34,229.27,5,120,8,115,0,30,0,911.34,0,0,90,0,65416,800,0,,2026-06-27T00:00:00.000Z,,excel-seed
seed-2-mhs-80t-134,,,2026-05-02,夜,,,2-mhs-80t,2# MHS-80T,ARC PLATE GV2,W113893530111,-,1485.44,297.09,5,120,8,505,0,40,0,840.44,30,0,70,0,317264,160,0,,2026-06-27T00:00:00.000Z,,excel-seed
seed-2-mhs-80t-135,,,2026-05-04,白,,,2-mhs-80t,2# MHS-80T,ARC PLATE GV2,W113893530111,-,1021.74,204.35,5,120,8,330,0,60,0,531.74,10,0,90,0,303850,30,0,,2026-06-27T00:00:00.000Z,,excel-seed
seed-2-mhs-80t-136,,,2026-05-04,夜,,,2-mhs-80t,2# MHS-80T,ARC PLATE GV2,W113893530111,-,1044.04,208.81,5,120,8,295,0,85,0,584.04,15,0,65,0,247298,190,0,,2026-06-27T00:00:00.000Z,,excel-seed
seed-2-mhs-80t-137,,,2026-05-05,白,,,2-mhs-80t,2# MHS-80T,ARC PLATE GV2,W113893530111,-,1065,213,5,120,8,350,0,50,0,560,15,0,90,0,312000,192,0,,2026-06-27T00:00:00.000Z,,excel-seed
seed-2-mhs-80t-138,,,2026-05-05,夜,,,2-mhs-80t,2# MHS-80T,ARC PLATE GV2,W113893530111,-,153.61,30.72,5,120,8,65,0,10,0,73.61,0,0,0,5,55100,12,0,,2026-06-27T00:00:00.000Z,,excel-seed
seed-2-mhs-80t-139,,,2026-05-05,夜,,,2-mhs-80t,2# MHS-80T,Output Connector Steel,S1B13952,-,976.43,195.29,5,100,2,150,100,70,0,591.43,0,0,65,0,22826,40,0,,2026-06-27T00:00:00.000Z,,excel-seed
seed-2-mhs-80t-140,,,2026-05-06,白,,,2-mhs-80t,2# MHS-80T,Output Connector Steel,S1B13952,-,1023.42,204.68,5,100,2,345,0,70,0,553.42,0,0,55,0,66704,60,0,,2026-06-27T00:00:00.000Z,,excel-seed
seed-2-mhs-80t-141,,,2026-05-06,夜,,,2-mhs-80t,2# MHS-80T,Output Connector Steel,S1B13952,-,1784.23,356.85,5,100,2,350,0,20,0,1334.23,10,0,70,0,29905,20,0,,2026-06-27T00:00:00.000Z,,excel-seed
seed-2-mhs-80t-142,,,2026-05-07,白,,,2-mhs-80t,2# MHS-80T,Output Connector Steel,S1B13952,-,200,40,5,100,2,25,0,125,0,0,0,0,50,0,0,172,0,,2026-06-27T00:00:00.000Z,,excel-seed
seed-2-mhs-80t-143,,,2026-05-07,夜,,,2-mhs-80t,2# MHS-80T,BETA Arc extinguishing chamber,72570400-8-3,-,1394.95,278.99,5,100,12,255,0,115,0,969.95,0,0,55,0,154586,250,0,,2026-06-27T00:00:00.000Z,,excel-seed
seed-2-mhs-80t-144,,,2026-05-08,白,,,2-mhs-80t,2# MHS-80T,BETA Arc extinguishing chamber,72570400-8-3,-,1229.31,245.86,5,100,12,325,0,80,0,609.31,140,0,75,0,323236,200,0,,2026-06-27T00:00:00.000Z,,excel-seed
seed-2-mhs-80t-145,,,2026-05-08,夜,,,2-mhs-80t,2# MHS-80T,BETA Arc extinguishing chamber,72570400-8-3,-,728.74,145.75,5,100,12,145,0,30,0,248.74,0,0,30,275,101432,100,0,,2026-06-27T00:00:00.000Z,,excel-seed
seed-2-mhs-80t-146,,,2026-05-11,白,,,2-mhs-80t,2# MHS-80T,ARC PLATE GV2,W113893530111,-,870.64,174.13,5,120,8,50,0,80,0,665.64,0,0,75,0,36416,240,0,,2026-06-27T00:00:00.000Z,,excel-seed
seed-2-mhs-80t-147,,,2026-05-11,夜,,,2-mhs-80t,2# MHS-80T,ARC PLATE GV2,W113893530111,-,90,18,5,120,8,25,0,60,0,0,0,0,5,0,0,4488,0,,2026-06-27T00:00:00.000Z,,excel-seed
seed-2-mhs-80t-148,,,2026-05-12,夜,,,2-mhs-80t,2# MHS-80T,Output Connector Steel,S1B13952,-,768.94,153.79,5,100,2,205,0,60,0,443.94,0,0,60,0,37404,1400,0,,2026-06-27T00:00:00.000Z,,excel-seed
seed-2-mhs-80t-149,,,2026-05-13,白,,,2-mhs-80t,2# MHS-80T,Output Connector Steel,S1B13952,-,948.5,189.7,5,100,2,240,0,115,0,533.5,0,0,60,0,43636,200,0,,2026-06-27T00:00:00.000Z,,excel-seed
seed-2-mhs-80t-150,,,2026-05-13,夜,,,2-mhs-80t,2# MHS-80T,Output Connector Steel,S1B13952,-,843,168.6,5,100,2,255,0,60,0,498,0,0,25,5,40452,120,0,,2026-06-27T00:00:00.000Z,,excel-seed
seed-2-mhs-80t-151,,,2026-05-14,白,,,2-mhs-80t,2# MHS-80T,Input Connector,51207042AA,-,774.95,154.99,5,150,2,160,100,120,0,354.95,0,0,40,0,35160,120,0,,2026-06-27T00:00:00.000Z,,excel-seed
seed-2-mhs-80t-152,,,2026-05-14,夜,,,2-mhs-80t,2# MHS-80T,Input Connector,51207042AA,-,1585.09,317.02,5,150,2,555,0,40,0,925.09,0,0,65,0,99890,60,0,,2026-06-27T00:00:00.000Z,,excel-seed
seed-2-mhs-80t-153,,,2026-05-15,白,,,2-mhs-80t,2# MHS-80T,Input Connector,51207042AA,-,1434.82,286.96,5,150,2,465,0,105,0,774.82,15,0,75,0,86420,400,0,,2026-06-27T00:00:00.000Z,,excel-seed
seed-2-mhs-80t-154,,,2026-05-15,夜,,,2-mhs-80t,2# MHS-80T,Input Connector,51207042AA,-,1582.88,316.58,5,150,2,520,0,25,0,957.88,15,0,65,0,92830,200,0,,2026-06-27T00:00:00.000Z,,excel-seed
seed-2-mhs-80t-155,,,2026-05-16,白,,,2-mhs-80t,2# MHS-80T,Input Connector,51207042AA,-,1018.5,203.7,5,150,2,265,0,80,0,598.5,0,0,75,0,67080,260,0,,2026-06-27T00:00:00.000Z,,excel-seed
seed-2-mhs-80t-156,,,2026-05-16,夜,,,2-mhs-80t,2# MHS-80T,Input Connector,51207042AA,-,841.01,168.2,5,150,2,70,0,35,0,706.01,0,0,30,0,12344,20,0,,2026-06-27T00:00:00.000Z,,excel-seed
seed-2-mhs-80t-157,,,2026-05-18,白,,,2-mhs-80t,2# MHS-80T,Input Connector,51207042AA,-,1050.67,210.13,5,150,2,255,5,135,0,525.67,0,0,55,75,57484,200,0,,2026-06-27T00:00:00.000Z,,excel-seed
seed-2-mhs-80t-158,,,2026-05-18,夜,,,2-mhs-80t,2# MHS-80T,ARC PLATE GV2,W113893530111,-,1117.38,223.48,5,120,8,405,0,115,20,487.38,10,0,80,0,370944,200,0,,2026-06-27T00:00:00.000Z,,excel-seed
seed-2-mhs-80t-159,,,2026-05-19,白,,,2-mhs-80t,2# MHS-80T,ARC PLATE GV2,W113893530111,-,1259.15,251.83,5,120,8,425,0,50,25,644.15,35,0,80,0,335700,44,0,,2026-06-27T00:00:00.000Z,,excel-seed
seed-2-mhs-80t-160,,,2026-05-19,夜,,,2-mhs-80t,2# MHS-80T,ARC PLATE GV2,W113893530111,-,472.33,94.47,5,120,8,70,0,75,0,257.33,10,0,60,0,63980,20,0,,2026-06-27T00:00:00.000Z,,excel-seed
seed-2-mhs-80t-161,,,2026-05-20,白,,,2-mhs-80t,2# MHS-80T,ARC PLATE GV2,W113893530111,-,1194.99,239,5,120,8,405,0,55,0,589.99,75,0,70,0,352560,200,0,,2026-06-27T00:00:00.000Z,,excel-seed
seed-2-mhs-80t-162,,,2026-05-20,夜,,,2-mhs-80t,2# MHS-80T,ARC PLATE GV2,W113893530111,-,1307.25,261.45,5,120,8,230,0,65,0,647.25,285,0,80,0,175686,90,0,,2026-06-27T00:00:00.000Z,,excel-seed
seed-2-mhs-80t-163,,,2026-05-21,白,,,2-mhs-80t,2# MHS-80T,ARC PLATE GV2,W113893530111,-,1321.58,264.32,5,120,8,460,0,70,0,661.58,50,0,80,0,340420,100,0,,2026-06-27T00:00:00.000Z,,excel-seed
seed-2-mhs-80t-164,,,2026-05-21,夜,,,2-mhs-80t,2# MHS-80T,ARC PLATE GV2,W113893530111,-,1212.5,242.5,5,120,8,380,0,65,0,672.5,20,0,75,0,282076,100,0,,2026-06-27T00:00:00.000Z,,excel-seed
seed-2-mhs-80t-165,,,2026-05-22,白,,,2-mhs-80t,2# MHS-80T,ARC PLATE GV2,W113893530111,-,1129.32,225.86,5,120,8,360,0,30,0,644.32,15,0,80,0,295010,400,0,,2026-06-27T00:00:00.000Z,,excel-seed
seed-2-mhs-80t-166,,,2026-05-22,夜,,,2-mhs-80t,2# MHS-80T,ARC PLATE GV2,W113893530111,-,840.06,168.01,5,120,8,225,0,115,0,320.06,10,0,50,120,253076,180,0,,2026-06-27T00:00:00.000Z,,excel-seed
seed-2-mhs-80t-167,,,2026-05-23,白,,,2-mhs-80t,2# MHS-80T,ARC PLATE GV2,W113893530111,-,819.07,163.81,5,120,8,235,0,50,0,324.07,10,0,70,130,243652,60,0,,2026-06-27T00:00:00.000Z,,excel-seed
seed-2-mhs-80t-168,,,2026-05-23,夜,,,2-mhs-80t,2# MHS-80T,ARC PLATE GV2,W113893530111,-,1123.64,224.73,5,120,8,375,0,150,0,523.64,10,0,65,0,305936,120,0,,2026-06-27T00:00:00.000Z,,excel-seed
seed-2-mhs-80t-169,,,2026-05-24,白,,,2-mhs-80t,2# MHS-80T,ARC PLATE GV2,W113893530111,-,1250.3,250.06,5,120,8,275,0,70,225,590.3,20,0,70,0,232560,80,0,,2026-06-27T00:00:00.000Z,,excel-seed
seed-2-mhs-80t-170,,,2026-05-24,夜,,,2-mhs-80t,2# MHS-80T,ARC PLATE GV2,W113893530111,-,1240.71,248.14,5,120,8,465,0,25,0,660.71,10,0,80,0,374980,60,0,,2026-06-27T00:00:00.000Z,,excel-seed
seed-2-mhs-80t-171,,,2026-05-25,白,,,2-mhs-80t,2# MHS-80T,ARC PLATE GV2,W113893530111,-,957.67,191.53,5,120,8,270,0,90,0,507.67,10,0,80,0,250180,60,0,,2026-06-27T00:00:00.000Z,,excel-seed
seed-2-mhs-80t-172,,,2026-05-25,夜,,,2-mhs-80t,2# MHS-80T,ARC PLATE GV2,W113893530111,-,1383.1,276.62,5,120,8,505,0,10,0,788.1,10,0,70,0,356788,60,0,,2026-06-27T00:00:00.000Z,,excel-seed
seed-2-mhs-80t-173,,,2026-05-26,白,,,2-mhs-80t,2# MHS-80T,ARC PLATE GV2,W113893530111,-,669.32,133.86,5,120,8,40,0,120,0,429.32,0,0,80,0,41144,80,0,,2026-06-27T00:00:00.000Z,,excel-seed
seed-2-mhs-80t-174,,,2026-05-26,夜,,,2-mhs-80t,2# MHS-80T,ARC PLATE GV2,W113893530111,-,1003.16,200.63,5,120,8,280,0,50,0,598.16,0,0,75,0,240416,80,0,,2026-06-27T00:00:00.000Z,,excel-seed
seed-2-mhs-80t-175,,,2026-05-27,白,,,2-mhs-80t,2# MHS-80T,ARC PLATE GV2,W113893530111,-,1167.22,233.44,5,120,8,225,0,45,0,817.22,0,0,80,0,141406,50,0,,2026-06-27T00:00:00.000Z,,excel-seed
seed-2-mhs-80t-176,,,2026-05-27,夜,,,2-mhs-80t,2# MHS-80T,ARC PLATE GV2,W113893530111,-,1256.51,251.3,5,120,8,510,0,35,0,636.51,0,0,75,0,423060,60,0,,2026-06-27T00:00:00.000Z,,excel-seed
seed-2-mhs-80t-177,,,2026-05-28,白,,,2-mhs-80t,2# MHS-80T,ARC PLATE GV2,W113893530111,-,1143.41,228.68,5,120,8,185,0,85,0,753.41,45,0,75,0,117864,200,0,,2026-06-27T00:00:00.000Z,,excel-seed
seed-2-mhs-80t-178,,,2026-05-28,夜,,,2-mhs-80t,2# MHS-80T,ARC PLATE GV2,W113893530111,-,1214.29,242.86,5,120,8,405,40,60,0,639.29,0,0,70,0,322332,100,0,,2026-06-27T00:00:00.000Z,,excel-seed
seed-2-mhs-80t-179,,,2026-06-01,白,,,2-mhs-80t,2# MHS-80T,Output Connector Steel,S1B13952,-,1107.78,221.56,5,100,2,360,0,55,0,552.78,60,0,80,0,68382,100,0,,2026-06-27T00:00:00.000Z,,excel-seed
seed-2-mhs-80t-180,,,2026-06-01,夜,,,2-mhs-80t,2# MHS-80T,Output Connector Steel,S1B13952,-,1219.98,244,5,100,2,430,0,55,0,664.98,0,0,70,0,69190,20,0,,2026-06-27T00:00:00.000Z,,excel-seed
seed-2-mhs-80t-181,,,2026-06-02,白,,,2-mhs-80t,2# MHS-80T,Output Connector Steel,S1B13952,-,890.82,178.16,5,100,2,175,0,130,0,450.82,55,0,80,0,34936,200,0,,2026-06-27T00:00:00.000Z,,excel-seed
seed-2-mhs-80t-182,,,2026-06-02,夜,,,2-mhs-80t,2# MHS-80T,Output Connector Steel,S1B13952,-,1132.92,226.58,5,100,2,365,0,65,0,637.92,0,0,65,0,60650,50,0,,2026-06-27T00:00:00.000Z,,excel-seed
seed-2-mhs-80t-183,,,2026-06-03,白,,,2-mhs-80t,2# MHS-80T,Output Connector Steel,S1B13952,-,850.8,170.16,5,100,2,175,0,65,0,525.8,0,0,85,0,33948,500,0,,2026-06-27T00:00:00.000Z,,excel-seed
seed-2-mhs-80t-184,,,2026-06-03,夜,,,2-mhs-80t,2# MHS-80T,ARC PLATE  (14),51207117,-,365,73,5,200,14,25,180,115,0,0,0,0,45,0,0,9800,0,,2026-06-27T00:00:00.000Z,,excel-seed
seed-2-mhs-80t-185,,,2026-06-04,白,,,2-mhs-80t,2# MHS-80T,ARC PLATE  (14),51207117,-,1290.66,258.13,5,200,14,375,0,90,0,695.66,45,0,85,0,732036,500,0,,2026-06-27T00:00:00.000Z,,excel-seed
seed-2-mhs-80t-186,,,2026-06-04,夜,,,2-mhs-80t,2# MHS-80T,ARC PLATE  (14),51207117,-,1965.27,393.05,5,200,14,400,0,30,0,1420.27,45,0,70,0,441606,80,0,,2026-06-27T00:00:00.000Z,,excel-seed
seed-2-mhs-80t-187,,,2026-06-05,白,,,2-mhs-80t,2# MHS-80T,ARC PLATE  (14),51207117,-,1269.67,253.93,5,200,14,380,0,90,0,699.67,20,0,80,0,745148,560,0,,2026-06-27T00:00:00.000Z,,excel-seed
seed-2-mhs-80t-188,,,2026-06-05,夜,,,2-mhs-80t,2# MHS-80T,ARC PLATE  (14),51207117,-,1360.09,272.02,5,200,14,370,0,45,0,880.09,40,0,25,0,482634,100,0,,2026-06-27T00:00:00.000Z,,excel-seed
seed-2-mhs-80t-189,,,2026-06-08,白,,,2-mhs-80t,2# MHS-80T,ARC PLATE  (14),51207117,-,1401.55,280.31,5,200,14,500,0,30,0,741.55,50,0,80,0,1038362,200,0,,2026-06-27T00:00:00.000Z,,excel-seed
seed-2-mhs-80t-190,,,2026-06-08,夜,,,2-mhs-80t,2# MHS-80T,ARC PLATE  (14),51207117,-,1763.96,352.79,5,200,14,460,0,40,0,1168.96,30,0,65,0,611520,280,0,,2026-06-27T00:00:00.000Z,,excel-seed
seed-2-mhs-80t-191,,,2026-06-09,白,,,2-mhs-80t,2# MHS-80T,ARC PLATE  (14),51207117,-,1320.91,264.18,5,200,14,405,0,105,0,700.91,30,0,80,0,768502,840,0,,2026-06-27T00:00:00.000Z,,excel-seed
seed-2-mhs-80t-192,,,2026-06-09,夜,,,2-mhs-80t,2# MHS-80T,ARC PLATE  (14),51207117,-,1580.32,316.06,5,200,14,410,0,35,0,1095.32,10,0,30,0,440200,100,0,,2026-06-27T00:00:00.000Z,,excel-seed
seed-2-mhs-80t-193,,,2026-06-10,白,,,2-mhs-80t,2# MHS-80T,Input Connector,51207042AA,-,1430.82,286.16,5,150,2,100,155,55,0,1030.82,0,0,90,0,14988,200,0,,2026-06-27T00:00:00.000Z,,excel-seed
seed-2-mhs-80t-194,,,2026-06-10,夜,,,2-mhs-80t,2# MHS-80T,Input Connector,51207042AA,-,1466.44,293.29,5,150,2,530,0,20,0,846.44,0,0,70,0,107072,30,0,,2026-06-27T00:00:00.000Z,,excel-seed
seed-2-mhs-80t-195,,,2026-06-11,白,,,2-mhs-80t,2# MHS-80T,Input Connector,51207042AA,-,1140.42,228.08,5,150,2,360,0,105,0,600.42,15,0,60,0,89038,30,0,,2026-06-27T00:00:00.000Z,,excel-seed
seed-2-mhs-80t-196,,,2026-06-11,夜,,,2-mhs-80t,2# MHS-80T,Input Connector,51207042AA,-,1173.52,234.7,5,150,2,390,0,130,0,583.52,0,0,70,0,92234,80,0,,2026-06-27T00:00:00.000Z,,excel-seed
seed-2-mhs-80t-197,,,2026-06-12,白,,,2-mhs-80t,2# MHS-80T,ARC PLATE GV2,W113893530111,-,1268.93,253.79,5,120,8,355,185,35,0,608.93,0,0,85,0,302220,100,0,,2026-06-27T00:00:00.000Z,,excel-seed
seed-2-mhs-80t-198,,,2026-06-12,夜,,,2-mhs-80t,2# MHS-80T,ARC PLATE GV2,W113893530111,-,1256.38,251.28,5,120,8,320,0,75,0,761.38,30,0,70,0,207792,120,0,,2026-06-27T00:00:00.000Z,,excel-seed
seed-2-mhs-80t-199,,,2026-06-13,白,,,2-mhs-80t,2# MHS-80T,ARC PLATE GV2,W113893530111,-,1214.16,242.83,5,120,8,450,0,50,0,629.16,10,0,75,0,367348,500,0,,2026-06-27T00:00:00.000Z,,excel-seed
seed-2-mhs-80t-200,,,2026-06-13,夜,,,2-mhs-80t,2# MHS-80T,ARC PLATE GV2,W113893530111,-,1397.2,279.44,5,120,8,425,0,65,0,837.2,0,0,70,0,255852,140,0,,2026-06-27T00:00:00.000Z,,excel-seed
seed-2-mhs-80t-201,,,2026-06-15,白,,,2-mhs-80t,2# MHS-80T,ARC PLATE GV2,W113893530111,-,5159.74,1031.95,5,120,8,375,0,45,0,4639.74,15,0,85,0,41123,160,0,,2026-06-27T00:00:00.000Z,,excel-seed
seed-2-mhs-80t-202,,,2026-06-15,夜,,,2-mhs-80t,2# MHS-80T,ARC PLATE GV2,W113893530111,-,1093.43,218.69,5,120,8,155,0,60,0,808.43,0,0,70,0,97552,280,0,,2026-06-27T00:00:00.000Z,,excel-seed
seed-2-mhs-80t-203,,,2026-06-16,白,,,2-mhs-80t,2# MHS-80T,ARC PLATE GV2,W113893530111,-,1132.41,226.48,5,120,8,385,0,85,0,567.41,15,0,80,0,322432,120,0,,2026-06-27T00:00:00.000Z,,excel-seed
seed-2-mhs-80t-204,,,2026-06-16,夜,,,2-mhs-80t,2# MHS-80T,ARC PLATE GV2,W113893530111,-,1127.31,225.46,5,120,8,335,0,55,0,652.31,15,0,70,0,263764,100,0,,2026-06-27T00:00:00.000Z,,excel-seed
seed-2-mhs-80t-205,,,2026-06-17,白,,,2-mhs-80t,2# MHS-80T,ARC PLATE GV2,W113893530111,-,1061.2,212.24,5,120,8,160,0,75,0,726.2,0,0,100,0,102584,160,0,,2026-06-27T00:00:00.000Z,,excel-seed
seed-2-mhs-80t-206,,,2026-06-17,夜,,,2-mhs-80t,2# MHS-80T,ARC PLATE GV2,W113893530111,-,1091.52,218.3,5,120,8,350,0,105,0,566.52,0,0,70,0,287652,100,0,,2026-06-27T00:00:00.000Z,,excel-seed
seed-2-mhs-80t-207,,,2026-06-18,白,,,2-mhs-80t,2# MHS-80T,ARC PLATE GV2,W113893530111,-,1105.27,221.05,5,120,8,235,0,110,0,660.27,0,0,100,0,153756,180,0,,2026-06-27T00:00:00.000Z,,excel-seed
seed-2-mhs-80t-208,,,2026-06-18,夜,,,2-mhs-80t,2# MHS-80T,ARC PLATE GV2,W113893530111,-,3249.17,649.83,5,120,8,270,0,30,0,2894.17,0,0,55,0,28659,50,0,,2026-06-27T00:00:00.000Z,,excel-seed
seed-2-mhs-80t-209,,,2026-06-19,白,,,2-mhs-80t,2# MHS-80T,ARC PLATE GV2,W113893530111,-,542.74,108.55,5,120,8,125,0,55,0,337.74,0,0,20,5,85272,160,0,,2026-06-27T00:00:00.000Z,,excel-seed
seed-2-mhs-80t-210,,,2026-06-19,白,,,2-mhs-80t,2# MHS-80T,Output Connector Steel,S1B13952,-,1066.07,213.21,5,100,8,135,10,85,0,786.07,0,0,45,5,19922,80,0,,2026-06-27T00:00:00.000Z,,excel-seed
seed-2-mhs-80t-211,,,2026-06-19,夜,,,2-mhs-80t,2# MHS-80T,Output Connector Steel,S1B13952,-,3018.35,603.67,5,100,8,485,0,35,0,2418.35,10,0,70,0,89044,50,0,,2026-06-27T00:00:00.000Z,,excel-seed
seed-2-mhs-80t-212,,,2026-06-20,白,,,2-mhs-80t,2# MHS-80T,Output Connector Steel,S1B13952,-,2841,568.2,5,100,8,500,0,75,0,2181,15,0,70,0,94452,80,0,,2026-06-27T00:00:00.000Z,,excel-seed
seed-2-mhs-80t-213,,,2026-06-20,夜,,,2-mhs-80t,2# MHS-80T,Output Connector Steel,S1B13952,-,2404,480.8,5,100,8,305,0,70,0,1949,10,0,70,0,65100,40,0,,2026-06-27T00:00:00.000Z,,excel-seed
seed-2-mhs-80t-214,,,2026-06-21,白,,,2-mhs-80t,2# MHS-80T,Output Connector Steel,S1B13952,-,3164.92,632.98,5,100,8,565,0,20,0,2504.92,10,0,65,0,103756,90,0,,2026-06-27T00:00:00.000Z,,excel-seed
seed-2-mhs-80t-215,,,2026-06-21,夜,,,2-mhs-80t,2# MHS-80T,Output Connector Steel,S1B13952,-,1086.87,217.37,5,100,2,335,0,95,0,586.87,0,0,70,0,56512,40,0,,2026-06-27T00:00:00.000Z,,excel-seed
seed-2-mhs-80t-216,,,2026-06-22,白,,,2-mhs-80t,2# MHS-80T,Output Connector Steel,S1B13952,-,1237.87,247.57,5,100,2,530,0,35,0,577.87,15,0,80,0,99970,60,0,,2026-06-27T00:00:00.000Z,,excel-seed
seed-2-mhs-80t-217,,,2026-06-22,夜,,,2-mhs-80t,2# MHS-80T,Output Connector Steel,S1B13952,-,164.67,32.93,5,100,2,30,0,30,0,94.67,0,0,5,5,5070,30,0,,2026-06-27T00:00:00.000Z,,excel-seed
seed-2-mhs-80t-218,,,2026-06-22,夜,,,2-mhs-80t,2# MHS-80T,ARC PLATE GV2,W113893530111,-,839.69,167.94,5,120,8,130,90,50,0,514.69,0,0,55,0,100628,100,0,,2026-06-27T00:00:00.000Z,,excel-seed
seed-2-mhs-80t-219,,,2026-06-23,白,,,2-mhs-80t,2# MHS-80T,ARC PLATE GV2,W113893530111,-,1080.59,216.12,5,120,8,335,0,90,0,575.59,0,0,80,0,273776,80,0,,2026-06-27T00:00:00.000Z,,excel-seed
seed-2-mhs-80t-220,,,2026-06-23,夜,,,2-mhs-80t,2# MHS-80T,ARC PLATE GV2,W113893530111,-,1264.85,252.97,5,120,8,480,0,20,0,694.85,0,0,70,0,378004,60,0,,2026-06-27T00:00:00.000Z,,excel-seed
seed-2-mhs-80t-221,,,2026-06-24,白,,,2-mhs-80t,2# MHS-80T,ARC PLATE GV2,W113893530111,-,1360.73,272.15,5,120,8,285,0,200,0,790.73,10,0,75,0,133214,170,0,,2026-06-27T00:00:00.000Z,,excel-seed
seed-2-mhs-80t-222,,,2026-06-24,夜,,,2-mhs-80t,2# MHS-80T,ARC PLATE GV2,W113893530111,-,1304.06,260.81,5,120,8,550,0,25,0,644.06,15,0,70,0,463190,50,0,,2026-06-27T00:00:00.000Z,,excel-seed
seed-2-mhs-80t-223,,,2026-06-25,白,,,2-mhs-80t,2# MHS-80T,ARC PLATE GV2,W113893530111,-,867.55,173.51,5,120,8,80,0,210,0,497.55,0,0,80,0,57112,160,0,,2026-06-27T00:00:00.000Z,,excel-seed
seed-2-mhs-80t-224,,,2026-06-25,夜,,,2-mhs-80t,2# MHS-80T,ARC PLATE GV2,W113893530111,-,1325.32,265.06,5,120,8,560,0,15,0,665.32,15,0,70,0,464620,180,0,,2026-06-27T00:00:00.000Z,,excel-seed
seed-2-mhs-80t-225,,,2026-06-26,白,,,2-mhs-80t,2# MHS-80T,ARC PLATE GV2,W113893530111,-,1114.71,222.94,5,120,8,325,0,150,0,564.71,0,0,75,0,240336,0,0,,2026-06-27T00:00:00.000Z,,excel-seed
seed-2-mhs-80t-226,,,2026-06-26,夜,,,2-mhs-80t,2# MHS-80T,ARC PLATE GV2,W113893530111,-,1217.36,243.47,5,120,8,490,0,60,0,587.36,10,0,70,0,424464,120,0,,2026-06-27T00:00:00.000Z,,excel-seed
seed-3-ocp-110t-1,,,2026-01-05,白,,,3-ocp-110t,3# OCP-110T,1-JR,48187254AA,-,280,56,5,50,1,25,0,220,0,0,0,0,25,10,0,785,0,,2026-06-27T00:00:00.000Z,,excel-seed
seed-3-ocp-110t-2,,,2026-01-06,白,,,3-ocp-110t,3# OCP-110T,1-JR,48187254AA,-,678.66,135.73,5,50,1,95,0,160,0,338.66,10,0,75,0,5961,550,0,,2026-06-27T00:00:00.000Z,,excel-seed
seed-3-ocp-110t-3,,,2026-01-07,白,,,3-ocp-110t,3# OCP-110T,1-JR,48187254AA,-,493.62,98.72,5,50,1,50,0,135,0,258.62,0,0,50,0,3190,364,0,,2026-06-27T00:00:00.000Z,,excel-seed
seed-3-ocp-110t-4,,,2026-01-08,白,,,3-ocp-110t,3# OCP-110T,ANTI-ROTATION CLIP,5037028-AA,-,1355.5,271.1,5,80,2,205,0,50,0,840.5,0,0,85,175,8000,20,0,,2026-06-27T00:00:00.000Z,,excel-seed
seed-3-ocp-110t-5,,,2026-01-08,白,,,3-ocp-110t,3# OCP-110T,1-JR,48187254AA,-,430.5,86.1,5,50,1,90,45,110,0,130.5,10,0,45,0,5000,25,0,,2026-06-27T00:00:00.000Z,,excel-seed
seed-3-ocp-110t-6,,,2026-01-09,白,,,3-ocp-110t,3# OCP-110T,1-JR,48187254AA,-,964.17,192.83,5,50,1,25,0,330,0,604.17,0,0,5,0,300,266,0,,2026-06-27T00:00:00.000Z,,excel-seed
seed-3-ocp-110t-7,,,2026-01-16,白,,,3-ocp-110t,3# OCP-110T,1-JR,48187254AA,-,235.17,47.03,5,50,1,40,0,70,0,55.17,0,0,35,35,1450,0,0,,2026-06-27T00:00:00.000Z,,excel-seed
seed-3-ocp-110t-8,,,2026-01-17,白,,,3-ocp-110t,3# OCP-110T,CT3 Tetra A1 Coil Screw Terminal A1,W117239700111,-,685,137,5,60,1,25,0,610,0,0,0,0,50,0,0,200,0,,2026-06-27T00:00:00.000Z,,excel-seed
seed-3-ocp-110t-9,,,2026-01-18,白,,,3-ocp-110t,3# OCP-110T,CT3 Tetra A1 Coil Screw Terminal A1,W117239700111,-,687.5,137.5,5,60,1,170,0,120,0,382.5,0,0,15,0,6000,50,0,,2026-06-27T00:00:00.000Z,,excel-seed
seed-3-ocp-110t-10,,,2026-01-19,白,,,3-ocp-110t,3# OCP-110T,1-JR,48187254AA,-,1096.12,219.22,5,50,1,220,55,110,0,581.12,30,0,45,55,8518,3,0,,2026-06-27T00:00:00.000Z,,excel-seed
seed-3-ocp-110t-11,,,2026-01-20,白,,,3-ocp-110t,3# OCP-110T,1-JR,48187254AA,-,1444.4,288.88,5,50,1,175,0,325,0,884.4,0,0,60,0,3908,120,0,,2026-06-27T00:00:00.000Z,,excel-seed
seed-3-ocp-110t-12,,,2026-01-21,白,,,3-ocp-110t,3# OCP-110T,1-JR,48187254AA,-,1477.19,295.44,5,50,1,130,0,170,0,1117.19,0,0,60,0,3200,24,0,,2026-06-27T00:00:00.000Z,,excel-seed
seed-3-ocp-110t-13,,,2026-01-22,白,,,3-ocp-110t,3# OCP-110T,1-JR,48187254AA,-,1335.56,267.11,5,50,1,170,0,70,0,1010.56,30,0,55,0,4500,127,0,,2026-06-27T00:00:00.000Z,,excel-seed
seed-3-ocp-110t-14,,,2026-01-23,白,,,3-ocp-110t,3# OCP-110T,1-JR,48187254AA,-,275,55,5,50,1,25,0,225,0,0,0,0,25,0,0,360,0,,2026-06-27T00:00:00.000Z,,excel-seed
seed-3-ocp-110t-15,,,2026-01-24,白,,,3-ocp-110t,3# OCP-110T,1-JR,48187254AA,-,1196.57,239.31,5,50,1,255,0,160,0,706.57,20,0,55,0,8030,300,0,,2026-06-27T00:00:00.000Z,,excel-seed
seed-3-ocp-110t-16,,,2026-01-26,白,,,3-ocp-110t,3# OCP-110T,1-JR,48187254AA,-,1451.49,290.3,5,50,1,125,0,290,0,966.49,0,0,70,0,1940,19,0,,2026-06-27T00:00:00.000Z,,excel-seed
seed-3-ocp-110t-17,,,2026-01-27,白,,,3-ocp-110t,3# OCP-110T,1-JR,48187254AA,-,1007.05,201.41,5,50,1,190,0,165,0,592.05,50,0,10,0,4894,24,0,,2026-06-27T00:00:00.000Z,,excel-seed
seed-3-ocp-110t-18,,,2026-01-28,白,,,3-ocp-110t,3# OCP-110T,BIMETAL (137),51207070,-,1742.06,348.41,5,110,2,665,0,35,0,962.06,0,0,80,0,101126,78,0,,2026-06-27T00:00:00.000Z,,excel-seed
seed-3-ocp-110t-19,,,2026-01-29,白,,,3-ocp-110t,3# OCP-110T,BIMETAL (137),51207070,-,1099.38,219.88,5,110,2,350,0,45,0,634.38,15,0,55,0,67972,30,0,,2026-06-27T00:00:00.000Z,,excel-seed
seed-3-ocp-110t-20,,,2026-01-29,夜,,,3-ocp-110t,3# OCP-110T,BIMETAL (137),51207070,-,1624.62,324.92,5,110,2,560,0,35,0,964.62,10,0,55,0,72800,108,0,,2026-06-27T00:00:00.000Z,,excel-seed
seed-3-ocp-110t-21,,,2026-01-30,白,,,3-ocp-110t,3# OCP-110T,BIMETAL (137),51207070,-,1358.96,271.79,5,110,2,565,0,25,0,698.96,10,0,60,0,102256,40,0,,2026-06-27T00:00:00.000Z,,excel-seed
seed-3-ocp-110t-22,,,2026-01-30,夜,,,3-ocp-110t,3# OCP-110T,BIMETAL (137),51207070,-,797.52,159.5,5,110,2,250,0,15,70,437.52,15,0,10,0,42112,40,0,,2026-06-27T00:00:00.000Z,,excel-seed
seed-3-ocp-110t-23,,,2026-01-31,白,,,3-ocp-110t,3# OCP-110T,BIMETAL (137),51207070,-,1580.1,316.02,5,110,2,655,0,30,0,800.1,35,0,60,0,124270,40,0,,2026-06-27T00:00:00.000Z,,excel-seed
seed-3-ocp-110t-24,,,2026-01-31,夜,,,3-ocp-110t,3# OCP-110T,BIMETAL (137),51207070,-,595.34,119.07,5,110,2,260,0,25,0,300.34,10,0,0,0,63800,22,0,,2026-06-27T00:00:00.000Z,,excel-seed
seed-3-ocp-110t-25,,,2026-02-02,白,,,3-ocp-110t,3# OCP-110T,BIMETAL (137),51207070,-,1708.61,341.72,5,110,2,675,0,45,0,928.61,0,0,60,0,107944,160,0,,2026-06-27T00:00:00.000Z,,excel-seed
seed-3-ocp-110t-26,,,2026-02-02,夜,,,3-ocp-110t,3# OCP-110T,BIMETAL (137),51207070,-,1025.45,205.09,5,110,2,460,0,20,0,485.45,15,0,45,0,99022,40,0,,2026-06-27T00:00:00.000Z,,excel-seed
seed-3-ocp-110t-27,,,2026-02-03,白,,,3-ocp-110t,3# OCP-110T,BIMETAL (137),51207070,-,1222.18,244.44,5,110,2,410,0,15,0,722.18,15,0,60,0,73066,40,0,,2026-06-27T00:00:00.000Z,,excel-seed
seed-3-ocp-110t-28,,,2026-02-03,夜,,,3-ocp-110t,3# OCP-110T,BIMETAL (137),51207070,-,1125.04,225.01,5,110,2,320,0,75,0,660.04,15,0,55,0,56530,60,0,,2026-06-27T00:00:00.000Z,,excel-seed
seed-3-ocp-110t-29,,,2026-02-04,白,,,3-ocp-110t,3# OCP-110T,BIMETAL (137),51207070,-,1320.73,264.15,5,110,2,510,0,25,0,695.73,30,0,60,0,92730,404,0,,2026-06-27T00:00:00.000Z,,excel-seed
seed-3-ocp-110t-30,,,2026-02-04,夜,,,3-ocp-110t,3# OCP-110T,BIMETAL (137),51207070,-,1385.15,277.03,5,110,2,580,0,20,0,725.15,15,0,45,0,104698,40,0,,2026-06-27T00:00:00.000Z,,excel-seed
seed-3-ocp-110t-31,,,2026-02-05,白,,,3-ocp-110t,3# OCP-110T,BIMETAL (137),51207070,-,1366.95,273.39,5,110,2,535,0,15,0,706.95,20,0,90,0,92402,40,0,,2026-06-27T00:00:00.000Z,,excel-seed
seed-3-ocp-110t-32,,,2026-02-05,夜,,,3-ocp-110t,3# OCP-110T,BIMETAL (137),51207070,-,1429.45,285.89,5,110,2,555,0,20,0,769.45,30,0,55,0,92830,120,0,,2026-06-27T00:00:00.000Z,,excel-seed
seed-3-ocp-110t-33,,,2026-02-06,白,,,3-ocp-110t,3# OCP-110T,BIMETAL (137),51207070,-,708.42,141.68,5,110,2,245,50,40,0,348.42,0,0,20,5,45636,60,0,,2026-06-27T00:00:00.000Z,,excel-seed
seed-3-ocp-110t-34,,,2026-02-07,白,,,3-ocp-110t,3# OCP-110T,SORTIE BOBINE BORNE A1,W113791660114,-,1029.48,205.9,5,60,1,275,60,10,30,369.48,0,0,70,215,16300,32,0,,2026-06-27T00:00:00.000Z,,excel-seed
seed-3-ocp-110t-35,,,2026-02-09,白,,,3-ocp-110t,3# OCP-110T,SORTIE BOBINE BORNE A1,W113791660114,-,1691.17,338.23,5,60,1,665,0,30,20,911.17,15,0,50,0,30653,160,0,,2026-06-27T00:00:00.000Z,,excel-seed
seed-3-ocp-110t-36,,,2026-02-10,白,,,3-ocp-110t,3# OCP-110T,SORTIE BOBINE BORNE A1,W113791660114,-,1425.31,285.06,5,60,1,565,0,155,0,645.31,0,0,60,0,29681,90,0,,2026-06-27T00:00:00.000Z,,excel-seed
seed-3-ocp-110t-37,,,2026-02-10,夜,,,3-ocp-110t,3# OCP-110T,SORTIE BOBINE BORNE A1,W113791660114,-,299.62,59.92,5,60,1,55,0,30,0,139.62,0,0,40,35,1300,19,0,,2026-06-27T00:00:00.000Z,,excel-seed
seed-3-ocp-110t-38,,,2026-02-11,白,,,3-ocp-110t,3# OCP-110T,SORTIE BOBINE BORNE A1,W113791660114,-,1082.31,216.46,5,50,1,500,0,105,0,422.31,0,0,55,0,29599,60,0,,2026-06-27T00:00:00.000Z,,excel-seed
seed-3-ocp-110t-39,,,2026-02-11,夜,,,3-ocp-110t,3# OCP-110T,SORTIE BOBINE BORNE A1,W113791660114,-,598.66,119.73,5,50,1,135,0,40,0,118.66,15,0,10,280,8533,15,0,,2026-06-27T00:00:00.000Z,,excel-seed
seed-3-ocp-110t-40,,,2026-02-12,白,,,3-ocp-110t,3# OCP-110T,SORTIE BOBINE BORNE A1,W113791660114,-,1399.29,279.86,5,60,1,575,0,20,0,739.29,0,10,55,0,27300,100,0,,2026-06-27T00:00:00.000Z,,excel-seed
seed-3-ocp-110t-41,,,2026-02-12,夜,,,3-ocp-110t,3# OCP-110T,SORTIE BOBINE BORNE A1,W113791660114,-,580.52,116.1,5,60,1,90,0,5,0,100.52,0,0,0,385,4835,5,0,,2026-06-27T00:00:00.000Z,,excel-seed
seed-3-ocp-110t-42,,,2026-02-13,白,,,3-ocp-110t,3# OCP-110T,SORTIE BOBINE BORNE A2,W113791670114,-,772,154.4,5,60,1,120,80,150,0,372,0,0,50,0,6000,206,0,,2026-06-27T00:00:00.000Z,,excel-seed
seed-3-ocp-110t-43,,,2026-02-13,白,,,3-ocp-110t,3# OCP-110T,"Lock,Slide",48187086AA,-,667.66,133.53,5,80,2,115,85,45,0,367.66,15,0,35,5,10760,40,0,,2026-06-27T00:00:00.000Z,,excel-seed
seed-3-ocp-110t-44,,,2026-02-14,白,,,3-ocp-110t,3# OCP-110T,SORTIE BOBINE BORNE A2,W113791670114,-,280,56,5,60,1,25,0,235,0,0,0,0,20,0,0,306,0,,2026-06-27T00:00:00.000Z,,excel-seed
seed-3-ocp-110t-45,,,2026-02-16,白,,,3-ocp-110t,3# OCP-110T,BIMETAL (137),51207070,-,890.96,178.19,5,110,2,300,55,15,0,370.96,0,0,50,100,63160,16,0,,2026-06-27T00:00:00.000Z,,excel-seed
seed-3-ocp-110t-46,,,2026-02-16,夜,,,3-ocp-110t,3# OCP-110T,SORTIE BOBINE BORNE A2,W113791670114,-,647.53,129.51,5,60,1,55,0,15,0,577.53,0,0,0,0,2657,20,0,,2026-06-27T00:00:00.000Z,,excel-seed
seed-3-ocp-110t-47,,,2026-02-17,白,,,3-ocp-110t,3# OCP-110T,SORTIE BOBINE BORNE A2,W113791670114,-,1250.08,250.02,5,60,1,500,0,10,0,700.08,0,0,40,0,26140,160,0,,2026-06-27T00:00:00.000Z,,excel-seed
seed-3-ocp-110t-48,,,2026-02-17,夜,,,3-ocp-110t,3# OCP-110T,BIMETAL (137),51207070,-,1114.51,222.9,5,110,2,465,0,40,0,544.51,0,0,65,0,87362,40,0,,2026-06-27T00:00:00.000Z,,excel-seed
seed-3-ocp-110t-49,,,2026-02-18,白,,,3-ocp-110t,3# OCP-110T,SORTIE BOBINE BORNE A2,W113791670114,-,1345.55,269.11,5,60,1,485,100,15,0,685.55,0,0,60,0,24832,20,0,,2026-06-27T00:00:00.000Z,,excel-seed
seed-3-ocp-110t-50,,,2026-02-18,夜,,,3-ocp-110t,3# OCP-110T,SORTIE BOBINE BORNE A2,W113791670114,-,274.82,54.96,5,60,1,100,25,0,0,134.82,0,0,10,5,5563,5,0,,2026-06-27T00:00:00.000Z,,excel-seed
seed-3-ocp-110t-51,,,2026-02-18,夜,,,3-ocp-110t,3# OCP-110T,BIMETAL (137),51207070,-,870.88,174.18,5,110,2,270,105,15,0,430.88,0,0,50,0,51696,40,0,,2026-06-27T00:00:00.000Z,,excel-seed
seed-3-ocp-110t-52,,,2026-02-19,白,,,3-ocp-110t,3# OCP-110T,BIMETAL (137),51207070,-,494.62,98.92,5,110,2,90,55,35,25,254.62,15,0,20,0,14386,40,0,,2026-06-27T00:00:00.000Z,,excel-seed
seed-3-ocp-110t-53,,,2026-02-19,白,,,3-ocp-110t,3# OCP-110T,SORTIE BOBINE BORNE A2,W113791670114,-,820.84,164.17,5,60,1,320,20,35,0,400.84,0,0,45,0,16286,20,0,,2026-06-27T00:00:00.000Z,,excel-seed
seed-3-ocp-110t-54,,,2026-02-19,夜,,,3-ocp-110t,3# OCP-110T,SORTIE BOBINE BORNE A2,W113791670114,-,1643.68,328.74,5,60,1,555,0,25,0,983.68,15,0,65,0,19296,20,0,,2026-06-27T00:00:00.000Z,,excel-seed
seed-3-ocp-110t-55,,,2026-02-20,白,,,3-ocp-110t,3# OCP-110T,SORTIE BOBINE BORNE A2,W113791670114,-,1478.95,295.79,5,50,1,590,0,45,0,758.95,30,0,55,0,24099,50,0,,2026-06-27T00:00:00.000Z,,excel-seed
seed-3-ocp-110t-56,,,2026-02-20,夜,,,3-ocp-110t,3# OCP-110T,SORTIE BOBINE BORNE A2,W113791670114,-,862.78,172.56,5,50,1,355,0,5,0,382.78,0,0,30,90,16462,20,0,,2026-06-27T00:00:00.000Z,,excel-seed
seed-3-ocp-110t-57,,,2026-02-23,白,,,3-ocp-110t,3# OCP-110T,1-JR,48187254AA,-,935.43,187.09,5,50,1,70,0,70,0,685.43,0,0,110,0,2451,390,0,,2026-06-27T00:00:00.000Z,,excel-seed
seed-3-ocp-110t-58,,,2026-02-24,白,,,3-ocp-110t,3# OCP-110T,1-JR,48187254AA,-,1041.37,208.27,5,50,1,145,0,145,0,646.37,15,0,90,0,4767,120,0,,2026-06-27T00:00:00.000Z,,excel-seed
seed-3-ocp-110t-59,,,2026-02-25,白,,,3-ocp-110t,3# OCP-110T,1-JR,48187254AA,-,1032.57,206.51,5,50,1,230,0,155,0,552.57,15,0,80,0,8845,175,0,,2026-06-27T00:00:00.000Z,,excel-seed
seed-3-ocp-110t-60,,,2026-02-26,白,,,3-ocp-110t,3# OCP-110T,1-JR,48187254AA,-,889.08,177.82,5,50,1,210,0,180,0,394.08,30,0,75,0,10791,20,0,,2026-06-27T00:00:00.000Z,,excel-seed
seed-3-ocp-110t-61,,,2026-02-27,白,,,3-ocp-110t,3# OCP-110T,1-JR,48187254AA,-,960.01,192,5,50,1,165,0,135,0,560.01,15,0,85,0,6482,20,0,,2026-06-27T00:00:00.000Z,,excel-seed
seed-3-ocp-110t-62,,,2026-02-27,夜,,,3-ocp-110t,3# OCP-110T,BIMETAL (137),51207070,-,1660.12,332.02,5,110,2,500,85,15,0,1000.12,0,0,60,0,64342,40,0,,2026-06-27T00:00:00.000Z,,excel-seed
seed-3-ocp-110t-63,,,2026-02-28,白,,,3-ocp-110t,3# OCP-110T,BIMETAL (137),51207070,-,1322.22,264.44,5,110,2,530,0,10,0,662.22,30,0,90,0,98602,80,0,,2026-06-27T00:00:00.000Z,,excel-seed
seed-3-ocp-110t-64,,,2026-02-28,夜,,,3-ocp-110t,3# OCP-110T,BIMETAL (137),51207070,-,1284.39,256.88,5,110,2,485,0,40,0,624.39,15,0,60,60,85444,40,0,,2026-06-27T00:00:00.000Z,,excel-seed
seed-3-ocp-110t-65,,,2026-03-02,白,,,3-ocp-110t,3# OCP-110T,BIMETAL (137),51207070,-,1071.85,214.37,5,110,2,360,0,70,0,551.85,15,0,75,0,73912,40,0,,2026-06-27T00:00:00.000Z,,excel-seed
seed-3-ocp-110t-66,,,2026-03-02,夜,,,3-ocp-110t,3# OCP-110T,BIMETAL (137),51207070,-,1246.72,249.34,5,110,2,520,0,35,0,586.72,30,0,75,0,107240,40,0,,2026-06-27T00:00:00.000Z,,excel-seed
seed-3-ocp-110t-67,,,2026-03-03,白,,,3-ocp-110t,3# OCP-110T,BIMETAL (137),51207070,-,1035.27,207.05,5,110,2,215,0,55,80,590.27,0,0,95,0,40868,40,0,,2026-06-27T00:00:00.000Z,,excel-seed
seed-3-ocp-110t-68,,,2026-03-03,夜,,,3-ocp-110t,3# OCP-110T,BIMETAL (137),51207070,-,273.18,54.64,5,110,2,95,0,10,0,153.18,0,0,0,15,12962,40,0,,2026-06-27T00:00:00.000Z,,excel-seed
seed-3-ocp-110t-69,,,2026-03-04,白,,,3-ocp-110t,3# OCP-110T,BIMETAL (137),51207070,-,1146.29,229.26,5,110,2,465,0,15,0,556.29,15,0,95,0,101144,30,0,,2026-06-27T00:00:00.000Z,,excel-seed
seed-3-ocp-110t-70,,,2026-03-04,夜,,,3-ocp-110t,3# OCP-110T,BIMETAL (137),51207070,-,1352.33,270.47,5,110,2,570,0,15,0,692.33,15,0,60,0,105960,40,0,,2026-06-27T00:00:00.000Z,,excel-seed
seed-3-ocp-110t-71,,,2026-03-05,白,,,3-ocp-110t,3# OCP-110T,BIMETAL (137),51207070,-,953.71,190.74,5,110,2,240,0,20,0,528.71,0,0,90,75,47436,40,0,,2026-06-27T00:00:00.000Z,,excel-seed
seed-3-ocp-110t-72,,,2026-03-05,夜,,,3-ocp-110t,3# OCP-110T,BIMETAL (137),51207070,-,969.76,193.95,5,110,2,425,0,15,0,489.76,15,0,20,5,84000,40,0,,2026-06-27T00:00:00.000Z,,excel-seed
seed-3-ocp-110t-73,,,2026-03-06,白,,,3-ocp-110t,3# OCP-110T,BIMETAL (137),51207070,-,1223.19,244.64,5,110,2,495,0,30,0,563.19,60,0,75,0,107316,40,0,,2026-06-27T00:00:00.000Z,,excel-seed
seed-3-ocp-110t-74,,,2026-03-06,夜,,,3-ocp-110t,3# OCP-110T,BIMETAL (137),51207070,-,1038.25,207.65,5,110,2,420,0,15,0,558.25,15,0,20,10,72000,40,0,,2026-06-27T00:00:00.000Z,,excel-seed
seed-3-ocp-110t-75,,,2026-03-09,白,,,3-ocp-110t,3# OCP-110T,BIMETAL (137),51207070,-,1230.34,246.07,5,110,2,540,0,30,0,570.34,10,0,80,0,114564,40,0,,2026-06-27T00:00:00.000Z,,excel-seed
seed-3-ocp-110t-76,,,2026-03-10,白,,,3-ocp-110t,3# OCP-110T,CT3 Tetra A1 Coil Screw Terminal A1,W117239700111,-,235,47,5,60,1,25,0,130,0,0,0,0,80,0,0,652,0,,2026-06-27T00:00:00.000Z,,excel-seed
seed-3-ocp-110t-77,,,2026-03-10,夜,,,3-ocp-110t,3# OCP-110T,CT3 Tetra A1 Coil Screw Terminal A1,W117239700111,-,648.72,129.74,5,60,1,150,0,5,0,173.72,0,0,20,300,8030,20,0,,2026-06-27T00:00:00.000Z,,excel-seed
seed-3-ocp-110t-78,,,2026-03-11,白,,,3-ocp-110t,3# OCP-110T,Medium Arc Platel,48187097,-,1284.91,256.98,5,100,3,85,85,55,0,984.91,0,0,75,0,13722,90,0,,2026-06-27T00:00:00.000Z,,excel-seed
seed-3-ocp-110t-79,,,2026-03-12,白,,,3-ocp-110t,3# OCP-110T,1-JR,48187254AA,-,1120.48,224.1,5,50,1,300,55,130,0,565.48,15,0,50,5,12600,175,0,,2026-06-27T00:00:00.000Z,,excel-seed
seed-3-ocp-110t-80,,,2026-03-12,夜,,,3-ocp-110t,3# OCP-110T,1-JR,48187254AA,-,1199.26,239.85,5,50,1,370,0,35,0,609.26,15,0,65,105,13816,30,0,,2026-06-27T00:00:00.000Z,,excel-seed
seed-3-ocp-110t-81,,,2026-03-13,白,,,3-ocp-110t,3# OCP-110T,BIMETAL (137),51207070,-,1336.41,267.28,5,110,2,450,105,20,0,676.41,15,0,65,5,83426,50,0,,2026-06-27T00:00:00.000Z,,excel-seed
seed-3-ocp-110t-82,,,2026-03-14,白,,,3-ocp-110t,3# OCP-110T,BIMETAL (137),51207070,-,1245.03,249.01,5,110,2,540,0,25,0,585.03,30,0,65,0,115748,60,0,,2026-06-27T00:00:00.000Z,,excel-seed
seed-3-ocp-110t-83,,,2026-03-14,夜,,,3-ocp-110t,3# OCP-110T,BIMETAL (137),51207070,-,1387.44,277.49,5,110,2,545,0,20,0,727.44,30,0,65,0,94774,320,0,,2026-06-27T00:00:00.000Z,,excel-seed
seed-3-ocp-110t-84,,,2026-03-16,白,,,3-ocp-110t,3# OCP-110T,BIMETAL (137),51207070,-,1227.5,245.5,5,110,2,490,0,15,0,617.5,10,0,95,0,96016,120,0,,2026-06-27T00:00:00.000Z,,excel-seed
seed-3-ocp-110t-85,,,2026-03-17,白,,,3-ocp-110t,3# OCP-110T,BIMETAL (137),51207070,-,1245.83,249.17,5,110,2,520,0,25,0,585.83,35,0,80,0,108380,120,0,,2026-06-27T00:00:00.000Z,,excel-seed
seed-3-ocp-110t-86,,,2026-03-18,夜,,,3-ocp-110t,3# OCP-110T,BIMETAL (137),51207070,-,1159.38,231.88,5,110,2,330,0,25,0,524.38,15,0,65,200,51226,40,0,,2026-06-27T00:00:00.000Z,,excel-seed
seed-3-ocp-110t-87,,,2026-03-18,白,,,3-ocp-110t,3# OCP-110T,BIMETAL (137),51207070,-,1317.36,263.47,5,110,2,550,0,15,0,657.36,15,0,80,0,104000,120,0,,2026-06-27T00:00:00.000Z,,excel-seed
seed-3-ocp-110t-88,,,2026-03-19,白,,,3-ocp-110t,3# OCP-110T,BIMETAL (137),51207070,-,719.03,143.81,5,110,2,105,0,40,0,59.03,10,0,110,395,45000,80,0,,2026-06-27T00:00:00.000Z,,excel-seed
seed-3-ocp-110t-89,,,2026-03-20,白,,,3-ocp-110t,3# OCP-110T,BIMETAL (137),51207070,-,1584.02,316.8,5,110,2,655,0,20,0,804.02,15,0,90,0,120080,320,0,,2026-06-27T00:00:00.000Z,,excel-seed
seed-3-ocp-110t-90,,,2026-03-21,白,,,3-ocp-110t,3# OCP-110T,BIMETAL (137),51207070,-,1518.22,303.64,5,110,2,625,0,40,0,738.22,30,0,85,0,122000,42,0,,2026-06-27T00:00:00.000Z,,excel-seed
seed-3-ocp-110t-91,,,2026-03-23,白,,,3-ocp-110t,3# OCP-110T,BIMETAL (137),51207070,-,1510.12,302.02,5,110,2,680,0,10,0,730.12,0,0,90,0,139330,60,0,,2026-06-27T00:00:00.000Z,,excel-seed
seed-3-ocp-110t-92,,,2026-03-24,白,,,3-ocp-110t,3# OCP-110T,BIMETAL (137),51207070,-,1454.12,290.82,5,110,2,625,0,40,0,674.12,30,0,85,0,133600,64,0,,2026-06-27T00:00:00.000Z,,excel-seed
seed-3-ocp-110t-93,,,2026-03-24,夜,,,3-ocp-110t,3# OCP-110T,BIMETAL (137),51207070,-,713.43,142.69,5,110,2,225,0,20,50,358.43,15,0,45,0,40050,60,0,,2026-06-27T00:00:00.000Z,,excel-seed
seed-3-ocp-110t-94,,,2026-03-25,白,,,3-ocp-110t,3# OCP-110T,BIMETAL (137),51207070,-,1062.56,212.51,5,110,2,505,0,60,0,357.56,0,0,75,65,180216,60,0,,2026-06-27T00:00:00.000Z,,excel-seed
seed-3-ocp-110t-95,,,2026-03-26,白,,,3-ocp-110t,3# OCP-110T,BIMETAL (137),51207070,-,1395.04,279.01,5,110,2,600,0,50,20,645.04,0,0,80,0,133014,60,0,,2026-06-27T00:00:00.000Z,,excel-seed
seed-3-ocp-110t-96,,,2026-03-27,白,,,3-ocp-110t,3# OCP-110T,BIMETAL (137),51207070,-,301.85,60.37,5,110,2,25,0,50,0,181.85,0,0,45,0,17088,40,0,,2026-06-27T00:00:00.000Z,,excel-seed
seed-3-ocp-110t-97,,,2026-03-27,夜,,,3-ocp-110t,3# OCP-110T,BIMETAL (137),51207070,-,1376.66,275.33,5,110,2,425,0,30,75,761.66,35,0,50,0,71200,40,0,,2026-06-27T00:00:00.000Z,,excel-seed
seed-3-ocp-110t-98,,,2026-03-28,白,,,3-ocp-110t,3# OCP-110T,BIMETAL (137),51207070,-,727.72,145.54,5,110,2,105,90,75,0,372.72,0,0,85,0,22002,200,0,,2026-06-27T00:00:00.000Z,,excel-seed
seed-3-ocp-110t-99,,,2026-03-28,白,,,3-ocp-110t,3# OCP-110T,BIMETAL (138),51207070,-,1191.25,238.25,5,100,2,55,30,30,0,1031.25,0,0,45,0,2400,82,0,,2026-06-27T00:00:00.000Z,,excel-seed
seed-3-ocp-110t-100,,,2026-03-28,夜,,,3-ocp-110t,3# OCP-110T,BIMETAL (138),51207070,-,1489.2,297.84,5,100,2,505,0,45,0,829.2,45,0,65,0,66992,40,0,,2026-06-27T00:00:00.000Z,,excel-seed
seed-3-ocp-110t-101,,,2026-03-29,白,,,3-ocp-110t,3# OCP-110T,BIMETAL (138),51207070,-,1538.74,307.75,5,100,2,410,0,55,110,878.74,0,0,85,0,48524,500,0,,2026-06-27T00:00:00.000Z,,excel-seed
seed-3-ocp-110t-102,,,2026-03-30,白,,,3-ocp-110t,3# OCP-110T,BIMETAL (138),51207070,-,1282.86,256.57,5,100,2,545,0,20,0,622.86,15,0,80,0,98000,100,0,,2026-06-27T00:00:00.000Z,,excel-seed
seed-3-ocp-110t-103,,,2026-03-30,夜,,,3-ocp-110t,3# OCP-110T,BIMETAL (138),51207070,-,1406.88,281.38,5,100,2,565,0,15,0,746.88,15,0,65,0,87752,280,0,,2026-06-27T00:00:00.000Z,,excel-seed
seed-3-ocp-110t-104,,,2026-03-31,白,,,3-ocp-110t,3# OCP-110T,BIMETAL (138),51207070,-,1267.56,253.51,5,100,2,445,0,30,110,607.56,0,0,75,0,81300,306,0,,2026-06-27T00:00:00.000Z,,excel-seed
seed-3-ocp-110t-105,,,2026-03-31,夜,,,3-ocp-110t,3# OCP-110T,BIMETAL (138),51207070,-,1356.97,271.39,5,100,2,560,0,20,0,696.97,15,0,65,0,92400,240,0,,2026-06-27T00:00:00.000Z,,excel-seed
seed-3-ocp-110t-106,,,2026-04-01,白,,,3-ocp-110t,3# OCP-110T,BIMETAL (138),51207070,-,1329.43,265.89,5,100,2,550,0,30,0,669.43,15,0,65,0,92840,40,0,,2026-06-27T00:00:00.000Z,,excel-seed
seed-3-ocp-110t-107,,,2026-04-01,夜,,,3-ocp-110t,3# OCP-110T,BIMETAL (138),51207070,-,1350.96,270.19,5,100,2,555,0,25,0,690.96,15,0,65,0,91568,240,0,,2026-06-27T00:00:00.000Z,,excel-seed
seed-3-ocp-110t-108,,,2026-04-02,白,,,3-ocp-110t,3# OCP-110T,BIMETAL (138),51207070,-,1256.13,251.23,5,100,2,510,0,40,0,596.13,15,0,95,0,89830,40,0,,2026-06-27T00:00:00.000Z,,excel-seed
seed-3-ocp-110t-109,,,2026-04-02,夜,,,3-ocp-110t,3# OCP-110T,BIMETAL (138),51207070,-,719.61,143.92,5,100,2,305,0,15,0,354.61,15,0,30,0,74828,320,0,,2026-06-27T00:00:00.000Z,,excel-seed
seed-3-ocp-110t-110,,,2026-04-03,白,,,3-ocp-110t,3# OCP-110T,BIMETAL (138),51207070,-,1205.16,241.03,5,100,2,440,0,25,0,620.16,25,0,95,0,76626,50,0,,2026-06-27T00:00:00.000Z,,excel-seed
seed-3-ocp-110t-111,,,2026-04-03,夜,,,3-ocp-110t,3# OCP-110T,BIMETAL (138),51207070,-,1082.46,216.49,5,100,2,330,0,65,15,607.46,0,0,65,0,57584,100,0,,2026-06-27T00:00:00.000Z,,excel-seed
seed-3-ocp-110t-112,,,2026-04-04,白,,,3-ocp-110t,3# OCP-110T,BIMETAL (138),51207070,-,1168.01,233.6,5,100,2,410,0,40,0,603.01,15,0,100,0,70712,20,0,,2026-06-27T00:00:00.000Z,,excel-seed
seed-3-ocp-110t-113,,,2026-04-04,夜,,,3-ocp-110t,3# OCP-110T,BIMETAL (138),51207070,-,446.31,89.26,5,100,2,85,110,35,0,206.31,0,0,10,0,16068,60,0,,2026-06-27T00:00:00.000Z,,excel-seed
seed-3-ocp-110t-114,,,2026-04-04,夜,,,3-ocp-110t,3# OCP-110T,1-JR,48187254AA,-,346.9,69.38,5,50,1,55,0,20,0,261.9,0,0,10,0,2205,29,0,,2026-06-27T00:00:00.000Z,,excel-seed
seed-3-ocp-110t-115,,,2026-04-06,白,,,3-ocp-110t,3# OCP-110T,1-JR,48187254AA,-,1086.56,217.31,5,50,1,340,0,90,45,536.56,10,0,65,0,16000,43,0,,2026-06-27T00:00:00.000Z,,excel-seed
seed-3-ocp-110t-116,,,2026-04-06,夜,,,3-ocp-110t,3# OCP-110T,BIMETAL (137),51207070,-,120,24,5,110,2,25,10,85,0,0,0,0,0,0,0,452,0,,2026-06-27T00:00:00.000Z,,excel-seed
seed-3-ocp-110t-117,,,2026-04-07,白,,,3-ocp-110t,3# OCP-110T,BIMETAL (137),51207070,-,1243.99,248.8,5,110,2,565,0,10,0,583.99,10,0,75,0,122386,20,0,,2026-06-27T00:00:00.000Z,,excel-seed
seed-3-ocp-110t-118,,,2026-04-07,夜,,,3-ocp-110t,3# OCP-110T,BIMETAL (137),51207070,-,996.44,199.29,5,110,2,575,0,20,0,336.44,0,0,65,0,216200,240,0,,2026-06-27T00:00:00.000Z,,excel-seed
seed-3-ocp-110t-119,,,2026-04-08,白,,,3-ocp-110t,3# OCP-110T,BIMETAL (137),51207070,-,1019.98,204,5,110,2,345,0,60,0,539.98,10,0,65,0,75200,40,0,,2026-06-27T00:00:00.000Z,,excel-seed
seed-3-ocp-110t-120,,,2026-04-08,夜,,,3-ocp-110t,3# OCP-110T,BIMETAL (137),51207070,-,1365.33,273.07,5,110,2,510,0,35,10,705.33,20,0,85,0,85900,140,0,,2026-06-27T00:00:00.000Z,,excel-seed
seed-3-ocp-110t-121,,,2026-04-09,白,,,3-ocp-110t,3# OCP-110T,BIMETAL (137),51207070,-,1286.69,257.34,5,110,2,560,0,15,0,646.69,10,0,55,0,112400,60,0,,2026-06-27T00:00:00.000Z,,excel-seed
seed-3-ocp-110t-122,,,2026-04-09,夜,,,3-ocp-110t,3# OCP-110T,BIMETAL (137),51207070,-,1213.11,242.62,5,110,2,475,0,30,0,628.11,15,0,65,0,94000,160,0,,2026-06-27T00:00:00.000Z,,excel-seed
seed-3-ocp-110t-123,,,2026-04-10,白,,,3-ocp-110t,3# OCP-110T,BIMETAL (137),51207070,-,1311.92,262.38,5,110,2,575,0,25,0,651.92,0,0,60,0,111574,100,0,,2026-06-27T00:00:00.000Z,,excel-seed
seed-3-ocp-110t-124,,,2026-04-10,夜,,,3-ocp-110t,3# OCP-110T,BIMETAL (137),51207070,-,683.44,136.69,5,110,2,90,0,55,0,453.44,20,0,65,0,23580,220,0,,2026-06-27T00:00:00.000Z,,excel-seed
seed-3-ocp-110t-125,,,2026-04-11,白,,,3-ocp-110t,3# OCP-110T,BIMETAL (137),51207070,-,725.99,145.2,5,110,2,335,0,10,0,365.99,0,0,15,0,67460,60,0,,2026-06-27T00:00:00.000Z,,excel-seed
seed-3-ocp-110t-126,,,2026-04-17,白,,,3-ocp-110t,3# OCP-110T,BIMETAL (137),51207070,-,1296.28,259.26,5,110,2,525,0,40,0,636.28,30,0,65,0,100746,100,0,,2026-06-27T00:00:00.000Z,,excel-seed
seed-3-ocp-110t-127,,,2026-04-18,白,,,3-ocp-110t,3# OCP-110T,BIMETAL (137),51207070,-,1315.47,263.09,5,110,2,515,0,20,0,715.47,0,0,65,0,91056,150,0,,2026-06-27T00:00:00.000Z,,excel-seed
seed-3-ocp-110t-128,,,2026-04-20,白,,,3-ocp-110t,3# OCP-110T,BIMETAL (137),51207070,-,1200.96,240.19,5,110,2,500,0,40,0,540.96,20,0,100,0,105738,120,0,,2026-06-27T00:00:00.000Z,,excel-seed
seed-3-ocp-110t-129,,,2026-04-20,夜,,,3-ocp-110t,3# OCP-110T,BIMETAL (137),51207070,-,767.54,153.51,5,110,2,180,0,55,0,457.54,20,0,55,0,35918,100,0,,2026-06-27T00:00:00.000Z,,excel-seed
seed-3-ocp-110t-130,,,2026-04-21,白,,,3-ocp-110t,3# OCP-110T,BIMETAL (137),51207070,-,1267.25,253.45,5,110,2,565,0,20,0,607.25,0,0,75,0,115652,80,0,,2026-06-27T00:00:00.000Z,,excel-seed
seed-3-ocp-110t-131,,,2026-04-21,夜,,,3-ocp-110t,3# OCP-110T,BIMETAL (137),51207070,-,669.68,133.94,5,110,2,325,0,25,0,264.68,30,0,25,0,95900,114,0,,2026-06-27T00:00:00.000Z,,excel-seed
seed-3-ocp-110t-132,,,2026-04-22,白,,,3-ocp-110t,3# OCP-110T,BIMETAL (137),51207070,-,1056.45,211.29,5,110,2,305,0,45,0,631.45,0,0,75,0,57382,90,0,,2026-06-27T00:00:00.000Z,,excel-seed
seed-3-ocp-110t-133,,,2026-04-22,夜,,,3-ocp-110t,3# OCP-110T,BIMETAL (137),51207070,-,1585.1,317.02,5,110,2,580,0,15,0,925.1,0,0,65,0,80000,60,0,,2026-06-27T00:00:00.000Z,,excel-seed
seed-3-ocp-110t-134,,,2026-04-23,白,,,3-ocp-110t,3# OCP-110T,BIMETAL (137),51207070,-,1256.79,251.36,5,110,2,490,0,35,0,596.79,45,0,90,0,96638,140,0,,2026-06-27T00:00:00.000Z,,excel-seed
seed-3-ocp-110t-135,,,2026-04-23,夜,,,3-ocp-110t,3# OCP-110T,BIMETAL (137),51207070,-,1373.11,274.62,5,110,2,575,0,20,0,713.11,0,0,65,0,102000,60,0,,2026-06-27T00:00:00.000Z,,excel-seed
seed-3-ocp-110t-136,,,2026-04-24,白,,,3-ocp-110t,3# OCP-110T,BIMETAL (137),51207070,-,1328.39,265.68,5,110,2,555,0,10,0,668.39,20,0,75,0,105040,164,0,,2026-06-27T00:00:00.000Z,,excel-seed
seed-3-ocp-110t-137,,,2026-04-24,夜,,,3-ocp-110t,3# OCP-110T,BIMETAL (137),51207070,-,840,168,5,110,2,300,0,60,0,440,20,0,20,0,60000,52,0,,2026-06-27T00:00:00.000Z,,excel-seed
seed-3-ocp-110t-138,,,2026-04-25,白,,,3-ocp-110t,3# OCP-110T,BIMETAL (137),51207070,-,1349.31,269.86,5,110,2,575,0,5,0,689.31,0,0,80,0,105522,180,0,,2026-06-27T00:00:00.000Z,,excel-seed
seed-3-ocp-110t-139,,,2026-04-25,夜,,,3-ocp-110t,3# OCP-110T,BIMETAL (137),51207070,-,1079.26,215.85,5,110,2,395,0,45,0,599.26,20,0,20,0,60180,110,0,,2026-06-27T00:00:00.000Z,,excel-seed
seed-3-ocp-110t-140,,,2026-04-27,白,,,3-ocp-110t,3# OCP-110T,BIMETAL (137),51207070,-,1311.6,262.32,5,110,2,495,0,25,0,651.6,0,0,70,70,82728,90,0,,2026-06-27T00:00:00.000Z,,excel-seed
seed-3-ocp-110t-141,,,2026-04-27,夜,,,3-ocp-110t,3# OCP-110T,BIMETAL (137),51207070,-,1353.91,270.78,5,110,2,560,0,25,0,693.91,10,0,65,0,101200,20,0,,2026-06-27T00:00:00.000Z,,excel-seed
seed-3-ocp-110t-142,,,2026-04-28,白,,,3-ocp-110t,3# OCP-110T,BIMETAL (137),51207070,-,1230.78,246.16,5,110,2,520,0,30,0,570.78,30,0,80,0,110236,80,0,,2026-06-27T00:00:00.000Z,,excel-seed
seed-3-ocp-110t-143,,,2026-04-28,夜,,,3-ocp-110t,3# OCP-110T,BIMETAL (137),51207070,-,1206.28,241.26,5,110,2,525,0,30,0,566.28,10,0,75,0,113200,20,0,,2026-06-27T00:00:00.000Z,,excel-seed
seed-3-ocp-110t-144,,,2026-04-29,白,,,3-ocp-110t,3# OCP-110T,BIMETAL (137),51207070,-,1244.95,248.99,5,110,2,530,0,30,0,584.95,20,0,80,0,109634,100,0,,2026-06-27T00:00:00.000Z,,excel-seed
seed-3-ocp-110t-145,,,2026-04-29,夜,,,3-ocp-110t,3# OCP-110T,BIMETAL (137),51207070,-,1169.1,233.82,5,110,2,480,0,50,0,569.1,0,0,70,0,100200,20,0,,2026-06-27T00:00:00.000Z,,excel-seed
seed-3-ocp-110t-146,,,2026-04-30,白,,,3-ocp-110t,3# OCP-110T,BIMETAL (137),51207070,-,503.52,100.7,5,110,2,125,10,30,0,303.52,10,0,25,0,25822,200,0,,2026-06-27T00:00:00.000Z,,excel-seed
seed-3-ocp-110t-147,,,2026-04-30,白,,,3-ocp-110t,3# OCP-110T,BIMETAL (138),51207070,-,346.88,69.38,5,100,2,30,10,30,0,231.88,0,0,45,0,5822,100,0,,2026-06-27T00:00:00.000Z,,excel-seed
seed-3-ocp-110t-148,,,2026-04-30,夜,,,3-ocp-110t,3# OCP-110T,BIMETAL (137),51207070,-,1350.11,270.02,5,110,2,490,45,30,35,690.11,0,0,60,0,89038,40,0,,2026-06-27T00:00:00.000Z,,excel-seed
seed-3-ocp-110t-149,,,2026-05-02,白,,,3-ocp-110t,3# OCP-110T,BIMETAL (137),51207070,-,1257.35,251.47,5,110,2,535,0,20,0,597.35,25,0,80,0,110340,100,0,,2026-06-27T00:00:00.000Z,,excel-seed
seed-3-ocp-110t-150,,,2026-05-02,夜,,,3-ocp-110t,3# OCP-110T,BIMETAL (137),51207070,-,1361.39,272.28,5,110,2,560,0,15,0,701.39,15,0,70,0,101000,20,0,,2026-06-27T00:00:00.000Z,,excel-seed
seed-3-ocp-110t-151,,,2026-05-04,白,,,3-ocp-110t,3# OCP-110T,BIMETAL (137),51207070,-,1024.95,204.99,5,110,2,300,0,40,0,604.95,0,0,80,0,58914,600,0,,2026-06-27T00:00:00.000Z,,excel-seed
seed-3-ocp-110t-152,,,2026-05-04,夜,,,3-ocp-110t,3# OCP-110T,BIMETAL (137),51207070,-,1307.52,261.5,5,110,2,545,0,20,0,657.52,20,0,65,0,104852,40,0,,2026-06-27T00:00:00.000Z,,excel-seed
seed-3-ocp-110t-153,,,2026-05-05,白,,,3-ocp-110t,3# OCP-110T,BIMETAL (137),51207070,-,1309.66,261.93,5,110,2,550,0,15,0,649.66,15,0,80,0,105232,40,0,,2026-06-27T00:00:00.000Z,,excel-seed
seed-3-ocp-110t-154,,,2026-05-05,夜,,,3-ocp-110t,3# OCP-110T,BIMETAL (137),51207070,-,1314.06,262.81,5,110,2,565,0,15,0,654.06,15,0,65,0,110226,60,0,,2026-06-27T00:00:00.000Z,,excel-seed
seed-3-ocp-110t-155,,,2026-05-06,白,,,3-ocp-110t,3# OCP-110T,BIMETAL (137),51207070,-,1302.16,260.43,5,110,2,560,0,20,0,642.16,0,0,80,0,107438,40,0,,2026-06-27T00:00:00.000Z,,excel-seed
seed-3-ocp-110t-156,,,2026-05-06,夜,,,3-ocp-110t,3# OCP-110T,BIMETAL (137),51207070,-,1401.53,280.31,5,110,2,580,0,10,0,741.53,0,0,70,0,99804,180,0,,2026-06-27T00:00:00.000Z,,excel-seed
seed-3-ocp-110t-157,,,2026-05-07,白,,,3-ocp-110t,3# OCP-110T,BIMETAL (137),51207070,-,1150.63,230.13,5,110,2,325,0,25,0,670.63,50,0,80,0,59172,400,0,,2026-06-27T00:00:00.000Z,,excel-seed
seed-3-ocp-110t-158,,,2026-05-07,夜,,,3-ocp-110t,3# OCP-110T,BIMETAL (137),51207070,-,1406.42,281.28,5,110,2,575,0,25,0,746.42,0,0,60,0,97448,40,0,,2026-06-27T00:00:00.000Z,,excel-seed
seed-3-ocp-110t-159,,,2026-05-08,白,,,3-ocp-110t,3# OCP-110T,BIMETAL (137),51207070,-,1276.09,255.22,5,110,2,500,0,30,0,616.09,50,0,80,0,98200,200,0,,2026-06-27T00:00:00.000Z,,excel-seed
seed-3-ocp-110t-160,,,2026-05-08,夜,,,3-ocp-110t,3# OCP-110T,BIMETAL (137),51207070,-,1322.91,264.58,5,110,2,500,0,40,0,697.91,20,0,65,0,87476,60,0,,2026-06-27T00:00:00.000Z,,excel-seed
seed-3-ocp-110t-161,,,2026-05-09,白,,,3-ocp-110t,3# OCP-110T,BIMETAL (137),51207070,-,1273.54,254.71,5,110,2,500,0,25,30,613.54,0,0,105,0,95022,100,0,,2026-06-27T00:00:00.000Z,,excel-seed
seed-3-ocp-110t-162,,,2026-05-09,夜,,,3-ocp-110t,3# OCP-110T,BIMETAL (137),51207070,-,1307.28,261.46,5,110,2,560,0,15,0,647.28,15,0,70,0,109442,160,0,,2026-06-27T00:00:00.000Z,,excel-seed
seed-3-ocp-110t-163,,,2026-05-11,白,,,3-ocp-110t,3# OCP-110T,BIMETAL (137),51207070,-,1158.79,231.76,5,110,2,435,0,70,0,548.79,10,0,95,0,86320,200,0,,2026-06-27T00:00:00.000Z,,excel-seed
seed-3-ocp-110t-164,,,2026-05-11,夜,,,3-ocp-110t,3# OCP-110T,BIMETAL (137),51207070,-,1291.48,258.3,5,110,2,540,0,35,0,631.48,15,0,70,0,104412,100,0,,2026-06-27T00:00:00.000Z,,excel-seed
seed-3-ocp-110t-165,,,2026-05-12,白,,,3-ocp-110t,3# OCP-110T,BIMETAL (137),51207070,-,1285.17,257.03,5,110,2,575,0,15,0,625.17,15,0,55,0,119384,20,0,,2026-06-27T00:00:00.000Z,,excel-seed
seed-3-ocp-110t-166,,,2026-05-12,夜,,,3-ocp-110t,3# OCP-110T,BIMETAL (137),51207070,-,1145.31,229.06,5,110,2,325,0,80,0,670.31,0,0,70,0,54400,134,0,,2026-06-27T00:00:00.000Z,,excel-seed
seed-3-ocp-110t-167,,,2026-05-13,白,,,3-ocp-110t,3# OCP-110T,BIMETAL (137),51207070,-,1161.62,232.32,5,110,2,370,0,35,0,671.62,0,0,85,0,65448,60,0,,2026-06-27T00:00:00.000Z,,excel-seed
seed-3-ocp-110t-168,,,2026-05-13,夜,,,3-ocp-110t,3# OCP-110T,BIMETAL (137),51207070,-,1114.43,222.89,5,110,2,350,0,40,0,644.43,15,0,65,0,66314,30,0,,2026-06-27T00:00:00.000Z,,excel-seed
seed-3-ocp-110t-169,,,2026-05-14,白,,,3-ocp-110t,3# OCP-110T,BIMETAL (137),51207070,-,1214.47,242.89,5,110,2,540,0,20,0,554.47,10,0,90,0,117842,100,0,,2026-06-27T00:00:00.000Z,,excel-seed
seed-3-ocp-110t-170,,,2026-05-14,夜,,,3-ocp-110t,3# OCP-110T,BIMETAL (137),51207070,-,1358.84,271.77,5,110,2,565,0,10,0,698.84,20,0,65,0,104052,40,0,,2026-06-27T00:00:00.000Z,,excel-seed
seed-3-ocp-110t-171,,,2026-05-15,白,,,3-ocp-110t,3# OCP-110T,BIMETAL (137),51207070,-,1216.94,243.39,5,110,2,510,0,35,0,571.94,10,0,90,0,104954,400,0,,2026-06-27T00:00:00.000Z,,excel-seed
seed-3-ocp-110t-172,,,2026-05-15,夜,,,3-ocp-110t,3# OCP-110T,BIMETAL (137),51207070,-,1380.04,276.01,5,110,2,570,0,10,0,720.04,15,0,65,0,101882,60,0,,2026-06-27T00:00:00.000Z,,excel-seed
seed-3-ocp-110t-173,,,2026-05-16,白,,,3-ocp-110t,3# OCP-110T,BIMETAL (138),51207070,-,933.04,186.61,5,100,2,205,50,150,0,343.04,50,0,85,50,44820,120,0,,2026-06-27T00:00:00.000Z,,excel-seed
seed-3-ocp-110t-174,,,2026-05-16,夜,,,3-ocp-110t,3# OCP-110T,BIMETAL (138),51207070,-,170,34,5,100,2,25,5,130,0,0,0,0,5,5,0,348,0,,2026-06-27T00:00:00.000Z,,excel-seed
seed-3-ocp-110t-175,,,2026-05-18,白,,,3-ocp-110t,3# OCP-110T,BIMETAL (137),51207070,-,1249.3,249.86,5,110,2,520,0,40,0,589.3,25,0,75,0,105800,60,0,,2026-06-27T00:00:00.000Z,,excel-seed
seed-3-ocp-110t-176,,,2026-05-18,夜,,,3-ocp-110t,3# OCP-110T,BIMETAL (137),51207070,-,1219.03,243.81,5,110,2,505,0,35,0,579.03,20,0,80,0,104570,60,0,,2026-06-27T00:00:00.000Z,,excel-seed
seed-3-ocp-110t-177,,,2026-05-19,白,,,3-ocp-110t,3# OCP-110T,BIMETAL (137),51207070,-,1186.24,237.25,5,110,2,460,0,60,25,526.24,35,0,80,0,100000,168,0,,2026-06-27T00:00:00.000Z,,excel-seed
seed-3-ocp-110t-178,,,2026-05-19,夜,,,3-ocp-110t,3# OCP-110T,BIMETAL (137),51207070,-,1274.45,254.89,5,110,2,565,0,15,0,614.45,10,0,70,0,116320,40,0,,2026-06-27T00:00:00.000Z,,excel-seed
seed-3-ocp-110t-179,,,2026-05-20,白,,,3-ocp-110t,3# OCP-110T,BIMETAL (137),51207070,-,1129.54,225.91,5,110,2,455,0,40,0,549.54,25,0,60,0,102006,20,0,,2026-06-27T00:00:00.000Z,,excel-seed
seed-3-ocp-110t-180,,,2026-05-20,夜,,,3-ocp-110t,3# OCP-110T,BIMETAL (137),51207070,-,1096.93,219.39,5,110,2,325,0,25,0,656.93,10,0,80,0,60406,120,0,,2026-06-27T00:00:00.000Z,,excel-seed
seed-3-ocp-110t-181,,,2026-05-21,白,,,3-ocp-110t,3# OCP-110T,BIMETAL (137),51207070,-,1144.88,228.98,5,110,2,420,0,145,0,484.88,25,0,70,0,84800,150,0,,2026-06-27T00:00:00.000Z,,excel-seed
seed-3-ocp-110t-182,,,2026-05-21,夜,,,3-ocp-110t,3# OCP-110T,BIMETAL (137),51207070,-,1143.61,228.72,5,110,2,370,0,95,0,593.61,10,0,75,0,67192,60,0,,2026-06-27T00:00:00.000Z,,excel-seed
seed-3-ocp-110t-183,,,2026-05-22,白,,,3-ocp-110t,3# OCP-110T,BIMETAL (137),51207070,-,1247.95,249.59,5,110,2,510,0,35,0,587.95,35,0,80,0,104004,120,0,,2026-06-27T00:00:00.000Z,,excel-seed
seed-3-ocp-110t-184,,,2026-05-22,夜,,,3-ocp-110t,3# OCP-110T,BIMETAL (137),51207070,-,1353.67,270.73,5,110,2,550,0,15,0,693.67,25,0,70,0,100300,40,0,,2026-06-27T00:00:00.000Z,,excel-seed
seed-3-ocp-110t-185,,,2026-05-23,白,,,3-ocp-110t,3# OCP-110T,ANTI-ROTATION CLIP,5037028-AA,-,1264.53,252.91,5,80,2,150,30,115,0,774.53,25,0,80,90,11620,50,0,,2026-06-27T00:00:00.000Z,,excel-seed
seed-3-ocp-110t-186,,,2026-05-23,夜,,,3-ocp-110t,3# OCP-110T,ANTI-ROTATION CLIP,5037028-AA,-,520.55,104.11,5,80,2,165,0,35,0,290.55,0,0,25,5,23170,100,0,,2026-06-27T00:00:00.000Z,,excel-seed
seed-3-ocp-110t-187,,,2026-05-24,白,,,3-ocp-110t,3# OCP-110T,1-JR,48187254AA,-,968.68,193.74,5,50,1,35,0,265,0,598.68,0,0,70,0,950,50,0,,2026-06-27T00:00:00.000Z,,excel-seed
seed-3-ocp-110t-188,,,2026-05-24,夜,,,3-ocp-110t,3# OCP-110T,1-JR,48187254AA,-,180,36,5,50,1,25,0,120,0,0,0,0,35,0,0,80,0,,2026-06-27T00:00:00.000Z,,excel-seed
seed-3-ocp-110t-189,,,2026-05-25,白,,,3-ocp-110t,3# OCP-110T,1-JR,48187254AA,-,1430,286,5,50,1,35,0,295,10,1015,0,0,75,0,500,210,0,,2026-06-27T00:00:00.000Z,,excel-seed
seed-3-ocp-110t-190,,,2026-05-25,夜,,,3-ocp-110t,3# OCP-110T,1-JR,48187254AA,-,1724.57,344.91,5,50,1,35,0,90,0,1554.57,0,0,45,0,591,300,0,,2026-06-27T00:00:00.000Z,,excel-seed
seed-3-ocp-110t-191,,,2026-05-26,白,,,3-ocp-110t,3# OCP-110T,1-JR,48187254AA,-,932.34,186.47,5,50,1,30,0,90,0,737.34,0,0,75,0,1007,550,0,,2026-06-27T00:00:00.000Z,,excel-seed
seed-3-ocp-110t-192,,,2026-05-26,夜,,,3-ocp-110t,3# OCP-110T,1-JR,48187254AA,-,904.9,180.98,5,50,1,165,0,160,0,509.9,10,0,60,0,7119,500,0,,2026-06-27T00:00:00.000Z,,excel-seed
seed-3-ocp-110t-193,,,2026-05-27,白,,,3-ocp-110t,3# OCP-110T,1-JR,48187254AA,-,1312.26,262.45,5,50,1,270,0,55,0,907.26,0,0,80,0,7812,725,0,,2026-06-27T00:00:00.000Z,,excel-seed
seed-3-ocp-110t-194,,,2026-05-27,夜,,,3-ocp-110t,3# OCP-110T,1-JR,48187254AA,-,1043.02,208.6,5,50,1,345,0,110,0,518.02,20,0,50,0,16650,10,0,,2026-06-27T00:00:00.000Z,,excel-seed
seed-3-ocp-110t-195,,,2026-05-28,白,,,3-ocp-110t,3# OCP-110T,1-JR,48187254AA,-,823.21,164.64,5,50,1,220,0,15,0,558.21,0,0,30,0,8572,100,0,,2026-06-27T00:00:00.000Z,,excel-seed
seed-3-ocp-110t-196,,,2026-05-28,夜,,,3-ocp-110t,3# OCP-110T,BIMETAL (137),51207070,-,1332.24,266.45,5,110,2,560,0,25,0,672.24,10,0,65,0,104462,100,0,,2026-06-27T00:00:00.000Z,,excel-seed
seed-3-ocp-110t-197,,,2026-05-29,白,,,3-ocp-110t,3# OCP-110T,BIMETAL (137),51207070,-,1326.57,265.31,5,110,2,525,0,25,0,666.57,35,0,75,0,97034,200,0,,2026-06-27T00:00:00.000Z,,excel-seed
seed-3-ocp-110t-198,,,2026-05-29,夜,,,3-ocp-110t,3# OCP-110T,BIMETAL (137),51207070,-,1081.48,216.3,5,110,2,330,0,35,0,636.48,10,0,70,0,63306,100,0,,2026-06-27T00:00:00.000Z,,excel-seed
seed-3-ocp-110t-199,,,2026-05-30,白,,,3-ocp-110t,3# OCP-110T,BIMETAL (137),51207070,-,1427.82,285.56,5,110,2,400,0,10,105,812.82,15,0,85,0,61170,40,0,,2026-06-27T00:00:00.000Z,,excel-seed
seed-3-ocp-110t-200,,,2026-05-30,夜,,,3-ocp-110t,3# OCP-110T,BIMETAL (137),51207070,-,1464.38,292.88,5,110,2,585,0,15,0,804.38,10,0,50,0,95200,100,0,,2026-06-27T00:00:00.000Z,,excel-seed
seed-3-ocp-110t-201,,,2026-05-31,白,,,3-ocp-110t,3# OCP-110T,BIMETAL (137),51207070,-,1440.62,288.12,5,110,2,500,0,30,0,815.62,30,0,65,0,76200,60,0,,2026-06-27T00:00:00.000Z,,excel-seed
seed-3-ocp-110t-202,,,2026-06-01,白,,,3-ocp-110t,3# OCP-110T,BIMETAL (137),51207070,-,1155.55,231.11,5,110,2,500,0,55,0,495.55,25,0,80,0,116538,60,0,,2026-06-27T00:00:00.000Z,,excel-seed
seed-3-ocp-110t-203,,,2026-06-01,夜,,,3-ocp-110t,3# OCP-110T,BIMETAL (137),51207070,-,1295.83,259.17,5,110,2,540,0,25,0,645.83,15,0,70,0,103932,80,0,,2026-06-27T00:00:00.000Z,,excel-seed
seed-3-ocp-110t-204,,,2026-06-02,白,,,3-ocp-110t,3# OCP-110T,BIMETAL (137),51207070,-,1206.03,241.21,5,110,2,510,0,25,0,566.03,25,0,80,0,110014,100,0,,2026-06-27T00:00:00.000Z,,excel-seed
seed-3-ocp-110t-205,,,2026-06-02,夜,,,3-ocp-110t,3# OCP-110T,BIMETAL (137),51207070,-,1343.12,268.62,5,110,2,535,0,15,0,683.12,45,0,65,0,99932,40,0,,2026-06-27T00:00:00.000Z,,excel-seed
seed-3-ocp-110t-206,,,2026-06-03,白,,,3-ocp-110t,3# OCP-110T,BIMETAL (137),51207070,-,319.94,63.99,5,110,2,75,0,20,0,104.94,0,0,25,95,15724,40,0,,2026-06-27T00:00:00.000Z,,excel-seed
seed-3-ocp-110t-207,,,2026-06-03,白,,,3-ocp-110t,3# OCP-110T,BIMETAL (138),51207070,-,867.9,173.58,5,100,2,270,50,75,0,402.9,15,0,55,0,54952,40,0,,2026-06-27T00:00:00.000Z,,excel-seed
seed-3-ocp-110t-208,,,2026-06-03,夜,,,3-ocp-110t,3# OCP-110T,BIMETAL (138),51207070,-,1360.61,272.12,5,100,2,555,0,15,0,700.61,25,0,65,0,91892,60,0,,2026-06-27T00:00:00.000Z,,excel-seed
seed-3-ocp-110t-209,,,2026-06-04,白,,,3-ocp-110t,3# OCP-110T,BIMETAL (138),51207070,-,1098.85,219.77,5,100,2,440,0,115,0,438.85,30,0,75,0,94246,80,0,,2026-06-27T00:00:00.000Z,,excel-seed
seed-3-ocp-110t-210,,,2026-06-04,夜,,,3-ocp-110t,3# OCP-110T,BIMETAL (138),51207070,-,977.31,195.46,5,100,2,430,0,10,0,497.31,15,0,20,5,76954,60,0,,2026-06-27T00:00:00.000Z,,excel-seed
seed-3-ocp-110t-211,,,2026-06-05,白,,,3-ocp-110t,3# OCP-110T,PADLOCKING,48187864AA,-,1896.83,379.37,5,65,1,220,130,40,0,1426.83,0,0,25,55,3608,20,0,,2026-06-27T00:00:00.000Z,,excel-seed
seed-3-ocp-110t-212,,,2026-06-05,夜,,,3-ocp-110t,3# OCP-110T,1-JR,48187254AA,-,870.78,174.16,5,50,1,25,0,85,0,750.78,0,0,10,0,641,70,0,,2026-06-27T00:00:00.000Z,,excel-seed
seed-3-ocp-110t-213,,,2026-06-08,白,,,3-ocp-110t,3# OCP-110T,1-JR,48187254AA,-,964.67,192.93,5,50,1,240,0,135,0,504.67,10,0,75,0,10700,150,0,,2026-06-27T00:00:00.000Z,,excel-seed
seed-3-ocp-110t-214,,,2026-06-08,夜,,,3-ocp-110t,3# OCP-110T,1-JR,48187254AA,-,1505.08,301.02,5,50,1,420,0,115,10,875.08,20,0,65,0,11519,30,0,,2026-06-27T00:00:00.000Z,,excel-seed
seed-3-ocp-110t-215,,,2026-06-09,白,,,3-ocp-110t,3# OCP-110T,1-JR,48187254AA,-,665.74,133.15,5,50,1,95,0,200,0,285.74,10,0,75,0,6400,91,0,,2026-06-27T00:00:00.000Z,,excel-seed
seed-3-ocp-110t-216,,,2026-06-09,夜,,,3-ocp-110t,3# OCP-110T,1-JR,48187254AA,-,1366.43,273.29,5,50,1,350,0,105,0,816.43,30,0,65,0,10503,40,0,,2026-06-27T00:00:00.000Z,,excel-seed
seed-3-ocp-110t-217,,,2026-06-10,白,,,3-ocp-110t,3# OCP-110T,1-JR,48187254AA,-,195,39,5,50,1,25,0,125,0,0,0,0,45,0,0,209,0,,2026-06-27T00:00:00.000Z,,excel-seed
seed-3-ocp-110t-218,,,2026-06-10,夜,,,3-ocp-110t,3# OCP-110T,1-JR,48187254AA,-,65,13,5,50,1,25,5,35,0,0,0,0,0,0,0,51,0,,2026-06-27T00:00:00.000Z,,excel-seed
seed-3-ocp-110t-219,,,2026-06-11,白,,,3-ocp-110t,3# OCP-110T,CT3 Tetra A1 Coil Screw Terminal A2,W117239710111,-,727.63,145.53,5,60,1,220,55,95,0,307.63,0,0,50,0,11800,69,0,,2026-06-27T00:00:00.000Z,,excel-seed
seed-3-ocp-110t-220,,,2026-06-11,夜,,,3-ocp-110t,3# OCP-110T,CT3 Tetra A1 Coil Screw Terminal A2,W117239710111,-,174.85,34.97,5,60,1,60,0,5,0,104.85,0,0,0,5,2060,12,0,,2026-06-27T00:00:00.000Z,,excel-seed
seed-3-ocp-110t-221,,,2026-06-11,夜,,,3-ocp-110t,3# OCP-110T,CT3 Tetra A1 Coil Screw Terminal A1,W117239700111,-,200,40,5,60,1,25,115,55,0,0,0,0,5,0,0,60,0,,2026-06-27T00:00:00.000Z,,excel-seed
seed-3-ocp-110t-222,,,2026-06-12,白,,,3-ocp-110t,3# OCP-110T,CT3 Tetra A1 Coil Screw Terminal A1,W117239700111,-,987.65,197.53,5,60,1,205,0,290,0,417.65,0,0,75,0,8688,300,0,,2026-06-27T00:00:00.000Z,,excel-seed
seed-3-ocp-110t-223,,,2026-06-12,夜,,,3-ocp-110t,3# OCP-110T,CT3 Tetra A1 Coil Screw Terminal A1,W117239700111,-,1362.34,272.47,5,60,1,475,0,60,0,762.34,0,0,65,0,20001,30,0,,2026-06-27T00:00:00.000Z,,excel-seed
seed-3-ocp-110t-224,,,2026-06-13,白,,,3-ocp-110t,3# OCP-110T,SORTIE BOBINE BORNE A1,W113791660114,-,1005.38,201.08,5,60,1,240,70,175,0,445.38,0,0,75,0,13256,100,0,,2026-06-27T00:00:00.000Z,,excel-seed
seed-3-ocp-110t-225,,,2026-06-13,夜,,,3-ocp-110t,3# OCP-110T,SORTIE BOBINE BORNE A1,W113791660114,-,1317.6,263.52,5,60,1,440,0,75,20,697.6,20,0,65,0,19679,80,0,,2026-06-27T00:00:00.000Z,,excel-seed
seed-3-ocp-110t-226,,,2026-06-15,白,,,3-ocp-110t,3# OCP-110T,SORTIE BOBINE BORNE A1,W113791660114,-,1231.46,246.29,5,60,1,510,0,70,0,571.46,0,0,80,0,27309,30,0,,2026-06-27T00:00:00.000Z,,excel-seed
seed-3-ocp-110t-227,,,2026-06-15,夜,,,3-ocp-110t,3# OCP-110T,SORTIE BOBINE BORNE A1,W113791660114,-,837.87,167.57,5,60,1,170,0,175,0,417.87,0,0,75,0,10008,200,0,,2026-06-27T00:00:00.000Z,,excel-seed
seed-3-ocp-110t-228,,,2026-06-16,白,,,3-ocp-110t,3# OCP-110T,SORTIE BOBINE BORNE A1,W113791660114,-,1152.74,230.55,5,60,1,460,0,110,10,492.74,0,0,80,0,26326,25,0,,2026-06-27T00:00:00.000Z,,excel-seed
seed-3-ocp-110t-229,,,2026-06-16,夜,,,3-ocp-110t,3# OCP-110T,SORTIE BOBINE BORNE A1,W113791660114,-,1074.86,214.97,5,60,1,395,0,110,0,494.86,0,0,75,0,22749,50,0,,2026-06-27T00:00:00.000Z,,excel-seed
seed-3-ocp-110t-230,,,2026-06-17,白,,,3-ocp-110t,3# OCP-110T,SORTIE BOBINE BORNE A1,W113791660114,-,50,10,5,60,1,25,0,0,0,0,0,0,20,5,0,106,0,,2026-06-27T00:00:00.000Z,,excel-seed
seed-3-ocp-110t-231,,,2026-06-17,白,,,3-ocp-110t,3# OCP-110T,SORTIE BOBINE BORNE A2,W113791670114,-,295,59,5,50,1,185,55,0,0,0,0,0,55,0,0,275,0,,2026-06-27T00:00:00.000Z,,excel-seed
seed-3-ocp-110t-232,,,2026-06-17,夜,,,3-ocp-110t,3# OCP-110T,SORTIE BOBINE BORNE A2,W113791670114,-,1134.4,226.88,5,50,1,215,0,40,0,804.4,10,0,65,0,7417,100,0,,2026-06-27T00:00:00.000Z,,excel-seed
seed-3-ocp-110t-233,,,2026-06-18,白,,,3-ocp-110t,3# OCP-110T,SORTIE BOBINE BORNE A2,W113791670114,-,1471.67,294.33,5,50,1,465,0,30,0,901.67,0,0,75,0,14311,120,0,,2026-06-27T00:00:00.000Z,,excel-seed
seed-3-ocp-110t-234,,,2026-06-18,夜,,,3-ocp-110t,3# OCP-110T,SORTIE BOBINE BORNE A2,W113791670114,-,624.9,124.98,5,50,1,270,0,5,0,294.9,0,0,55,0,12360,20,0,,2026-06-27T00:00:00.000Z,,excel-seed
seed-3-ocp-110t-235,,,2026-06-19,白,,,3-ocp-110t,3# OCP-110T,SORTIE BOBINE BORNE A2,W113791670114,-,1105.1,221.02,5,50,1,370,0,140,10,510.1,0,0,75,0,16139,40,0,,2026-06-27T00:00:00.000Z,,excel-seed
seed-3-ocp-110t-236,,,2026-06-19,夜,,,3-ocp-110t,3# OCP-110T,SORTIE BOBINE BORNE A2,W113791670114,-,1209.35,241.87,5,50,1,580,0,10,0,549.35,0,0,70,0,30618,40,0,,2026-06-27T00:00:00.000Z,,excel-seed
seed-3-ocp-110t-237,,,2026-06-20,白,,,3-ocp-110t,3# OCP-110T,SORTIE BOBINE BORNE A2,W113791670114,-,1054.5,210.9,5,50,1,295,0,60,0,619.5,5,0,75,0,12500,60,0,,2026-06-27T00:00:00.000Z,,excel-seed
seed-3-ocp-110t-238,,,2026-06-20,夜,,,3-ocp-110t,3# OCP-110T,SORTIE BOBINE BORNE A2,W113791670114,-,80,16,5,50,1,25,0,0,0,0,0,0,55,0,0,40,0,,2026-06-27T00:00:00.000Z,,excel-seed
seed-3-ocp-110t-239,,,2026-06-21,白,,,3-ocp-110t,3# OCP-110T,SORTIE BOBINE BORNE A2,W113791670114,-,1056.75,211.35,5,50,1,295,0,100,0,571.75,25,0,65,0,12770,60,0,,2026-06-27T00:00:00.000Z,,excel-seed
seed-3-ocp-110t-240,,,2026-06-21,夜,,,3-ocp-110t,3# OCP-110T,SORTIE BOBINE BORNE A2,W113791670114,-,1168.36,233.67,5,50,1,420,0,55,100,508.36,0,0,85,0,21481,100,0,,2026-06-27T00:00:00.000Z,,excel-seed
seed-3-ocp-110t-241,,,2026-06-22,白,,,3-ocp-110t,3# OCP-110T,SORTIE BOBINE BORNE A2,W113791670114,-,1089.18,217.84,5,50,1,360,0,100,0,554.18,0,0,75,0,15753,40,0,,2026-06-27T00:00:00.000Z,,excel-seed
seed-3-ocp-110t-242,,,2026-06-22,夜,,,3-ocp-110t,3# OCP-110T,SORTIE BOBINE BORNE A2,W113791670114,-,1199.74,239.95,5,50,1,570,0,10,0,539.74,0,0,80,0,30098,30,0,,2026-06-27T00:00:00.000Z,,excel-seed
seed-3-ocp-110t-243,,,2026-06-23,白,,,3-ocp-110t,3# OCP-110T,SORTIE BOBINE BORNE A2,W113791670114,-,1222.23,244.45,5,50,1,515,0,70,0,562.23,0,0,75,0,23587,60,0,,2026-06-27T00:00:00.000Z,,excel-seed
seed-3-ocp-110t-244,,,2026-06-23,夜,,,3-ocp-110t,3# OCP-110T,SORTIE BOBINE BORNE A2,W113791670114,-,1092.6,218.52,5,50,1,460,0,60,0,487.6,15,0,70,0,25000,60,0,,2026-06-27T00:00:00.000Z,,excel-seed
seed-3-ocp-110t-245,,,2026-06-24,白,,,3-ocp-110t,3# OCP-110T,SORTIE BOBINE BORNE A2,W113791670114,-,1249.7,249.94,5,50,1,525,0,60,0,589.7,0,0,75,0,23370,15,0,,2026-06-27T00:00:00.000Z,,excel-seed
seed-3-ocp-110t-246,,,2026-06-24,夜,,,3-ocp-110t,3# OCP-110T,SORTIE BOBINE BORNE A2,W113791670114,-,1230.96,246.19,5,50,1,550,0,15,15,570.96,0,0,80,0,27213,100,0,,2026-06-27T00:00:00.000Z,,excel-seed
seed-3-ocp-110t-247,,,2026-06-25,白,,,3-ocp-110t,3# OCP-110T,SORTIE BOBINE BORNE A1,W113791660114,-,295,59,5,60,1,25,125,145,0,0,0,0,0,0,0,95,0,,2026-06-27T00:00:00.000Z,,excel-seed
seed-3-ocp-110t-248,,,2026-06-25,白,,,3-ocp-110t,3# OCP-110T,BIMETAL (138),51207070,-,682.07,136.41,5,100,2,195,55,70,0,307.07,0,0,55,0,31752,48,0,,2026-06-27T00:00:00.000Z,,excel-seed
seed-3-ocp-110t-249,,,2026-06-25,夜,,,3-ocp-110t,3# OCP-110T,BIMETAL (138),51207070,-,918.17,183.63,5,100,2,285,0,170,0,358.17,25,0,80,0,65248,120,0,,2026-06-27T00:00:00.000Z,,excel-seed
seed-3-ocp-110t-250,,,2026-06-26,白,,,3-ocp-110t,3# OCP-110T,BIMETAL (138),51207070,-,1180.31,236.06,5,100,2,505,0,55,0,520.31,25,0,75,0,102880,126,0,,2026-06-27T00:00:00.000Z,,excel-seed
seed-3-ocp-110t-251,,,2026-06-26,夜,,,3-ocp-110t,3# OCP-110T,BIMETAL (138),51207070,-,1084.68,216.94,5,100,2,360,0,100,0,544.68,10,0,70,0,64772,120,0,,2026-06-27T00:00:00.000Z,,excel-seed
seed-4-sn1-110t-1,,,2026-01-05,白,,,4-sn1-110t,4# SN1-110T,ARC PLATE GV2,W113893530111,-,1450.74,290.15,5,80,8,505,0,40,5,790.74,5,0,30,75,210496,320,0,,2026-06-27T00:00:00.000Z,,excel-seed
seed-4-sn1-110t-2,,,2026-01-06,白,,,4-sn1-110t,4# SN1-110T,ARC PLATE GV2,W113893530111,-,1063.97,212.79,5,80,8,350,0,130,0,508.97,10,0,65,0,204648,160,0,,2026-06-27T00:00:00.000Z,,excel-seed
seed-4-sn1-110t-3,,,2026-01-07,白,,,4-sn1-110t,4# SN1-110T,ARC PLATE GV2,W113893530111,-,1117.87,223.57,5,80,8,400,0,95,0,562.87,0,0,60,0,229680,240,0,,2026-06-27T00:00:00.000Z,,excel-seed
seed-4-sn1-110t-4,,,2026-01-08,白,,,4-sn1-110t,4# SN1-110T,ARC PLATE GV2,W113893530111,-,1177.14,235.43,5,80,8,470,0,55,0,577.14,15,0,60,0,284050,30,0,,2026-06-27T00:00:00.000Z,,excel-seed
seed-4-sn1-110t-5,,,2026-01-09,白,,,4-sn1-110t,4# SN1-110T,ARC PLATE GV2,W113893530111,-,730.83,146.17,5,80,8,215,0,35,0,360.83,10,0,10,100,129656,24,0,,2026-06-27T00:00:00.000Z,,excel-seed
seed-4-sn1-110t-6,,,2026-01-13,白,,,4-sn1-110t,4# SN1-110T,CRADLE,48187058,-,180,36,5,80,1,25,0,150,0,0,0,0,5,0,0,680,0,,2026-06-27T00:00:00.000Z,,excel-seed
seed-4-sn1-110t-7,,,2026-01-14,白,,,4-sn1-110t,4# SN1-110T,CRADLE,48187058,-,848,169.6,5,80,1,140,0,245,0,448,0,0,15,0,5500,71,0,,2026-06-27T00:00:00.000Z,,excel-seed
seed-4-sn1-110t-8,,,2026-01-15,白,,,4-sn1-110t,4# SN1-110T,CRADLE,48187058,-,740.6,148.12,5,80,1,245,0,100,0,365.6,10,0,20,0,19300,50,0,,2026-06-27T00:00:00.000Z,,excel-seed
seed-4-sn1-110t-9,,,2026-01-17,白,,,4-sn1-110t,4# SN1-110T,CRADLE,48187058,-,990.88,198.18,5,80,1,310,0,130,0,485.88,15,0,50,0,24500,15,0,,2026-06-27T00:00:00.000Z,,excel-seed
seed-4-sn1-110t-10,,,2026-01-19,白,,,4-sn1-110t,4# SN1-110T,CRADLE,48187058,-,1768.96,353.79,5,80,1,125,0,355,0,1228.96,0,0,60,0,2970,5,0,,2026-06-27T00:00:00.000Z,,excel-seed
seed-4-sn1-110t-11,,,2026-01-20,白,,,4-sn1-110t,4# SN1-110T,CRADLE,48187058,-,1054.24,210.85,5,80,1,150,0,195,0,624.24,15,0,70,0,9900,60,0,,2026-06-27T00:00:00.000Z,,excel-seed
seed-4-sn1-110t-12,,,2026-01-21,白,,,4-sn1-110t,4# SN1-110T,CRADLE,48187058,-,1057.6,211.52,5,80,1,85,0,185,0,727.6,0,0,60,0,5000,25,0,,2026-06-27T00:00:00.000Z,,excel-seed
seed-4-sn1-110t-13,,,2026-01-22,白,,,4-sn1-110t,4# SN1-110T,CRADLE,48187058,-,180,36,5,80,1,25,0,120,0,0,0,0,35,0,0,325,0,,2026-06-27T00:00:00.000Z,,excel-seed
seed-4-sn1-110t-14,,,2026-01-24,白,,,4-sn1-110t,4# SN1-110T,CRADLE,48187058,-,425,85,5,80,1,25,0,375,0,0,0,0,25,0,0,200,0,,2026-06-27T00:00:00.000Z,,excel-seed
seed-4-sn1-110t-15,,,2026-01-26,白,,,4-sn1-110t,4# SN1-110T,CRADLE,48187058,-,360,72,5,80,1,25,0,280,0,0,0,0,55,0,0,206,0,,2026-06-27T00:00:00.000Z,,excel-seed
seed-4-sn1-110t-16,,,2026-01-27,白,,,4-sn1-110t,4# SN1-110T,CRADLE,48187058,-,1091.88,218.38,5,80,1,90,0,120,0,826.88,0,0,55,0,5268,143,0,,2026-06-27T00:00:00.000Z,,excel-seed
seed-4-sn1-110t-17,,,2026-01-28,白,,,4-sn1-110t,4# SN1-110T,CRADLE,48187058,-,110,22,5,80,1,20,5,80,0,0,0,0,0,5,0,96,0,,2026-06-27T00:00:00.000Z,,excel-seed
seed-4-sn1-110t-18,,,2026-01-29,白,,,4-sn1-110t,4# SN1-110T,HANDLE ARM,48187057AA,-,1586.35,317.27,5,80,1,635,0,75,0,806.35,15,0,55,0,40950,21,0,,2026-06-27T00:00:00.000Z,,excel-seed
seed-4-sn1-110t-19,,,2026-01-29,夜,,,4-sn1-110t,4# SN1-110T,HANDLE ARM,48187057AA,-,1277.66,255.53,5,80,1,340,0,25,0,857.66,10,0,45,0,11100,65,0,,2026-06-27T00:00:00.000Z,,excel-seed
seed-4-sn1-110t-20,,,2026-01-30,白,,,4-sn1-110t,4# SN1-110T,HANDLE ARM,48187057AA,-,314.36,62.87,5,80,1,130,0,10,0,154.36,0,0,15,5,8759,10,0,,2026-06-27T00:00:00.000Z,,excel-seed
seed-4-sn1-110t-21,,,2026-01-30,白,,,4-sn1-110t,4# SN1-110T,CRADLE,48187058,-,711.83,142.37,5,80,1,105,50,155,0,356.83,0,0,45,0,5179,10,0,,2026-06-27T00:00:00.000Z,,excel-seed
seed-4-sn1-110t-22,,,2026-01-30,夜,,,4-sn1-110t,4# SN1-110T,CRADLE,48187058,-,1302.29,260.46,5,80,1,460,0,30,0,642.29,45,0,65,60,28934,30,0,,2026-06-27T00:00:00.000Z,,excel-seed
seed-4-sn1-110t-23,,,2026-01-31,白,,,4-sn1-110t,4# SN1-110T,CRADLE,48187058,-,1458.68,291.74,5,80,1,360,0,225,0,838.68,10,0,25,0,18200,13,0,,2026-06-27T00:00:00.000Z,,excel-seed
seed-4-sn1-110t-24,,,2026-02-02,白,,,4-sn1-110t,4# SN1-110T,CRADLE,48187058,-,1111.59,222.32,5,80,1,170,0,180,135,541.59,15,0,60,10,13309,25,0,,2026-06-27T00:00:00.000Z,,excel-seed
seed-4-sn1-110t-25,,,2026-02-03,白,,,4-sn1-110t,4# SN1-110T,CRADLE,48187058,-,105,21,5,80,1,25,0,40,0,0,0,0,40,0,0,803,0,,2026-06-27T00:00:00.000Z,,excel-seed
seed-4-sn1-110t-26,,,2026-02-04,白,,,4-sn1-110t,4# SN1-110T,CRADLE,48187058,-,1582.2,316.44,5,80,1,60,0,90,0,1372.2,0,0,60,0,1784,30,0,,2026-06-27T00:00:00.000Z,,excel-seed
seed-4-sn1-110t-27,,,2026-02-05,白,,,4-sn1-110t,4# SN1-110T,CRADLE,48187058,-,1406.88,281.38,5,80,1,25,0,85,0,1231.88,0,0,65,0,828,471,0,,2026-06-27T00:00:00.000Z,,excel-seed
seed-4-sn1-110t-28,,,2026-02-06,白,,,4-sn1-110t,4# SN1-110T,CRADLE,48187058,-,1795.87,359.17,5,80,1,140,0,135,0,1460.87,0,0,60,0,3565,79,0,,2026-06-27T00:00:00.000Z,,excel-seed
seed-4-sn1-110t-29,,,2026-02-07,白,,,4-sn1-110t,4# SN1-110T,Medium Arc Platel,48187097AA,-,748.9,149.78,5,100,3,85,50,135,0,278.9,0,0,80,120,29715,90,0,,2026-06-27T00:00:00.000Z,,excel-seed
seed-4-sn1-110t-30,,,2026-02-07,夜,,,4-sn1-110t,4# SN1-110T,Medium Arc Platel,48187097AA,-,1131.15,226.23,5,100,3,485,0,5,0,591.15,15,0,30,5,123066,60,0,,2026-06-27T00:00:00.000Z,,excel-seed
seed-4-sn1-110t-31,,,2026-02-09,白,,,4-sn1-110t,4# SN1-110T,CRADLE,48187058,-,175,0,5,80,1,0,65,75,0,0,0,0,35,0,0,504,0,,2026-06-27T00:00:00.000Z,,excel-seed
seed-4-sn1-110t-32,,,2026-02-10,白,,,4-sn1-110t,4# SN1-110T,CRADLE,48187058,-,155,31,5,80,1,15,0,80,0,0,0,0,60,0,0,1200,0,,2026-06-27T00:00:00.000Z,,excel-seed
seed-4-sn1-110t-33,,,2026-02-11,白,,,4-sn1-110t,4# SN1-110T,CRADLE,48187058,-,175,35,5,80,1,25,0,120,0,0,0,0,30,0,0,413,0,,2026-06-27T00:00:00.000Z,,excel-seed
seed-4-sn1-110t-34,,,2026-02-13,白,,,4-sn1-110t,4# SN1-110T,CRADLE,48187058,-,1229.01,245.8,5,80,1,380,0,185,0,594.01,10,0,60,0,27380,240,0,,2026-06-27T00:00:00.000Z,,excel-seed
seed-4-sn1-110t-35,,,2026-02-14,白,,,4-sn1-110t,4# SN1-110T,CRADLE,48187058,-,1070.87,214.17,5,80,1,135,0,255,205,410.87,10,0,55,0,9200,109,0,,2026-06-27T00:00:00.000Z,,excel-seed
seed-4-sn1-110t-36,,,2026-02-14,夜,,,4-sn1-110t,4# SN1-110T,CRADLE,48187058,-,794.44,158.89,5,80,1,30,0,120,0,634.44,0,0,10,0,1324,0,0,,2026-06-27T00:00:00.000Z,,excel-seed
seed-4-sn1-110t-37,,,2026-02-16,白,,,4-sn1-110t,4# SN1-110T,CRADLE,48187058,-,935,187,5,80,1,175,0,205,0,500,0,0,55,0,11200,29,0,,2026-06-27T00:00:00.000Z,,excel-seed
seed-4-sn1-110t-38,,,2026-02-16,夜,,,4-sn1-110t,4# SN1-110T,CRADLE,48187058,-,477.77,95.55,5,80,1,45,0,15,0,417.77,0,0,0,0,4007,0,0,,2026-06-27T00:00:00.000Z,,excel-seed
seed-4-sn1-110t-39,,,2026-02-17,白,,,4-sn1-110t,4# SN1-110T,CRADLE,48187058,-,1151.03,230.21,5,80,1,195,0,110,0,791.03,0,0,55,0,9762,240,0,,2026-06-27T00:00:00.000Z,,excel-seed
seed-4-sn1-110t-40,,,2026-02-17,夜,,,4-sn1-110t,4# SN1-110T,CRADLE,48187058,-,556.19,111.24,5,80,1,25,0,30,0,476.19,0,0,25,0,1785,3,0,,2026-06-27T00:00:00.000Z,,excel-seed
seed-4-sn1-110t-41,,,2026-02-18,白,,,4-sn1-110t,4# SN1-110T,CRADLE,48187058,-,694.66,138.93,5,80,1,65,0,25,0,549.66,0,0,55,0,5487,40,0,,2026-06-27T00:00:00.000Z,,excel-seed
seed-4-sn1-110t-42,,,2026-02-18,夜,,,4-sn1-110t,4# SN1-110T,CRADLE,48187058,-,485.57,97.11,5,80,1,25,0,40,0,400.57,0,0,20,0,2097,10,0,,2026-06-27T00:00:00.000Z,,excel-seed
seed-4-sn1-110t-43,,,2026-02-19,白,,,4-sn1-110t,4# SN1-110T,CRADLE,48187058,-,587.04,117.41,5,80,1,35,0,20,0,477.04,0,0,55,0,3375,50,0,,2026-06-27T00:00:00.000Z,,excel-seed
seed-4-sn1-110t-44,,,2026-02-20,夜,,,4-sn1-110t,4# SN1-110T,CRADLE,48187058,-,1216.62,243.32,5,80,1,45,0,25,0,1126.62,0,0,20,0,1390,4,0,,2026-06-27T00:00:00.000Z,,excel-seed
seed-4-sn1-110t-45,,,2026-02-20,白,,,4-sn1-110t,4# SN1-110T,CRADLE,48187058,-,507.56,101.51,5,80,1,25,0,20,0,432.56,0,0,25,5,2150,30,0,,2026-06-27T00:00:00.000Z,,excel-seed
seed-4-sn1-110t-46,,,2026-02-23,白,,,4-sn1-110t,4# SN1-110T,CRADLE,48187058,-,545.14,109.03,5,80,1,45,0,100,0,275.14,15,0,110,0,5888,25,0,,2026-06-27T00:00:00.000Z,,excel-seed
seed-4-sn1-110t-47,,,2026-02-24,白,,,4-sn1-110t,4# SN1-110T,CRADLE,48187058,-,870.92,174.18,5,80,1,120,0,150,0,490.92,0,0,110,0,7822,50,0,,2026-06-27T00:00:00.000Z,,excel-seed
seed-4-sn1-110t-48,,,2026-02-25,白,,,4-sn1-110t,4# SN1-110T,CRADLE,48187058,-,1076.8,215.36,5,80,1,145,0,125,0,726.8,0,0,80,0,7262,410,0,,2026-06-27T00:00:00.000Z,,excel-seed
seed-4-sn1-110t-49,,,2026-02-26,白,,,4-sn1-110t,4# SN1-110T,CRADLE,48187058,-,1240.15,248.03,5,80,1,135,0,165,0,865.15,0,0,75,0,5243,30,0,,2026-06-27T00:00:00.000Z,,excel-seed
seed-4-sn1-110t-50,,,2026-02-27,白,,,4-sn1-110t,4# SN1-110T,CRADLE,48187058,-,807.78,161.56,5,80,1,135,0,135,0,427.78,15,0,95,0,10856,15,0,,2026-06-27T00:00:00.000Z,,excel-seed
seed-4-sn1-110t-51,,,2026-02-28,白,,,4-sn1-110t,4# SN1-110T,CRADLE,48187058,-,1164.19,232.84,5,80,1,350,0,60,0,664.19,0,0,90,0,21500,60,0,,2026-06-27T00:00:00.000Z,,excel-seed
seed-4-sn1-110t-52,,,2026-03-02,白,,,4-sn1-110t,4# SN1-110T,CRADLE,48187058,-,967.91,193.58,5,80,1,145,0,140,0,617.91,0,65,0,0,9762,30,0,,2026-06-27T00:00:00.000Z,,excel-seed
seed-4-sn1-110t-53,,,2026-03-03,白,,,4-sn1-110t,4# SN1-110T,CRADLE,48187058,-,923.97,184.79,5,80,1,95,0,150,0,583.97,0,0,95,0,5401,20,0,,2026-06-27T00:00:00.000Z,,excel-seed
seed-4-sn1-110t-54,,,2026-03-03,夜,,,4-sn1-110t,4# SN1-110T,CRADLE,48187058,-,469.97,93.99,5,80,1,130,0,65,0,229.97,0,0,10,35,5879,20,0,,2026-06-27T00:00:00.000Z,,excel-seed
seed-4-sn1-110t-55,,,2026-03-04,白,,,4-sn1-110t,4# SN1-110T,CRADLE,48187058,-,1030.12,206.02,5,80,1,45,0,90,0,785.12,15,0,95,0,2178,30,0,,2026-06-27T00:00:00.000Z,,excel-seed
seed-4-sn1-110t-56,,,2026-03-05,白,,,4-sn1-110t,4# SN1-110T,CRADLE,48187058,-,960.43,192.09,5,80,1,255,0,130,0,485.43,0,0,90,0,18491,40,0,,2026-06-27T00:00:00.000Z,,excel-seed
seed-4-sn1-110t-57,,,2026-03-06,白,,,4-sn1-110t,4# SN1-110T,CRADLE,48187058,-,537.97,107.59,5,80,1,75,0,65,0,307.97,15,0,75,0,10131,40,0,,2026-06-27T00:00:00.000Z,,excel-seed
seed-4-sn1-110t-58,,,2026-03-09,白,,,4-sn1-110t,4# SN1-110T,CRADLE,48187058,-,1167.9,233.58,5,80,1,135,0,35,0,932.9,0,0,65,0,6483,60,0,,2026-06-27T00:00:00.000Z,,excel-seed
seed-4-sn1-110t-59,,,2026-03-10,白,,,4-sn1-110t,4# SN1-110T,CRADLE,48187058,-,981.74,196.35,5,80,1,255,0,85,0,551.74,10,0,80,0,18302,80,0,,2026-06-27T00:00:00.000Z,,excel-seed
seed-4-sn1-110t-60,,,2026-03-10,夜,,,4-sn1-110t,4# SN1-110T,CRADLE,48187058,-,594.26,118.85,5,80,1,25,0,25,0,204.26,0,0,20,320,1126,40,0,,2026-06-27T00:00:00.000Z,,excel-seed
seed-4-sn1-110t-61,,,2026-03-11,白,,,4-sn1-110t,4# SN1-110T,CRADLE,48187058,-,778.02,155.6,5,80,1,145,0,265,0,293.02,0,0,75,0,12668,100,0,,2026-06-27T00:00:00.000Z,,excel-seed
seed-4-sn1-110t-62,,,2026-03-12,白,,,4-sn1-110t,4# SN1-110T,CRADLE,48187058,-,1087.81,217.56,5,80,1,245,0,90,0,657.81,15,0,75,5,14600,187,0,,2026-06-27T00:00:00.000Z,,excel-seed
seed-4-sn1-110t-63,,,2026-03-12,夜,,,4-sn1-110t,4# SN1-110T,CRADLE,48187058,-,1548.51,309.7,5,80,1,25,0,45,0,1403.51,0,0,20,55,513,5,0,,2026-06-27T00:00:00.000Z,,excel-seed
seed-4-sn1-110t-64,,,2026-03-13,白,,,4-sn1-110t,4# SN1-110T,CRADLE,48187058,-,947.77,189.55,5,80,1,40,0,180,0,647.77,0,0,80,0,1976,200,0,,2026-06-27T00:00:00.000Z,,excel-seed
seed-4-sn1-110t-65,,,2026-03-13,夜,,,4-sn1-110t,4# SN1-110T,CRADLE,48187058,-,549.93,109.99,5,80,1,25,0,40,0,69.93,0,0,20,395,715,15,0,,2026-06-27T00:00:00.000Z,,excel-seed
seed-4-sn1-110t-66,,,2026-03-14,白,,,4-sn1-110t,4# SN1-110T,CRADLE,48187058,-,970,194,5,80,1,40,0,140,0,720,0,0,70,0,2000,80,0,,2026-06-27T00:00:00.000Z,,excel-seed
seed-4-sn1-110t-67,,,2026-03-16,白,,,4-sn1-110t,4# SN1-110T,CRADLE,48187058,-,902.47,180.49,5,80,1,150,0,55,0,617.47,0,0,80,0,10203,50,0,,2026-06-27T00:00:00.000Z,,excel-seed
seed-4-sn1-110t-68,,,2026-03-17,白,,,4-sn1-110t,4# SN1-110T,CRADLE,48187058,-,781.79,156.36,5,80,1,75,0,135,0,476.79,15,0,80,0,5600,104,0,,2026-06-27T00:00:00.000Z,,excel-seed
seed-4-sn1-110t-69,,,2026-03-18,白,,,4-sn1-110t,4# SN1-110T,CRADLE,48187058,-,1111.57,222.31,5,80,1,240,0,225,0,571.57,0,0,75,0,16124,190,0,,2026-06-27T00:00:00.000Z,,excel-seed
seed-4-sn1-110t-70,,,2026-03-19,白,,,4-sn1-110t,4# SN1-110T,CRADLE,48187058,-,988.46,197.69,5,80,1,100,0,200,0,578.46,0,0,110,0,6500,121,0,,2026-06-27T00:00:00.000Z,,excel-seed
seed-4-sn1-110t-71,,,2026-03-20,白,,,4-sn1-110t,4# SN1-110T,CRADLE,48187058,-,586,117.2,5,80,1,45,0,270,0,201,15,0,55,0,6000,293,0,,2026-06-27T00:00:00.000Z,,excel-seed
seed-4-sn1-110t-72,,,2026-03-21,白,,,4-sn1-110t,4# SN1-110T,CRADLE,48187058,-,716.29,143.26,5,80,1,175,0,125,0,361.29,0,0,55,0,18600,135,0,,2026-06-27T00:00:00.000Z,,excel-seed
seed-4-sn1-110t-73,,,2026-03-22,白,,,4-sn1-110t,4# SN1-110T,CRADLE,48187058,-,1634.74,326.95,5,80,1,115,0,180,0,1234.74,15,0,90,0,3800,29,0,,2026-06-27T00:00:00.000Z,,excel-seed
seed-4-sn1-110t-74,,,2026-03-23,白,,,4-sn1-110t,4# SN1-110T,CRADLE,48187058,-,1309.84,261.97,5,80,1,250,0,100,0,884.84,0,75,0,0,15370,200,0,,2026-06-27T00:00:00.000Z,,excel-seed
seed-4-sn1-110t-75,,,2026-03-25,白,,,4-sn1-110t,4# SN1-110T,CRADLE,48187058,-,1737.87,347.57,5,80,1,290,0,160,0,1207.87,0,0,80,0,10372,60,0,,2026-06-27T00:00:00.000Z,,excel-seed
seed-4-sn1-110t-76,,,2026-03-26,白,,,4-sn1-110t,4# SN1-110T,CRADLE,48187058,-,646.19,129.24,5,80,1,55,0,155,0,361.19,0,0,75,0,6700,128,0,,2026-06-27T00:00:00.000Z,,excel-seed
seed-4-sn1-110t-77,,,2026-03-27,白,,,4-sn1-110t,4# SN1-110T,CRADLE,48187058,-,813.75,162.75,5,80,1,25,0,65,0,643.75,0,0,80,0,1600,76,0,,2026-06-27T00:00:00.000Z,,excel-seed
seed-4-sn1-110t-78,,,2026-03-28,白,,,4-sn1-110t,4# SN1-110T,CRADLE,48187058,-,931.71,186.34,5,80,1,115,0,160,0,566.71,0,0,90,0,6656,200,0,,2026-06-27T00:00:00.000Z,,excel-seed
seed-4-sn1-110t-79,,,2026-03-29,白,,,4-sn1-110t,4# SN1-110T,CRADLE,48187058,-,1269.92,253.98,5,80,1,375,0,85,65,744.92,0,0,0,0,23157,143,0,,2026-06-27T00:00:00.000Z,,excel-seed
seed-4-sn1-110t-80,,,2026-03-30,白,,,4-sn1-110t,4# SN1-110T,CRADLE,48187058,-,1042.24,208.45,5,80,1,110,0,25,0,827.24,0,0,80,0,5904,60,0,,2026-06-27T00:00:00.000Z,,excel-seed
seed-4-sn1-110t-81,,,2026-03-31,白,,,4-sn1-110t,4# SN1-110T,CRADLE,48187058,-,806.61,161.32,5,80,1,165,0,250,0,336.61,0,0,55,0,13921,39,0,,2026-06-27T00:00:00.000Z,,excel-seed
seed-4-sn1-110t-82,,,2026-03-31,夜,,,4-sn1-110t,4# SN1-110T,CRADLE,48187058,-,1189.64,237.93,5,80,1,265,0,60,0,784.64,15,0,65,0,14455,60,0,,2026-06-27T00:00:00.000Z,,excel-seed
seed-4-sn1-110t-83,,,2026-04-01,白,,,4-sn1-110t,4# SN1-110T,CRADLE,48187058,-,100,20,5,80,1,25,0,55,0,0,0,0,20,0,0,866,0,,2026-06-27T00:00:00.000Z,,excel-seed
seed-4-sn1-110t-84,,,2026-04-01,夜,,,4-sn1-110t,4# SN1-110T,CRADLE,48187058,-,1458.2,291.64,5,80,1,225,0,75,0,1093.2,0,0,65,0,8562,140,0,,2026-06-27T00:00:00.000Z,,excel-seed
seed-4-sn1-110t-85,,,2026-04-02,白,,,4-sn1-110t,4# SN1-110T,CRADLE,48187058,-,1557.43,311.49,5,80,1,50,0,50,0,1382.43,0,0,75,0,1548,69,0,,2026-06-27T00:00:00.000Z,,excel-seed
seed-4-sn1-110t-86,,,2026-04-03,白,,,4-sn1-110t,4# SN1-110T,CRADLE,48187058,-,666.5,133.3,5,80,1,45,0,185,0,346.5,0,0,90,0,4000,271,0,,2026-06-27T00:00:00.000Z,,excel-seed
seed-4-sn1-110t-87,,,2026-04-04,白,,,4-sn1-110t,4# SN1-110T,CRADLE,48187058,-,1154.08,230.82,5,80,1,40,0,60,0,954.08,0,0,100,0,1677,500,0,,2026-06-27T00:00:00.000Z,,excel-seed
seed-4-sn1-110t-88,,,2026-04-05,白,,,4-sn1-110t,4# SN1-110T,CRADLE,48187058,-,756.44,151.29,5,80,1,75,0,195,0,476.44,0,0,10,0,5730,23,0,,2026-06-27T00:00:00.000Z,,excel-seed
seed-4-sn1-110t-89,,,2026-04-06,白,,,4-sn1-110t,4# SN1-110T,CRADLE,48187058,-,905.68,181.14,5,90,1,270,0,130,0,395.68,20,0,55,35,17810,5,0,,2026-06-27T00:00:00.000Z,,excel-seed
seed-4-sn1-110t-90,,,2026-04-06,白,,,4-sn1-110t,4# SN1-110T,HANDLE ARM,48187057AA,-,276.67,55.33,5,80,1,25,35,30,0,146.67,0,0,40,0,1500,100,0,,2026-06-27T00:00:00.000Z,,excel-seed
seed-4-sn1-110t-91,,,2026-04-06,夜,,,4-sn1-110t,4# SN1-110T,HANDLE ARM,48187057AA,-,40,8,5,80,1,25,0,15,0,0,0,0,0,0,0,264,0,,2026-06-27T00:00:00.000Z,,excel-seed
seed-4-sn1-110t-92,,,2026-04-07,白,,,4-sn1-110t,4# SN1-110T,HANDLE ARM,48187057AA,-,900.71,180.14,5,80,1,80,0,225,0,535.71,0,0,60,0,4480,4,0,,2026-06-27T00:00:00.000Z,,excel-seed
seed-4-sn1-110t-93,,,2026-04-07,夜,,,4-sn1-110t,4# SN1-110T,HANDLE ARM,48187057AA,-,1491.24,298.25,5,80,1,510,0,45,0,841.24,30,0,65,0,26675,20,0,,2026-06-27T00:00:00.000Z,,excel-seed
seed-4-sn1-110t-94,,,2026-04-08,白,,,4-sn1-110t,4# SN1-110T,HANDLE ARM,48187057AA,-,1173.8,234.76,5,80,1,470,0,110,0,513.8,20,0,60,0,35858,30,0,,2026-06-27T00:00:00.000Z,,excel-seed
seed-4-sn1-110t-95,,,2026-04-08,夜,,,4-sn1-110t,4# SN1-110T,HANDLE ARM,48187057AA,-,824.13,164.83,5,80,1,320,0,15,0,404.13,30,0,55,0,22171,40,0,,2026-06-27T00:00:00.000Z,,excel-seed
seed-4-sn1-110t-96,,,2026-04-09,白,,,4-sn1-110t,4# SN1-110T,HANDLE ARM,48187057AA,-,674.29,134.86,5,80,1,165,0,135,0,309.29,0,0,15,50,11950,34,0,,2026-06-27T00:00:00.000Z,,excel-seed
seed-4-sn1-110t-97,,,2026-04-09,夜,,,4-sn1-110t,4# SN1-110T,Anti-Rotation Clip,5037028-AA,-,428.44,85.69,5,80,2,140,55,35,0,188.44,0,0,10,0,23180,0,0,,2026-06-27T00:00:00.000Z,,excel-seed
seed-4-sn1-110t-98,,,2026-04-10,白,,,4-sn1-110t,4# SN1-110T,CRADLE,48187058,-,803.17,160.63,5,80,1,255,0,105,0,393.17,25,0,25,0,18160,10,0,,2026-06-27T00:00:00.000Z,,excel-seed
seed-4-sn1-110t-99,,,2026-04-11,白,,,4-sn1-110t,4# SN1-110T,CRADLE,48187058,-,807.1,161.42,5,80,1,275,0,35,0,472.1,0,0,25,0,13980,20,0,,2026-06-27T00:00:00.000Z,,excel-seed
seed-4-sn1-110t-100,,,2026-04-17,白,,,4-sn1-110t,4# SN1-110T,CRADLE,48187058,-,297.02,59.4,5,80,1,45,0,65,0,57.02,0,0,0,130,2841,40,0,,2026-06-27T00:00:00.000Z,,excel-seed
seed-4-sn1-110t-101,,,2026-04-20,白,,,4-sn1-110t,4# SN1-110T,CRADLE,48187058,-,864.9,172.98,5,80,1,90,0,120,0,574.9,0,0,80,0,5761,160,0,,2026-06-27T00:00:00.000Z,,excel-seed
seed-4-sn1-110t-102,,,2026-04-21,白,,,4-sn1-110t,4# SN1-110T,CRADLE,48187058,-,100,20,5,80,1,25,0,0,0,0,0,0,75,0,0,301,0,,2026-06-27T00:00:00.000Z,,excel-seed
seed-4-sn1-110t-103,,,2026-04-22,白,,,4-sn1-110t,4# SN1-110T,CRADLE,48187058,-,1064.07,212.81,5,80,1,220,0,230,0,524.07,15,0,75,0,11922,80,0,,2026-06-27T00:00:00.000Z,,excel-seed
seed-4-sn1-110t-104,,,2026-04-23,白,,,4-sn1-110t,4# SN1-110T,CRADLE,48187058,-,862.73,172.55,5,80,1,120,0,140,0,517.73,0,0,85,0,8066,400,0,,2026-06-27T00:00:00.000Z,,excel-seed
seed-4-sn1-110t-105,,,2026-04-24,白,,,4-sn1-110t,4# SN1-110T,CRADLE,48187058,-,1055.81,211.16,5,80,1,230,0,230,0,515.81,25,0,55,0,13377,350,0,,2026-06-27T00:00:00.000Z,,excel-seed
seed-4-sn1-110t-106,,,2026-04-25,白,,,4-sn1-110t,4# SN1-110T,CRADLE,48187058,-,864.36,172.87,5,80,1,75,0,110,0,599.36,0,0,80,0,4705,400,0,,2026-06-27T00:00:00.000Z,,excel-seed
seed-4-sn1-110t-107,,,2026-04-27,白,,,4-sn1-110t,4# SN1-110T,Medium Arc Platel,48187097AA,-,1189.63,237.93,5,100,3,240,120,70,55,529.63,0,0,70,105,56417,295,0,,2026-06-27T00:00:00.000Z,,excel-seed
seed-4-sn1-110t-108,,,2026-04-28,白,,,4-sn1-110t,4# SN1-110T,Medium Arc Platel,48187097AA,-,409.09,81.82,5,100,3,95,50,25,0,204.09,0,0,25,10,25136,100,0,,2026-06-27T00:00:00.000Z,,excel-seed
seed-4-sn1-110t-109,,,2026-04-28,白,,,4-sn1-110t,4# SN1-110T,CRADLE,48187058,-,343.88,68.78,5,80,1,30,75,70,0,113.88,0,0,55,0,6217,120,0,,2026-06-27T00:00:00.000Z,,excel-seed
seed-4-sn1-110t-110,,,2026-04-29,白,,,4-sn1-110t,4# SN1-110T,CRADLE,48187058,-,856.35,171.27,5,80,1,140,0,180,0,436.35,20,0,80,0,10267,300,0,,2026-06-27T00:00:00.000Z,,excel-seed
seed-4-sn1-110t-111,,,2026-04-29,夜,,,4-sn1-110t,4# SN1-110T,CRADLE,48187058,-,928.86,185.77,5,80,1,190,0,120,0,448.86,0,0,50,120,7450,20,0,,2026-06-27T00:00:00.000Z,,excel-seed
seed-4-sn1-110t-112,,,2026-05-05,夜,,,4-sn1-110t,4# SN1-110T,CRADLE,48187058,-,740.89,148.18,5,80,1,75,0,225,0,375.89,0,0,65,0,5906,45,0,,2026-06-27T00:00:00.000Z,,excel-seed
seed-4-sn1-110t-113,,,2026-05-06,白,,,4-sn1-110t,4# SN1-110T,CRADLE,48187058,-,732.71,146.54,5,80,1,45,0,185,0,422.71,0,0,80,0,3364,120,0,,2026-06-27T00:00:00.000Z,,excel-seed
seed-4-sn1-110t-114,,,2026-05-06,夜,,,4-sn1-110t,4# SN1-110T,CRADLE,48187058,-,1058.31,211.66,5,80,1,225,0,280,0,483.31,15,0,55,0,12104,45,0,,2026-06-27T00:00:00.000Z,,excel-seed
seed-4-sn1-110t-115,,,2026-05-07,白,,,4-sn1-110t,4# SN1-110T,CRADLE,48187058,-,330,66,5,80,1,25,0,275,0,0,0,0,30,0,0,160,0,,2026-06-27T00:00:00.000Z,,excel-seed
seed-4-sn1-110t-116,,,2026-05-08,白,,,4-sn1-110t,4# SN1-110T,CRADLE,48187058,-,810.74,162.15,5,80,1,175,0,240,0,330.74,10,0,55,0,15450,257,0,,2026-06-27T00:00:00.000Z,,excel-seed
seed-4-sn1-110t-117,,,2026-05-08,夜,,,4-sn1-110t,4# SN1-110T,CRADLE,48187058,-,837.57,167.51,5,80,1,110,0,255,0,407.57,0,0,65,0,7341,60,0,,2026-06-27T00:00:00.000Z,,excel-seed
seed-4-sn1-110t-118,,,2026-05-09,白,,,4-sn1-110t,4# SN1-110T,CRADLE,48187058,-,985.9,197.18,5,80,1,280,0,175,0,430.9,0,0,100,0,20014,200,0,,2026-06-27T00:00:00.000Z,,excel-seed
seed-4-sn1-110t-119,,,2026-05-09,夜,,,4-sn1-110t,4# SN1-110T,CRADLE,48187058,-,1572.56,314.51,5,80,1,260,0,130,0,1112.56,0,0,70,0,8600,72,0,,2026-06-27T00:00:00.000Z,,excel-seed
seed-4-sn1-110t-120,,,2026-05-11,白,,,4-sn1-110t,4# SN1-110T,CRADLE,48187058,-,195,39,5,80,1,25,0,80,0,0,0,0,90,0,0,443,0,,2026-06-27T00:00:00.000Z,,excel-seed
seed-4-sn1-110t-121,,,2026-05-11,夜,,,4-sn1-110t,4# SN1-110T,CRADLE,48187058,-,939.65,187.93,5,80,1,175,0,155,0,544.65,0,0,65,0,11310,30,0,,2026-06-27T00:00:00.000Z,,excel-seed
seed-4-sn1-110t-122,,,2026-05-12,白,,,4-sn1-110t,4# SN1-110T,CRADLE,48187058,-,861.35,172.27,5,80,1,185,0,190,0,421.35,10,0,55,0,14577,200,0,,2026-06-27T00:00:00.000Z,,excel-seed
seed-4-sn1-110t-123,,,2026-05-12,夜,,,4-sn1-110t,4# SN1-110T,CRADLE,48187058,-,916.75,183.35,5,80,1,165,0,135,0,551.75,0,0,65,0,11005,40,0,,2026-06-27T00:00:00.000Z,,excel-seed
seed-4-sn1-110t-124,,,2026-05-13,白,,,4-sn1-110t,4# SN1-110T,CRADLE,48187058,-,733.64,146.73,5,80,1,30,0,95,0,523.64,0,0,85,0,2200,272,0,,2026-06-27T00:00:00.000Z,,excel-seed
seed-4-sn1-110t-125,,,2026-05-14,白,,,4-sn1-110t,4# SN1-110T,CRADLE,48187058,-,1118.17,223.63,5,80,1,355,0,30,0,523.17,20,0,190,0,23885,100,0,,2026-06-27T00:00:00.000Z,,excel-seed
seed-4-sn1-110t-126,,,2026-05-15,白,,,4-sn1-110t,4# SN1-110T,CRADLE,48187058,-,798.19,159.64,5,80,1,180,0,215,0,323.19,0,0,80,0,16263,100,0,,2026-06-27T00:00:00.000Z,,excel-seed
seed-4-sn1-110t-127,,,2026-05-16,白,,,4-sn1-110t,4# SN1-110T,CRADLE,48187058,-,730.46,146.09,5,80,1,90,0,240,0,310.46,10,0,80,0,7885,100,0,,2026-06-27T00:00:00.000Z,,excel-seed
seed-4-sn1-110t-128,,,2026-05-18,白,,,4-sn1-110t,4# SN1-110T,CRADLE,48187058,-,810.56,162.11,5,80,1,80,0,155,0,465.56,0,0,80,30,5430,80,0,,2026-06-27T00:00:00.000Z,,excel-seed
seed-4-sn1-110t-129,,,2026-05-18,夜,,,4-sn1-110t,4# SN1-110T,CRADLE,48187058,-,185,37,5,80,1,25,0,160,0,0,0,0,0,0,0,312,0,,2026-06-27T00:00:00.000Z,,excel-seed
seed-4-sn1-110t-130,,,2026-05-19,白,,,4-sn1-110t,4# SN1-110T,CRADLE,48187058,-,941.78,188.36,5,80,1,235,0,235,0,391.78,0,0,80,0,16555,200,0,,2026-06-27T00:00:00.000Z,,excel-seed
seed-4-sn1-110t-131,,,2026-05-20,白,,,4-sn1-110t,4# SN1-110T,CRADLE,48187058,-,630.06,126.01,5,80,1,175,0,95,0,335.06,0,0,25,0,15042,40,0,,2026-06-27T00:00:00.000Z,,excel-seed
seed-4-sn1-110t-132,,,2026-05-21,白,,,4-sn1-110t,4# SN1-110T,CRADLE,48187058,-,759.71,151.94,5,80,1,80,0,410,0,179.71,0,0,90,0,5698,250,0,,2026-06-27T00:00:00.000Z,,excel-seed
seed-4-sn1-110t-133,,,2026-05-21,夜,,,4-sn1-110t,4# SN1-110T,CRADLE,48187058,-,514.26,102.85,5,80,1,190,0,10,0,274.26,0,0,10,30,10530,10,0,,2026-06-27T00:00:00.000Z,,excel-seed
seed-4-sn1-110t-134,,,2026-05-22,白,,,4-sn1-110t,4# SN1-110T,Armature High Amp,48187063AA,-,1098.66,219.73,5,80,2,355,40,50,30,533.66,0,0,90,0,55346,30,0,,2026-06-27T00:00:00.000Z,,excel-seed
seed-4-sn1-110t-135,,,2026-05-22,夜,,,4-sn1-110t,4# SN1-110T,Armature High Amp,48187063AA,-,404.54,80.91,5,80,2,95,0,25,0,274.54,0,0,10,0,11350,20,0,,2026-06-27T00:00:00.000Z,,excel-seed
seed-4-sn1-110t-136,,,2026-05-23,白,,,4-sn1-110t,4# SN1-110T,Armature High Amp,48187063AA,-,767.55,153.51,5,80,2,70,0,150,0,467.55,10,0,70,0,10540,460,0,,2026-06-27T00:00:00.000Z,,excel-seed
seed-4-sn1-110t-137,,,2026-05-23,夜,,,4-sn1-110t,4# SN1-110T,Armature High Amp,48187063AA,-,887.05,177.41,5,80,2,395,55,10,0,407.05,0,0,20,0,69868,20,0,,2026-06-27T00:00:00.000Z,,excel-seed
seed-4-sn1-110t-138,,,2026-05-24,白,,,4-sn1-110t,4# SN1-110T,High Arc Plate,48187053AA,-,984.94,196.99,5,100,3,255,0,75,0,584.94,10,0,60,0,68661,345,0,,2026-06-27T00:00:00.000Z,,excel-seed
seed-4-sn1-110t-139,,,2026-05-25,夜,,,4-sn1-110t,4# SN1-110T,High Arc Plate,48187053AA,-,65,13,5,100,3,25,0,30,0,0,0,0,10,0,0,3930,0,,2026-06-27T00:00:00.000Z,,excel-seed
seed-4-sn1-110t-140,,,2026-05-26,白,,,4-sn1-110t,4# SN1-110T,High Arc Plate,48187053AA,-,1189.18,237.84,5,100,3,440,0,15,0,639.18,20,0,75,0,117714,150,0,,2026-06-27T00:00:00.000Z,,excel-seed
seed-4-sn1-110t-141,,,2026-05-26,夜,,,4-sn1-110t,4# SN1-110T,High Arc Plate,48187053AA,-,1004.14,200.83,5,100,3,285,0,30,0,604.14,10,0,75,0,78545,100,0,,2026-06-27T00:00:00.000Z,,excel-seed
seed-4-sn1-110t-142,,,2026-05-27,白,,,4-sn1-110t,4# SN1-110T,High Arc Plate,48187053AA,-,822.59,164.52,5,100,3,235,0,25,0,487.59,0,0,75,0,80970,120,0,,2026-06-27T00:00:00.000Z,,excel-seed
seed-4-sn1-110t-143,,,2026-05-27,夜,,,4-sn1-110t,4# SN1-110T,High Arc Plate,48187053AA,-,641.17,128.23,5,100,3,150,0,70,0,391.17,10,0,20,0,44865,120,0,,2026-06-27T00:00:00.000Z,,excel-seed
seed-4-sn1-110t-144,,,2026-05-28,白,,,4-sn1-110t,4# SN1-110T,High Arc Plate,48187053AA,-,1064.78,212.96,5,100,3,315,0,5,0,639.78,0,0,105,0,81239,40,0,,2026-06-27T00:00:00.000Z,,excel-seed
seed-4-sn1-110t-145,,,2026-05-28,夜,,,4-sn1-110t,4# SN1-110T,High Arc Plate,48187053AA,-,737.18,147.44,5,100,3,25,0,35,0,667.18,0,0,10,0,4890,0,0,,2026-06-27T00:00:00.000Z,,excel-seed
seed-4-sn1-110t-146,,,2026-05-31,白,,,4-sn1-110t,4# SN1-110T,Medium Arc Platel,48187097AA,-,1069.19,213.84,5,100,3,320,0,25,0,654.19,0,0,70,0,82912,20,0,,2026-06-27T00:00:00.000Z,,excel-seed
seed-4-sn1-110t-147,,,2026-06-01,白,,,4-sn1-110t,4# SN1-110T,Medium Arc Platel,48187097AA,-,639.58,127.92,5,100,3,70,0,45,0,424.58,15,0,85,0,26214,300,0,,2026-06-27T00:00:00.000Z,,excel-seed
seed-4-sn1-110t-148,,,2026-06-01,夜,,,4-sn1-110t,4# SN1-110T,Medium Arc Platel,48187097AA,-,1223.16,244.63,5,100,3,395,0,60,0,588.16,15,100,65,0,107790,150,0,,2026-06-27T00:00:00.000Z,,excel-seed
seed-4-sn1-110t-149,,,2026-06-02,白,,,4-sn1-110t,4# SN1-110T,Medium Arc Platel,48187097AA,-,1028.23,205.65,5,100,3,330,0,70,0,563.23,0,0,65,0,92280,180,0,,2026-06-27T00:00:00.000Z,,excel-seed
seed-4-sn1-110t-150,,,2026-06-02,夜,,,4-sn1-110t,4# SN1-110T,Medium Arc Platel,48187097AA,-,1087.66,217.53,5,100,3,360,0,60,0,587.66,15,0,65,0,98322,90,0,,2026-06-27T00:00:00.000Z,,excel-seed
seed-4-sn1-110t-151,,,2026-06-03,白,,,4-sn1-110t,4# SN1-110T,Medium Arc Platel,48187097AA,-,100,20,5,100,3,25,20,0,0,0,0,0,25,30,0,150,0,,2026-06-27T00:00:00.000Z,,excel-seed
seed-4-sn1-110t-152,,,2026-06-03,白,,,4-sn1-110t,4# SN1-110T,CRADLE,48187058,-,596.36,119.27,5,80,1,110,30,140,0,271.36,0,0,45,0,7621,50,0,,2026-06-27T00:00:00.000Z,,excel-seed
seed-4-sn1-110t-153,,,2026-06-03,夜,,,4-sn1-110t,4# SN1-110T,CRADLE,48187058,-,799.74,159.95,5,80,1,125,0,285,0,324.74,0,0,65,0,9546,60,0,,2026-06-27T00:00:00.000Z,,excel-seed
seed-4-sn1-110t-154,,,2026-06-04,白,,,4-sn1-110t,4# SN1-110T,CRADLE,48187058,-,1475,295,5,80,1,45,0,105,0,1260,0,0,65,0,1400,186,0,,2026-06-27T00:00:00.000Z,,excel-seed
seed-4-sn1-110t-155,,,2026-06-04,夜,,,4-sn1-110t,4# SN1-110T,CRADLE,48187058,-,175,35,5,80,1,25,0,150,0,0,0,0,0,0,0,20,0,,2026-06-27T00:00:00.000Z,,excel-seed
seed-4-sn1-110t-156,,,2026-06-05,白,,,4-sn1-110t,4# SN1-110T,CRADLE,48187058,-,1316.84,263.37,5,80,1,330,0,160,0,746.84,10,0,70,0,15200,100,0,,2026-06-27T00:00:00.000Z,,excel-seed
seed-4-sn1-110t-157,,,2026-06-05,夜,,,4-sn1-110t,4# SN1-110T,CRADLE,48187058,-,881.03,176.21,5,80,1,270,0,45,0,536.03,0,0,30,0,16320,18,0,,2026-06-27T00:00:00.000Z,,excel-seed
seed-4-sn1-110t-158,,,2026-06-08,白,,,4-sn1-110t,4# SN1-110T,CRADLE,48187058,-,741,148.2,5,80,1,105,0,220,0,336,0,0,80,0,9000,165,0,,2026-06-27T00:00:00.000Z,,excel-seed
seed-4-sn1-110t-159,,,2026-06-09,白,,,4-sn1-110t,4# SN1-110T,CRADLE,48187058,-,1061.21,212.24,5,80,1,145,0,255,0,571.21,10,0,80,0,6600,152,0,,2026-06-27T00:00:00.000Z,,excel-seed
seed-4-sn1-110t-160,,,2026-06-10,白,,,4-sn1-110t,4# SN1-110T,CRADLE,48187058,-,1113.68,222.74,5,80,1,245,0,150,0,613.68,0,0,105,0,12935,500,0,,2026-06-27T00:00:00.000Z,,excel-seed
seed-4-sn1-110t-161,,,2026-06-11,白,,,4-sn1-110t,4# SN1-110T,CRADLE,48187058,-,830.74,166.15,5,80,1,150,0,240,0,360.74,0,0,80,0,11310,30,0,,2026-06-27T00:00:00.000Z,,excel-seed
seed-4-sn1-110t-162,,,2026-06-11,夜,,,4-sn1-110t,4# SN1-110T,CRADLE,48187058,-,1248.05,249.61,5,80,1,335,0,85,0,743.05,15,0,70,0,18214,40,0,,2026-06-27T00:00:00.000Z,,excel-seed
seed-4-sn1-110t-163,,,2026-06-12,白,,,4-sn1-110t,4# SN1-110T,CRADLE,48187058,-,869.09,173.82,5,80,1,125,30,165,5,409.09,0,0,75,60,8800,76,0,,2026-06-27T00:00:00.000Z,,excel-seed
seed-4-sn1-110t-164,,,2026-06-12,夜,,,4-sn1-110t,4# SN1-110T,CLAMP PLATE,48187311AA,-,1355.35,271.07,5,80,3,560,0,20,0,695.35,15,0,65,0,111138,75,0,,2026-06-27T00:00:00.000Z,,excel-seed
seed-4-sn1-110t-165,,,2026-06-13,白,,,4-sn1-110t,4# SN1-110T,CLAMP PLATE,48187311AA,-,969.86,193.97,5,80,3,180,0,150,0,539.86,15,0,85,0,34009,500,0,,2026-06-27T00:00:00.000Z,,excel-seed
seed-4-sn1-110t-166,,,2026-06-13,夜,,,4-sn1-110t,4# SN1-110T,CRADLE,48187058,-,290,58,5,80,1,25,60,165,0,0,0,0,40,0,0,291,0,,2026-06-27T00:00:00.000Z,,excel-seed
seed-4-sn1-110t-167,,,2026-06-15,白,,,4-sn1-110t,4# SN1-110T,CRADLE,48187058,-,971.44,194.29,5,80,1,205,0,200,40,416.44,30,0,80,0,14965,80,0,,2026-06-27T00:00:00.000Z,,excel-seed
seed-4-sn1-110t-168,,,2026-06-15,夜,,,4-sn1-110t,4# SN1-110T,CRADLE,48187058,-,545,109,5,80,1,25,95,160,0,0,0,0,25,240,0,236,0,,2026-06-27T00:00:00.000Z,,excel-seed
seed-4-sn1-110t-169,,,2026-06-16,白,,,4-sn1-110t,4# SN1-110T,CRADLE,48187058,-,1066.67,213.33,5,80,1,275,0,145,0,566.67,0,0,80,0,16888,50,0,,2026-06-27T00:00:00.000Z,,excel-seed
seed-4-sn1-110t-170,,,2026-06-16,夜,,,4-sn1-110t,4# SN1-110T,CRADLE,48187058,-,991.47,198.29,5,80,1,210,0,180,0,516.47,10,0,75,0,13174,300,0,,2026-06-27T00:00:00.000Z,,excel-seed
seed-4-sn1-110t-171,,,2026-06-17,白,,,4-sn1-110t,4# SN1-110T,CRADLE,48187058,-,130,26,5,80,1,25,0,100,0,0,0,0,0,5,0,89,0,,2026-06-27T00:00:00.000Z,,excel-seed
seed-4-sn1-110t-172,,,2026-06-17,白,,,4-sn1-110t,4# SN1-110T,CLAMP PLATE,48187311AA,-,684.72,136.94,5,80,3,215,40,45,0,329.72,0,0,55,0,39906,150,0,,2026-06-27T00:00:00.000Z,,excel-seed
seed-4-sn1-110t-173,,,2026-06-17,夜,,,4-sn1-110t,4# SN1-110T,CLAMP PLATE,48187311AA,-,1064.62,212.92,5,80,3,275,0,135,0,569.62,10,0,75,0,52140,60,0,,2026-06-27T00:00:00.000Z,,excel-seed
seed-4-sn1-110t-174,,,2026-06-18,白,,,4-sn1-110t,4# SN1-110T,CLAMP PLATE,48187311AA,-,1342.75,268.55,5,80,3,465,0,35,0,752.75,15,0,75,0,81541,140,0,,2026-06-27T00:00:00.000Z,,excel-seed
seed-4-sn1-110t-175,,,2026-06-19,白,,,4-sn1-110t,4# SN1-110T,CLAMP PLATE,48187311AA,-,200,40,5,80,3,25,0,165,0,0,0,0,10,0,0,1116,0,,2026-06-27T00:00:00.000Z,,excel-seed
seed-4-sn1-110t-176,,,2026-06-20,白,,,4-sn1-110t,4# SN1-110T,CLAMP PLATE,48187311AA,-,319.87,63.97,5,80,3,65,55,20,0,169.87,0,0,10,0,11020,80,0,,2026-06-27T00:00:00.000Z,,excel-seed
seed-4-sn1-110t-177,,,2026-06-20,夜,,,4-sn1-110t,4# SN1-110T,CLAMP PLATE,48187311AA,-,1193.25,238.65,5,80,3,380,0,190,0,533.25,10,0,80,0,66700,200,0,,2026-06-27T00:00:00.000Z,,excel-seed
seed-4-sn1-110t-178,,,2026-06-21,白,,,4-sn1-110t,4# SN1-110T,CLAMP PLATE,48187311AA,-,378.52,75.7,5,80,3,130,5,25,0,138.52,10,0,10,60,32660,130,0,,2026-06-27T00:00:00.000Z,,excel-seed
seed-4-sn1-110t-179,,,2026-06-21,白,,,4-sn1-110t,4# SN1-110T,CRADLE,48187058,-,685.61,137.12,5,80,1,75,50,195,0,315.61,10,0,40,0,3517,530,0,,2026-06-27T00:00:00.000Z,,excel-seed
seed-4-sn1-110t-180,,,2026-06-22,白,,,4-sn1-110t,4# SN1-110T,CRADLE,48187058,-,946.19,189.24,5,80,1,155,0,180,0,536.19,0,0,75,0,9366,140,0,,2026-06-27T00:00:00.000Z,,excel-seed
seed-4-sn1-110t-181,,,2026-06-22,夜,,,4-sn1-110t,4# SN1-110T,CRADLE,48187058,-,900.78,180.16,5,80,1,165,0,235,0,410.78,15,0,75,0,11247,60,0,,2026-06-27T00:00:00.000Z,,excel-seed
seed-4-sn1-110t-182,,,2026-06-23,白,,,4-sn1-110t,4# SN1-110T,CRADLE,48187058,-,1027.01,205.4,5,80,1,285,0,205,0,462.01,0,0,75,0,18753,80,0,,2026-06-27T00:00:00.000Z,,excel-seed
seed-4-sn1-110t-183,,,2026-06-23,夜,,,4-sn1-110t,4# SN1-110T,CRADLE,48187058,-,837.51,167.5,5,80,1,115,0,170,0,462.51,15,0,75,0,8255,80,0,,2026-06-27T00:00:00.000Z,,excel-seed
seed-4-sn1-110t-184,,,2026-06-24,白,,,4-sn1-110t,4# SN1-110T,CRADLE,48187058,-,1373.89,274.78,5,80,1,405,0,65,0,828.89,0,0,75,0,20326,45,0,,2026-06-27T00:00:00.000Z,,excel-seed
seed-4-sn1-110t-185,,,2026-06-24,夜,,,4-sn1-110t,4# SN1-110T,CRADLE,48187058,-,760.65,152.13,5,80,1,120,0,140,0,405.65,15,0,80,0,10413,200,0,,2026-06-27T00:00:00.000Z,,excel-seed
seed-4-sn1-110t-186,,,2026-06-25,白,,,4-sn1-110t,4# SN1-110T,CRADLE,48187058,-,275,55,5,80,1,25,0,200,0,0,0,0,50,0,0,313,0,,2026-06-27T00:00:00.000Z,,excel-seed
seed-4-sn1-110t-187,,,2026-06-25,夜,,,4-sn1-110t,4# SN1-110T,CRADLE,48187058,-,661.66,132.33,5,80,1,95,0,130,0,356.66,0,0,80,0,9589,100,0,,2026-06-27T00:00:00.000Z,,excel-seed
seed-4-sn1-110t-188,,,2026-06-26,白,,,4-sn1-110t,4# SN1-110T,CRADLE,48187058,-,1076.25,215.25,5,80,1,335,0,155,0,496.25,15,0,75,0,23222,46,0,,2026-06-27T00:00:00.000Z,,excel-seed
seed-4-sn1-110t-189,,,2026-06-26,夜,,,4-sn1-110t,4# SN1-110T,CRADLE,48187058,-,964.17,192.83,5,80,1,210,0,175,0,504.17,0,0,75,0,13662,120,0,,2026-06-27T00:00:00.000Z,,excel-seed
seed-5-ocp-110t-1,,,2026-01-05,白,,,5-ocp-110t,5# OCP-110T,BIMETAL (138),51207070,-,1109,221.8,5,100,2,415,0,60,0,549,15,0,70,0,80128,26,0,,2026-06-27T00:00:00.000Z,,excel-seed
seed-5-ocp-110t-2,,,2026-01-06,白,,,5-ocp-110t,5# OCP-110T,BIMETAL (138),51207070,-,1245.83,249.17,5,100,2,555,0,35,0,585.83,15,0,55,0,108000,50,0,,2026-06-27T00:00:00.000Z,,excel-seed
seed-5-ocp-110t-3,,,2026-01-07,白,,,5-ocp-110t,5# OCP-110T,BIMETAL (138),51207070,-,1266.85,253.37,5,100,2,565,0,30,0,606.85,15,0,50,0,108000,44,0,,2026-06-27T00:00:00.000Z,,excel-seed
seed-5-ocp-110t-4,,,2026-01-08,白,,,5-ocp-110t,5# OCP-110T,BIMETAL (138),51207070,-,1286.58,257.32,5,100,2,565,0,30,0,626.58,15,0,50,0,104600,20,0,,2026-06-27T00:00:00.000Z,,excel-seed
seed-5-ocp-110t-5,,,2026-01-08,夜,,,5-ocp-110t,5# OCP-110T,BIMETAL (138),51207070,-,1283.17,256.63,5,100,2,590,0,10,0,623.17,15,0,45,0,114560,30,0,,2026-06-27T00:00:00.000Z,,excel-seed
seed-5-ocp-110t-6,,,2026-01-09,白,,,5-ocp-110t,5# OCP-110T,BIMETAL (138),51207070,-,1194.23,238.85,5,100,2,500,0,85,0,534.23,15,0,60,0,96400,40,0,,2026-06-27T00:00:00.000Z,,excel-seed
seed-5-ocp-110t-7,,,2026-01-09,夜,,,5-ocp-110t,5# OCP-110T,BIMETAL (138),51207070,-,968.17,193.63,5,100,2,215,0,10,0,308.17,0,0,45,390,30000,20,0,,2026-06-27T00:00:00.000Z,,excel-seed
seed-5-ocp-110t-8,,,2026-01-10,白,,,5-ocp-110t,5# OCP-110T,BIMETAL (138),51207070,-,1231.26,246.25,5,100,2,515,0,70,0,571.26,15,0,60,0,95560,20,0,,2026-06-27T00:00:00.000Z,,excel-seed
seed-5-ocp-110t-9,,,2026-01-12,白,,,5-ocp-110t,5# OCP-110T,BIMETAL (138),51207070,-,471.14,94.23,5,100,2,100,0,5,0,226.14,0,0,10,130,8844,0,0,,2026-06-27T00:00:00.000Z,,excel-seed
seed-5-ocp-110t-10,,,2026-01-13,白,,,5-ocp-110t,5# OCP-110T,BIMETAL (138),51207070,-,1469.88,293.98,5,100,2,640,0,80,0,689.88,10,0,50,0,120600,60,0,,2026-06-27T00:00:00.000Z,,excel-seed
seed-5-ocp-110t-11,,,2026-01-14,白,,,5-ocp-110t,5# OCP-110T,BIMETAL (137),51207070,-,1572.14,314.43,5,110,2,540,45,65,0,842.14,20,0,60,0,92400,60,0,,2026-06-27T00:00:00.000Z,,excel-seed
seed-5-ocp-110t-12,,,2026-01-15,白,,,5-ocp-110t,5# OCP-110T,BIMETAL (137),51207070,-,1433.86,286.77,5,110,2,590,0,50,0,653.86,20,0,50,70,121094,60,0,,2026-06-27T00:00:00.000Z,,excel-seed
seed-5-ocp-110t-13,,,2026-01-16,白,,,5-ocp-110t,5# OCP-110T,BIMETAL (137),51207070,-,1235.57,247.11,5,110,2,400,30,55,0,455.57,0,0,60,235,83060,40,0,,2026-06-27T00:00:00.000Z,,excel-seed
seed-5-ocp-110t-14,,,2026-01-16,白,,,5-ocp-110t,5# OCP-110T,"SHIELD, ASSY, RESOLVER",3507-2027,-,482.86,96.57,5,50,1,85,25,70,0,242.86,10,0,0,50,2100,3,0,,2026-06-27T00:00:00.000Z,,excel-seed
seed-5-ocp-110t-15,,,2026-01-17,白,,,5-ocp-110t,5# OCP-110T,BIMETAL (137),51207070,-,1269.74,253.95,5,110,2,470,50,20,0,609.74,10,0,50,60,89878,20,0,,2026-06-27T00:00:00.000Z,,excel-seed
seed-5-ocp-110t-16,,,2026-01-17,白,,,5-ocp-110t,5# OCP-110T,CT3 Tetra A1 Coil Screw Terminal A2,W117239710111,-,168.6,33.72,5,60,1,45,0,70,0,48.6,0,0,5,0,2500,15,0,,2026-06-27T00:00:00.000Z,,excel-seed
seed-5-ocp-110t-17,,,2026-01-18,白,,,5-ocp-110t,5# OCP-110T,CT3 Tetra A1 Coil Screw Terminal A2,W117239710111,-,745.83,149.17,5,60,1,145,0,145,0,410.83,0,0,15,30,3600,85,0,,2026-06-27T00:00:00.000Z,,excel-seed
seed-5-ocp-110t-18,,,2026-01-19,白,,,5-ocp-110t,5# OCP-110T,BIMETAL (137),51207070,-,920.66,184.13,5,110,2,300,0,70,0,400.66,0,0,45,105,72480,40,0,,2026-06-27T00:00:00.000Z,,excel-seed
seed-5-ocp-110t-19,,,2026-01-20,白,,,5-ocp-110t,5# OCP-110T,BIMETAL (137),51207070,-,1446.91,289.38,5,110,2,545,0,20,0,806.91,20,0,55,0,105500,20,0,,2026-06-27T00:00:00.000Z,,excel-seed
seed-5-ocp-110t-20,,,2026-01-21,白,,,5-ocp-110t,5# OCP-110T,BIMETAL (137),51207070,-,1663.19,332.64,5,110,2,655,0,55,0,883.19,10,0,60,0,108500,60,0,,2026-06-27T00:00:00.000Z,,excel-seed
seed-5-ocp-110t-21,,,2026-01-22,白,,,5-ocp-110t,5# OCP-110T,BIMETAL (137),51207070,-,1152.28,230.46,5,110,2,455,0,70,0,557.28,10,0,60,0,95200,60,0,,2026-06-27T00:00:00.000Z,,excel-seed
seed-5-ocp-110t-22,,,2026-01-22,夜,,,5-ocp-110t,5# OCP-110T,BIMETAL (137),51207070,-,739.26,147.85,5,110,2,155,0,20,0,534.26,30,0,0,0,29360,20,0,,2026-06-27T00:00:00.000Z,,excel-seed
seed-5-ocp-110t-23,,,2026-01-23,白,,,5-ocp-110t,5# OCP-110T,BIMETAL (137),51207070,-,1561.32,312.26,5,110,2,690,0,30,0,781.32,10,0,50,0,136000,66,0,,2026-06-27T00:00:00.000Z,,excel-seed
seed-5-ocp-110t-24,,,2026-01-24,白,,,5-ocp-110t,5# OCP-110T,BIMETAL (137),51207070,-,1293.6,258.72,5,110,2,520,0,10,0,633.6,20,0,60,50,97500,20,0,,2026-06-27T00:00:00.000Z,,excel-seed
seed-5-ocp-110t-25,,,2026-01-25,白,,,5-ocp-110t,5# OCP-110T,BIMETAL (137),51207070,-,1295.78,259.16,5,110,2,360,0,30,0,860.78,15,10,20,0,39564,60,0,,2026-06-27T00:00:00.000Z,,excel-seed
seed-5-ocp-110t-26,,,2026-01-26,白,,,5-ocp-110t,5# OCP-110T,BIMETAL (138),51207070,-,1059.76,211.95,5,100,2,365,75,50,0,519.76,5,0,45,0,62500,40,0,,2026-06-27T00:00:00.000Z,,excel-seed
seed-5-ocp-110t-27,,,2026-01-26,夜,,,5-ocp-110t,5# OCP-110T,BIMETAL (138),51207070,-,1176.54,235.31,5,100,2,505,0,5,0,636.54,0,0,30,0,80128,40,0,,2026-06-27T00:00:00.000Z,,excel-seed
seed-5-ocp-110t-28,,,2026-01-27,白,,,5-ocp-110t,5# OCP-110T,BIMETAL (138),51207070,-,1502.51,300.5,5,100,2,660,0,25,0,722.51,15,0,80,0,123320,40,0,,2026-06-27T00:00:00.000Z,,excel-seed
seed-5-ocp-110t-29,,,2026-01-28,白,,,5-ocp-110t,5# OCP-110T,BIMETAL (138),51207070,-,1500.87,300.17,5,100,2,660,0,25,0,715.87,35,0,65,0,128152,400,0,,2026-06-27T00:00:00.000Z,,excel-seed
seed-5-ocp-110t-30,,,2026-01-29,白,,,5-ocp-110t,5# OCP-110T,YOKE,48187064AA,-,1330.75,266.15,5,65,4,70,90,170,0,955.75,0,0,45,0,8474,30,0,,2026-06-27T00:00:00.000Z,,excel-seed
seed-5-ocp-110t-31,,,2026-01-30,白,,,5-ocp-110t,5# OCP-110T,YOKE,48187064AA,-,1235.57,247.11,5,65,4,260,0,95,35,795.57,0,0,50,0,43760,56,0,,2026-06-27T00:00:00.000Z,,excel-seed
seed-5-ocp-110t-32,,,2026-01-30,夜,,,5-ocp-110t,5# OCP-110T,YOKE,48187064AA,-,626.88,125.38,5,65,4,65,0,40,0,256.88,15,0,10,240,12500,84,0,,2026-06-27T00:00:00.000Z,,excel-seed
seed-5-ocp-110t-33,,,2026-01-31,白,,,5-ocp-110t,5# OCP-110T,YOKE,48187064AA,-,1091.64,218.33,5,65,4,220,0,90,0,731.64,0,0,50,0,40654,480,0,,2026-06-27T00:00:00.000Z,,excel-seed
seed-5-ocp-110t-34,,,2026-02-01,白,,,5-ocp-110t,5# OCP-110T,BIMETAL (138),51207070,-,1598.86,319.77,5,110,2,555,0,15,0,933.86,15,0,80,0,89562,40,0,,2026-06-27T00:00:00.000Z,,excel-seed
seed-5-ocp-110t-35,,,2026-02-01,夜,,,5-ocp-110t,5# OCP-110T,BIMETAL (138),51207070,-,1118.16,223.63,5,110,2,425,0,20,30,578.16,15,0,50,0,76008,40,0,,2026-06-27T00:00:00.000Z,,excel-seed
seed-5-ocp-110t-36,,,2026-02-03,白,,,5-ocp-110t,5# OCP-110T,BIMETAL (138),51207070,-,1041.77,208.35,5,110,2,275,0,30,0,661.77,15,0,60,0,52110,30,0,,2026-06-27T00:00:00.000Z,,excel-seed
seed-5-ocp-110t-37,,,2026-02-03,夜,,,5-ocp-110t,5# OCP-110T,BIMETAL (138),51207070,-,1380.91,276.18,5,110,2,585,0,10,0,720.91,25,0,40,0,108900,68,0,,2026-06-27T00:00:00.000Z,,excel-seed
seed-5-ocp-110t-38,,,2026-02-04,白,,,5-ocp-110t,5# OCP-110T,BIMETAL (138),51207070,-,1465.84,293.17,5,100,2,680,0,15,0,685.84,25,0,60,0,139800,50,0,,2026-06-27T00:00:00.000Z,,excel-seed
seed-5-ocp-110t-39,,,2026-02-05,白,,,5-ocp-110t,5# OCP-110T,BIMETAL (138),51207070,-,1491.68,298.34,5,100,2,650,0,30,0,711.68,10,0,90,0,120560,202,0,,2026-06-27T00:00:00.000Z,,excel-seed
seed-5-ocp-110t-40,,,2026-02-05,夜,,,5-ocp-110t,5# OCP-110T,BIMETAL (138),51207070,-,1088.04,217.61,5,110,2,450,0,20,0,548.04,15,0,55,0,84000,60,0,,2026-06-27T00:00:00.000Z,,excel-seed
seed-5-ocp-110t-41,,,2026-02-06,白,,,5-ocp-110t,5# OCP-110T,BIMETAL (138),51207070,-,1299.26,259.85,5,100,2,535,0,45,0,639.26,15,0,65,0,92060,60,0,,2026-06-27T00:00:00.000Z,,excel-seed
seed-5-ocp-110t-42,,,2026-02-06,夜,,,5-ocp-110t,5# OCP-110T,BIMETAL (138),51207070,-,1354.83,270.97,5,100,2,565,0,20,0,694.83,30,0,45,0,96764,40,0,,2026-06-27T00:00:00.000Z,,excel-seed
seed-5-ocp-110t-43,,,2026-02-07,白,,,5-ocp-110t,5# OCP-110T,BIMETAL (138),51207070,-,1249.32,249.86,5,100,2,540,0,15,0,589.32,15,0,90,0,101710,40,0,,2026-06-27T00:00:00.000Z,,excel-seed
seed-5-ocp-110t-44,,,2026-02-07,夜,,,5-ocp-110t,5# OCP-110T,BIMETAL (138),51207070,-,1400.29,280.06,5,100,2,585,0,10,0,740.29,30,0,30,5,97198,40,0,,2026-06-27T00:00:00.000Z,,excel-seed
seed-5-ocp-110t-45,,,2026-02-09,白,,,5-ocp-110t,5# OCP-110T,BIMETAL (138),51207070,-,1209.23,241.85,5,100,2,330,0,140,0,669.23,10,0,60,0,57200,120,0,,2026-06-27T00:00:00.000Z,,excel-seed
seed-5-ocp-110t-46,,,2026-02-09,夜,,,5-ocp-110t,5# OCP-110T,BIMETAL (138),51207070,-,973.48,194.7,5,100,2,405,0,5,0,513.48,0,0,45,5,63888,40,0,,2026-06-27T00:00:00.000Z,,excel-seed
seed-5-ocp-110t-47,,,2026-02-10,白,,,5-ocp-110t,5# OCP-110T,YOKE,48187064AA,-,1260.2,252.04,5,65,4,315,55,160,0,645.2,20,0,65,0,70450,350,0,,2026-06-27T00:00:00.000Z,,excel-seed
seed-5-ocp-110t-48,,,2026-02-10,夜,,,5-ocp-110t,5# OCP-110T,YOKE,48187064AA,-,2445.07,489.01,5,65,4,585,0,10,0,1785.07,15,0,50,0,51124,20,0,,2026-06-27T00:00:00.000Z,,excel-seed
seed-5-ocp-110t-49,,,2026-02-11,白,,,5-ocp-110t,5# OCP-110T,YOKE,48187064AA,-,1436.67,287.33,5,65,4,25,0,155,0,1191.67,0,0,65,0,2400,1396,0,,2026-06-27T00:00:00.000Z,,excel-seed
seed-5-ocp-110t-50,,,2026-02-12,白,,,5-ocp-110t,5# OCP-110T,YOKE,48187064AA,-,1137.91,227.58,5,65,4,390,0,130,0,557.91,10,0,50,0,87240,1160,0,,2026-06-27T00:00:00.000Z,,excel-seed
seed-5-ocp-110t-51,,,2026-02-13,白,,,5-ocp-110t,5# OCP-110T,YOKE,48187064AA,-,50,10,5,65,4,25,0,0,0,0,0,0,25,0,0,2664,0,,2026-06-27T00:00:00.000Z,,excel-seed
seed-5-ocp-110t-52,,,2026-02-13,夜,,,5-ocp-110t,5# OCP-110T,YOKE,48187064AA,-,1110.23,222.05,5,65,4,25,0,65,0,965.23,0,0,55,0,2660,0,0,,2026-06-27T00:00:00.000Z,,excel-seed
seed-5-ocp-110t-53,,,2026-02-14,白,,,5-ocp-110t,5# OCP-110T,YOKE,48187064AA,-,742.12,148.42,5,65,4,75,0,45,0,602.12,0,0,20,0,13440,400,0,,2026-06-27T00:00:00.000Z,,excel-seed
seed-5-ocp-110t-54,,,2026-02-14,白,,,5-ocp-110t,5# OCP-110T,BIMETAL (138),51207070,-,256.3,51.26,5,110,2,40,20,20,0,76.3,0,0,30,70,6920,20,0,,2026-06-27T00:00:00.000Z,,excel-seed
seed-5-ocp-110t-55,,,2026-02-14,夜,,,5-ocp-110t,5# OCP-110T,BIMETAL (138),51207070,-,1303.81,260.76,5,100,2,570,0,15,0,643.81,15,0,60,0,103586,60,0,,2026-06-27T00:00:00.000Z,,excel-seed
seed-5-ocp-110t-56,,,2026-02-16,白,,,5-ocp-110t,5# OCP-110T,BIMETAL (138),51207070,-,1525.96,305.19,5,110,2,675,0,25,0,745.96,0,0,80,0,134374,80,0,,2026-06-27T00:00:00.000Z,,excel-seed
seed-5-ocp-110t-57,,,2026-02-16,夜,,,5-ocp-110t,5# OCP-110T,BIMETAL (138),51207070,-,1092.61,218.52,5,100,2,350,0,10,55,432.61,15,0,55,175,67960,60,0,,2026-06-27T00:00:00.000Z,,excel-seed
seed-5-ocp-110t-58,,,2026-02-17,白,,,5-ocp-110t,5# OCP-110T,BIMETAL (138),51207070,-,1201.35,240.27,5,100,2,495,0,75,0,541.35,30,0,60,0,96010,40,0,,2026-06-27T00:00:00.000Z,,excel-seed
seed-5-ocp-110t-59,,,2026-02-17,夜,,,5-ocp-110t,5# OCP-110T,BIMETAL (138),51207070,-,1282.32,256.46,5,100,2,555,0,15,0,622.32,30,0,60,0,104344,40,0,,2026-06-27T00:00:00.000Z,,excel-seed
seed-5-ocp-110t-60,,,2026-02-18,白,,,5-ocp-110t,5# OCP-110T,BIMETAL (138),51207070,-,1296.24,259.25,5,100,2,565,0,15,0,636.24,25,0,55,0,104788,40,0,,2026-06-27T00:00:00.000Z,,excel-seed
seed-5-ocp-110t-61,,,2026-02-18,夜,,,5-ocp-110t,5# OCP-110T,BIMETAL (138),51207070,-,789.97,157.99,5,100,2,250,0,70,0,399.97,15,0,55,0,48754,80,0,,2026-06-27T00:00:00.000Z,,excel-seed
seed-5-ocp-110t-62,,,2026-02-19,白,,,5-ocp-110t,5# OCP-110T,BIMETAL (138),51207070,-,1320.77,264.15,5,100,2,570,0,15,0,660.77,15,15,0,45,103516,60,0,,2026-06-27T00:00:00.000Z,,excel-seed
seed-5-ocp-110t-63,,,2026-02-19,夜,,,5-ocp-110t,5# OCP-110T,BIMETAL (138),51207070,-,1392.05,278.41,5,100,2,545,0,20,0,732.05,30,0,65,0,85616,40,0,,2026-06-27T00:00:00.000Z,,excel-seed
seed-5-ocp-110t-64,,,2026-02-20,白,,,5-ocp-110t,5# OCP-110T,BIMETAL (138),51207070,-,607.77,121.55,5,100,2,250,0,15,0,247.77,0,0,20,75,50450,80,0,,2026-06-27T00:00:00.000Z,,excel-seed
seed-5-ocp-110t-65,,,2026-02-21,白,,,5-ocp-110t,5# OCP-110T,Lower Link,48187059,-,437.63,87.53,5,80,1,165,0,65,0,167.63,0,0,40,0,12993,20,0,,2026-06-27T00:00:00.000Z,,excel-seed
seed-5-ocp-110t-66,,,2026-02-23,白,,,5-ocp-110t,5# OCP-110T,Lower Link,48187059,-,736.09,147.22,5,80,1,190,0,160,0,276.09,0,0,110,0,21471,30,0,,2026-06-27T00:00:00.000Z,,excel-seed
seed-5-ocp-110t-67,,,2026-02-23,夜,,,5-ocp-110t,5# OCP-110T,Lower Link,48187059,-,1379.32,275.86,5,80,1,595,0,15,0,719.32,10,0,40,0,40035,20,0,,2026-06-27T00:00:00.000Z,,excel-seed
seed-5-ocp-110t-68,,,2026-02-24,白,,,5-ocp-110t,5# OCP-110T,Lower Link,48187059,-,253.04,50.61,5,80,1,30,0,25,0,148.04,0,0,45,5,1378,25,0,,2026-06-27T00:00:00.000Z,,excel-seed
seed-5-ocp-110t-69,,,2026-02-24,夜,,,5-ocp-110t,5# OCP-110T,SPACER PLATE 1,SB-092A-1-4,-,723.68,144.74,5,40,1,170,30,50,0,363.68,15,0,40,55,4020,4,0,,2026-06-27T00:00:00.000Z,,excel-seed
seed-5-ocp-110t-70,,,2026-02-26,白,,,5-ocp-110t,5# OCP-110T,CT3 Tetra A1 Coil Screw Terminal A2,W117239710111,-,955.75,191.15,5,60,1,65,0,270,75,545.75,0,0,0,0,2787,20,0,,2026-06-27T00:00:00.000Z,,excel-seed
seed-5-ocp-110t-71,,,2026-02-27,白,,,5-ocp-110t,5# OCP-110T,CT3 Tetra A1 Coil Screw Terminal A2,W117239710111,-,220,44,5,60,1,25,0,45,0,0,0,0,50,100,0,124,0,,2026-06-27T00:00:00.000Z,,excel-seed
seed-5-ocp-110t-72,,,2026-02-28,白,,,5-ocp-110t,5# OCP-110T,BIMETAL (138),51207070,-,1050.68,210.14,5,100,2,320,0,10,0,630.68,0,0,90,0,56828,40,0,,2026-06-27T00:00:00.000Z,,excel-seed
seed-5-ocp-110t-73,,,2026-02-28,夜,,,5-ocp-110t,5# OCP-110T,BIMETAL (138),51207070,-,1253.24,250.65,5,100,2,475,0,40,0,593.24,30,0,60,55,80870,80,0,,2026-06-27T00:00:00.000Z,,excel-seed
seed-5-ocp-110t-74,,,2026-03-02,白,,,5-ocp-110t,5# OCP-110T,BIMETAL (138),51207070,-,1256.66,251.33,5,100,2,530,0,40,0,596.66,15,0,75,0,96822,30,0,,2026-06-27T00:00:00.000Z,,excel-seed
seed-5-ocp-110t-75,,,2026-03-02,夜,,,5-ocp-110t,5# OCP-110T,BIMETAL (138),51207070,-,1229.77,245.95,5,100,2,540,0,30,0,569.77,15,0,75,0,105200,40,0,,2026-06-27T00:00:00.000Z,,excel-seed
seed-5-ocp-110t-76,,,2026-03-03,白,,,5-ocp-110t,5# OCP-110T,BIMETAL (138),51207070,-,1165.08,233.02,5,100,2,485,0,65,0,505.08,15,0,95,0,96024,20,0,,2026-06-27T00:00:00.000Z,,excel-seed
seed-5-ocp-110t-77,,,2026-03-03,夜,,,5-ocp-110t,5# OCP-110T,BIMETAL (138),51207070,-,1295.38,259.08,5,100,2,570,0,15,0,635.38,15,0,60,0,104960,40,0,,2026-06-27T00:00:00.000Z,,excel-seed
seed-5-ocp-110t-78,,,2026-03-04,白,,,5-ocp-110t,5# OCP-110T,BIMETAL (138),51207070,-,1246.72,249.34,5,100,2,495,0,30,0,611.72,15,0,95,0,86584,40,0,,2026-06-27T00:00:00.000Z,,excel-seed
seed-5-ocp-110t-79,,,2026-03-04,夜,,,5-ocp-110t,5# OCP-110T,BIMETAL (138),51207070,-,1322.48,264.5,5,100,2,555,0,15,0,662.48,25,0,65,0,97180,80,0,,2026-06-27T00:00:00.000Z,,excel-seed
seed-5-ocp-110t-80,,,2026-03-05,白,,,5-ocp-110t,5# OCP-110T,BIMETAL (138),51207070,-,1199.72,239.94,5,100,2,530,0,30,0,539.72,20,0,80,0,108018,30,0,,2026-06-27T00:00:00.000Z,,excel-seed
seed-5-ocp-110t-81,,,2026-03-06,白,,,5-ocp-110t,5# OCP-110T,BIMETAL (138),51207070,-,1152.51,230.5,5,100,2,470,0,20,0,542.51,35,0,85,0,96164,106,0,,2026-06-27T00:00:00.000Z,,excel-seed
seed-5-ocp-110t-82,,,2026-03-06,夜,,,5-ocp-110t,5# OCP-110T,BIMETAL (138),51207070,-,986.09,197.22,5,100,2,420,0,15,0,506.09,15,0,20,10,72200,40,0,,2026-06-27T00:00:00.000Z,,excel-seed
seed-5-ocp-110t-83,,,2026-03-09,白,,,5-ocp-110t,5# OCP-110T,BIMETAL (138),51207070,-,1244.42,248.88,5,100,2,550,0,20,0,584.42,10,0,80,0,105404,60,0,,2026-06-27T00:00:00.000Z,,excel-seed
seed-5-ocp-110t-84,,,2026-03-09,夜,,,5-ocp-110t,5# OCP-110T,BIMETAL (138),51207070,-,212.26,42.45,5,100,2,40,75,5,0,92.26,0,0,0,0,9972,40,0,,2026-06-27T00:00:00.000Z,,excel-seed
seed-5-ocp-110t-85,,,2026-03-10,白,,,5-ocp-110t,5# OCP-110T,CT3 Tetra A1 Coil Screw Terminal A2,W117239710111,-,250,50,5,60,1,25,0,145,0,0,0,0,80,0,0,598,0,,2026-06-27T00:00:00.000Z,,excel-seed
seed-5-ocp-110t-86,,,2026-03-10,夜,,,5-ocp-110t,5# OCP-110T,CT3 Tetra A1 Coil Screw Terminal A2,W117239710111,-,742.39,148.48,5,60,1,150,0,10,0,282.39,0,0,20,280,5418,40,0,,2026-06-27T00:00:00.000Z,,excel-seed
seed-5-ocp-110t-87,,,2026-03-11,白,,,5-ocp-110t,5# OCP-110T,PRIMARY LATCH,48187061,-,1503.87,300.77,5,60,2,380,40,70,0,963.87,0,0,50,0,19870,300,0,,2026-06-27T00:00:00.000Z,,excel-seed
seed-5-ocp-110t-88,,,2026-03-11,夜,,,5-ocp-110t,5# OCP-110T,PRIMARY LATCH,48187061,-,842.15,168.43,5,60,2,230,0,5,0,547.15,0,0,20,40,20934,30,0,,2026-06-27T00:00:00.000Z,,excel-seed
seed-5-ocp-110t-89,,,2026-03-12,白,,,5-ocp-110t,5# OCP-110T,BIMETAL (138),51207070,-,1196.01,239.2,5,100,2,460,50,35,0,536.01,30,0,85,0,92684,60,0,,2026-06-27T00:00:00.000Z,,excel-seed
seed-5-ocp-110t-90,,,2026-03-12,夜,,,5-ocp-110t,5# OCP-110T,BIMETAL (138),51207070,-,978.22,195.64,5,100,2,465,0,50,0,383.22,15,0,65,0,132260,50,0,,2026-06-27T00:00:00.000Z,,excel-seed
seed-5-ocp-110t-91,,,2026-03-13,白,,,5-ocp-110t,5# OCP-110T,BIMETAL (138),51207070,-,434.82,86.96,5,100,2,185,0,20,0,184.82,10,0,25,10,39038,40,0,,2026-06-27T00:00:00.000Z,,excel-seed
seed-5-ocp-110t-92,,,2026-03-13,夜,,,5-ocp-110t,5# OCP-110T,YOKE,48187064AA,-,195,39,5,65,4,25,35,70,0,0,10,0,40,15,0,456,0,,2026-06-27T00:00:00.000Z,,excel-seed
seed-5-ocp-110t-93,,,2026-03-14,白,,,5-ocp-110t,5# OCP-110T,YOKE,48187064AA,-,660,132,5,65,4,25,0,80,470,0,0,0,85,0,0,320,0,,2026-06-27T00:00:00.000Z,,excel-seed
seed-5-ocp-110t-94,,,2026-03-16,白,,,5-ocp-110t,5# OCP-110T,YOKE,48187064AA,-,145,29,5,65,4,25,0,40,0,0,0,0,80,0,0,1040,0,,2026-06-27T00:00:00.000Z,,excel-seed
seed-5-ocp-110t-95,,,2026-03-17,白,,,5-ocp-110t,5# OCP-110T,YOKE,48187064AA,-,285,57,5,65,4,25,0,180,0,0,0,0,80,0,0,652,0,,2026-06-27T00:00:00.000Z,,excel-seed
seed-5-ocp-110t-96,,,2026-03-18,白,,,5-ocp-110t,5# OCP-110T,YOKE,48187064AA,-,1138.22,227.64,5,65,4,155,0,230,0,688.22,0,0,65,0,28400,320,0,,2026-06-27T00:00:00.000Z,,excel-seed
seed-5-ocp-110t-97,,,2026-03-18,夜,,,5-ocp-110t,5# OCP-110T,YOKE,48187064AA,-,1162.03,232.41,5,65,4,230,0,40,0,702.03,15,0,65,110,27684,20,0,,2026-06-27T00:00:00.000Z,,excel-seed
seed-5-ocp-110t-98,,,2026-03-19,白,,,5-ocp-110t,5# OCP-110T,YOKE,48187064AA,-,775.33,155.07,5,65,4,120,0,80,0,485.33,0,0,90,0,31500,500,0,,2026-06-27T00:00:00.000Z,,excel-seed
seed-5-ocp-110t-99,,,2026-03-20,白,,,5-ocp-110t,5# OCP-110T,YOKE,48187064AA,-,762.53,152.51,5,65,4,110,0,145,0,437.53,0,0,55,15,29088,600,0,,2026-06-27T00:00:00.000Z,,excel-seed
seed-5-ocp-110t-100,,,2026-03-21,白,,,5-ocp-110t,5# OCP-110T,YOKE,48187064AA,-,1048.2,209.64,5,65,4,395,0,105,0,478.2,10,0,60,0,106308,200,0,,2026-06-27T00:00:00.000Z,,excel-seed
seed-5-ocp-110t-101,,,2026-03-23,白,,,5-ocp-110t,5# OCP-110T,SPACER PLATE 1,SB-092A-1-4,-,995.22,199.04,5,40,1,60,90,55,0,760.22,0,0,30,0,1247,4,0,,2026-06-27T00:00:00.000Z,,excel-seed
seed-5-ocp-110t-102,,,2026-03-23,白,,,5-ocp-110t,5# OCP-110T,YOKE,48187064AA,-,314.74,62.95,5,65,4,40,75,70,0,74.74,0,0,55,0,32701,403,0,,2026-06-27T00:00:00.000Z,,excel-seed
seed-5-ocp-110t-103,,,2026-03-24,白,,,5-ocp-110t,5# OCP-110T,YOKE,48187064AA,-,1383.14,276.63,5,65,4,375,0,30,25,873.14,0,0,80,0,74816,250,0,,2026-06-27T00:00:00.000Z,,excel-seed
seed-5-ocp-110t-104,,,2026-03-25,白,,,5-ocp-110t,5# OCP-110T,YOKE,48187064AA,-,747.41,149.48,5,65,4,100,0,5,0,547.41,15,0,80,0,33010,190,0,,2026-06-27T00:00:00.000Z,,excel-seed
seed-5-ocp-110t-105,,,2026-03-26,白,,,5-ocp-110t,5# OCP-110T,YOKE,48187064AA,-,1387.21,277.44,5,65,4,310,0,105,95,787.21,15,0,75,0,61432,480,0,,2026-06-27T00:00:00.000Z,,excel-seed
seed-5-ocp-110t-106,,,2026-03-27,白,,,5-ocp-110t,5# OCP-110T,YOKE,48187064AA,-,295,59,5,65,4,25,0,0,0,0,0,0,35,235,0,80,0,,2026-06-27T00:00:00.000Z,,excel-seed
seed-5-ocp-110t-107,,,2026-03-27,白,,,5-ocp-110t,5# OCP-110T,PRIMARY LATCH,48187061,-,105,21,5,60,2,25,55,5,0,0,0,0,20,0,0,314,0,,2026-06-27T00:00:00.000Z,,excel-seed
seed-5-ocp-110t-108,,,2026-03-28,白,,,5-ocp-110t,5# OCP-110T,PRIMARY LATCH,48187061,-,346.09,69.22,5,60,2,85,0,115,0,61.09,0,0,85,0,76808,200,0,,2026-06-27T00:00:00.000Z,,excel-seed
seed-5-ocp-110t-109,,,2026-03-29,白,,,5-ocp-110t,5# OCP-110T,PRIMARY LATCH,48187061,-,1449.8,289.96,5,60,2,565,0,25,0,789.8,15,0,55,0,49790,1222,0,,2026-06-27T00:00:00.000Z,,excel-seed
seed-5-ocp-110t-110,,,2026-03-30,白,,,5-ocp-110t,5# OCP-110T,PRIMARY LATCH,48187061,-,1300.01,260,5,60,2,380,0,100,0,740.01,0,0,80,0,29578,250,0,,2026-06-27T00:00:00.000Z,,excel-seed
seed-5-ocp-110t-111,,,2026-03-31,白,,,5-ocp-110t,5# OCP-110T,PRIMARY LATCH,48187061,-,210,42,5,60,2,25,0,130,0,0,0,0,55,0,0,176,0,,2026-06-27T00:00:00.000Z,,excel-seed
seed-5-ocp-110t-112,,,2026-04-01,白,,,5-ocp-110t,5# OCP-110T,BIMETAL (137),51207070,-,385.34,77.07,5,110,2,90,45,50,0,155.34,0,0,45,0,41424,40,0,,2026-06-27T00:00:00.000Z,,excel-seed
seed-5-ocp-110t-113,,,2026-04-01,夜,,,5-ocp-110t,5# OCP-110T,BIMETAL (137),51207070,-,1132.09,226.42,5,110,2,310,0,20,0,722.09,20,0,60,0,54780,200,0,,2026-06-27T00:00:00.000Z,,excel-seed
seed-5-ocp-110t-114,,,2026-04-02,白,,,5-ocp-110t,5# OCP-110T,BIMETAL (137),51207070,-,1049.21,209.84,5,110,2,220,0,75,0,674.21,5,0,75,0,36612,30,0,,2026-06-27T00:00:00.000Z,,excel-seed
seed-5-ocp-110t-115,,,2026-04-02,夜,,,5-ocp-110t,5# OCP-110T,BIMETAL (137),51207070,-,1236.19,247.24,5,110,2,480,0,35,0,631.19,15,0,75,0,92016,500,0,,2026-06-27T00:00:00.000Z,,excel-seed
seed-5-ocp-110t-116,,,2026-04-03,白,,,5-ocp-110t,5# OCP-110T,BIMETAL (137),51207070,-,1030.36,206.07,5,110,2,325,0,135,0,465.36,15,0,90,0,66836,130,0,,2026-06-27T00:00:00.000Z,,excel-seed
seed-5-ocp-110t-117,,,2026-04-03,夜,,,5-ocp-110t,5# OCP-110T,BIMETAL (137),51207070,-,1234.61,246.92,5,110,2,520,0,45,0,574.61,30,0,65,0,109500,120,0,,2026-06-27T00:00:00.000Z,,excel-seed
seed-5-ocp-110t-118,,,2026-04-04,白,,,5-ocp-110t,5# OCP-110T,BIMETAL (137),51207070,-,773.11,154.62,5,110,2,275,0,40,0,258.11,0,0,90,110,64458,20,0,,2026-06-27T00:00:00.000Z,,excel-seed
seed-5-ocp-110t-119,,,2026-04-05,白,,,5-ocp-110t,5# OCP-110T,Handle Arm,48187057,-,820.49,164.1,5,80,1,235,35,110,0,395.49,0,0,45,0,15449,7,0,,2026-06-27T00:00:00.000Z,,excel-seed
seed-5-ocp-110t-120,,,2026-04-06,白,,,5-ocp-110t,5# OCP-110T,Handle Arm,48187057,-,889.16,177.83,5,80,1,340,0,25,0,484.16,30,0,10,0,25000,55,0,,2026-06-27T00:00:00.000Z,,excel-seed
seed-5-ocp-110t-121,,,2026-04-06,夜,,,5-ocp-110t,5# OCP-110T,BIMETAL (138),51207070,-,1226.8,245.36,5,100,2,485,90,20,0,566.8,0,0,65,0,98404,30,0,,2026-06-27T00:00:00.000Z,,excel-seed
seed-5-ocp-110t-122,,,2026-04-07,白,,,5-ocp-110t,5# OCP-110T,BIMETAL (138),51207070,-,1235.57,247.11,5,100,2,550,0,30,0,575.57,15,0,65,0,107980,100,0,,2026-06-27T00:00:00.000Z,,excel-seed
seed-5-ocp-110t-123,,,2026-04-07,夜,,,5-ocp-110t,5# OCP-110T,BIMETAL (138),51207070,-,1291.71,258.34,5,100,2,570,0,20,0,631.71,15,0,55,0,105570,30,0,,2026-06-27T00:00:00.000Z,,excel-seed
seed-5-ocp-110t-124,,,2026-04-08,白,,,5-ocp-110t,5# OCP-110T,BIMETAL (138),51207070,-,1241.55,248.31,5,100,2,560,0,20,0,581.55,15,0,65,0,110738,70,0,,2026-06-27T00:00:00.000Z,,excel-seed
seed-5-ocp-110t-125,,,2026-04-08,夜,,,5-ocp-110t,5# OCP-110T,BIMETAL (138),51207070,-,1205.43,241.09,5,100,2,525,0,25,0,545.43,25,0,85,0,105880,120,0,,2026-06-27T00:00:00.000Z,,excel-seed
seed-5-ocp-110t-126,,,2026-04-09,白,,,5-ocp-110t,5# OCP-110T,BIMETAL (138),51207070,-,1325.51,265.1,5,100,2,580,0,15,0,665.51,15,0,50,0,103710,100,0,,2026-06-27T00:00:00.000Z,,excel-seed
seed-5-ocp-110t-127,,,2026-04-09,夜,,,5-ocp-110t,5# OCP-110T,BIMETAL (138),51207070,-,1057.07,211.41,5,100,2,405,0,15,0,477.07,0,0,65,95,82346,240,0,,2026-06-27T00:00:00.000Z,,excel-seed
seed-5-ocp-110t-128,,,2026-04-10,白,,,5-ocp-110t,5# OCP-110T,Medium Arc Platel,48187097AA,-,763.39,152.68,5,110,3,100,0,95,20,518.39,0,0,30,0,22599,60,0,,2026-06-27T00:00:00.000Z,,excel-seed
seed-5-ocp-110t-129,,,2026-04-20,白,,,5-ocp-110t,5# OCP-110T,Medium Arc Platel,48187097AA,-,1263.07,252.61,5,110,3,465,0,40,0,633.07,30,0,95,0,127254,150,0,,2026-06-27T00:00:00.000Z,,excel-seed
seed-5-ocp-110t-130,,,2026-04-21,白,,,5-ocp-110t,5# OCP-110T,Medium Arc Platel,48187097AA,-,340.21,68.04,5,110,3,85,0,60,0,170.21,0,0,20,5,26367,30,0,,2026-06-27T00:00:00.000Z,,excel-seed
seed-5-ocp-110t-131,,,2026-04-22,白,,,5-ocp-110t,5# OCP-110T,YOKE,48187064AA,-,135,27,5,65,4,25,0,35,0,0,0,0,75,0,0,1824,0,,2026-06-27T00:00:00.000Z,,excel-seed
seed-5-ocp-110t-132,,,2026-04-23,白,,,5-ocp-110t,5# OCP-110T,YOKE,48187064AA,-,891.25,178.25,5,65,4,25,0,250,0,536.25,0,0,80,0,4000,1500,0,,2026-06-27T00:00:00.000Z,,excel-seed
seed-5-ocp-110t-133,,,2026-04-24,白,,,5-ocp-110t,5# OCP-110T,YOKE,48187064AA,-,345,69,5,65,4,25,0,275,0,0,0,0,45,0,0,568,0,,2026-06-27T00:00:00.000Z,,excel-seed
seed-5-ocp-110t-134,,,2026-04-25,白,,,5-ocp-110t,5# OCP-110T,YOKE,48187064AA,-,950.29,190.06,5,65,4,90,0,230,15,540.29,0,0,75,0,15375,396,0,,2026-06-27T00:00:00.000Z,,excel-seed
seed-5-ocp-110t-135,,,2026-04-27,白,,,5-ocp-110t,5# OCP-110T,YOKE,48187064AA,-,402.3,80.46,5,65,4,35,5,65,0,152.3,0,0,15,130,2390,10,0,,2026-06-27T00:00:00.000Z,,excel-seed
seed-5-ocp-110t-136,,,2026-04-27,白,,,5-ocp-110t,5# OCP-110T,"SHIELD, ASSY, RESOLVER",3507-2027,-,616.16,123.23,5,50,1,125,20,235,0,196.16,0,0,40,0,4620,9,0,,2026-06-27T00:00:00.000Z,,excel-seed
seed-5-ocp-110t-137,,,2026-04-28,白,,,5-ocp-110t,5# OCP-110T,YOKE,48187064AA,-,290,58,5,65,4,25,0,220,0,0,0,0,45,0,0,944,0,,2026-06-27T00:00:00.000Z,,excel-seed
seed-5-ocp-110t-138,,,2026-04-30,白,,,5-ocp-110t,5# OCP-110T,SPACER PLATE 1,SB-092A-1-4,-,813.87,162.77,5,40,1,65,0,90,0,658.87,0,0,0,0,1539,11,0,,2026-06-27T00:00:00.000Z,,excel-seed
seed-5-ocp-110t-139,,,2026-05-02,白,,,5-ocp-110t,5# OCP-110T,BIMETAL (138),51207070,-,1071.44,214.29,5,100,2,380,0,210,0,411.44,0,0,70,0,70192,80,0,,2026-06-27T00:00:00.000Z,,excel-seed
seed-5-ocp-110t-140,,,2026-05-02,夜,,,5-ocp-110t,5# OCP-110T,BIMETAL (138),51207070,-,632.73,126.55,5,100,2,210,0,10,0,272.73,0,0,20,120,32340,0,0,,2026-06-27T00:00:00.000Z,,excel-seed
seed-5-ocp-110t-141,,,2026-05-04,白,,,5-ocp-110t,5# OCP-110T,BIMETAL (138),51207070,-,1339.15,267.83,5,100,2,560,0,20,0,679.15,10,0,70,0,94000,20,0,,2026-06-27T00:00:00.000Z,,excel-seed
seed-5-ocp-110t-142,,,2026-05-04,夜,,,5-ocp-110t,5# OCP-110T,BIMETAL (138),51207070,-,879.28,175.86,5,100,2,295,0,10,0,459.28,0,0,55,60,37896,30,0,,2026-06-27T00:00:00.000Z,,excel-seed
seed-5-ocp-110t-143,,,2026-05-05,白,,,5-ocp-110t,5# OCP-110T,BIMETAL (138),51207070,-,416.17,83.23,5,100,2,190,0,5,0,201.17,0,20,0,0,39668,20,0,,2026-06-27T00:00:00.000Z,,excel-seed
seed-5-ocp-110t-144,,,2026-05-06,白,,,5-ocp-110t,5# OCP-110T,SORTIE BOBINE BORNE A2,W113791670114,-,1231.66,246.33,5,50,1,580,0,10,0,571.66,0,0,70,0,29423,30,0,,2026-06-27T00:00:00.000Z,,excel-seed
seed-5-ocp-110t-145,,,2026-05-06,夜,,,5-ocp-110t,5# OCP-110T,SORTIE BOBINE BORNE A2,W113791670114,-,921.1,184.22,5,50,1,90,0,5,0,806.1,0,0,20,0,2540,10,0,,2026-06-27T00:00:00.000Z,,excel-seed
seed-5-ocp-110t-146,,,2026-05-07,白,,,5-ocp-110t,5# OCP-110T,SORTIE BOBINE BORNE A2,W113791670114,-,1150.55,230.11,5,50,1,460,0,90,0,540.55,0,0,60,0,21700,50,0,,2026-06-27T00:00:00.000Z,,excel-seed
seed-5-ocp-110t-147,,,2026-05-07,夜,,,5-ocp-110t,5# OCP-110T,SORTIE BOBINE BORNE A2,W113791670114,-,1055.74,211.15,5,50,1,265,0,175,25,525.74,0,0,65,0,10585,180,0,,2026-06-27T00:00:00.000Z,,excel-seed
seed-5-ocp-110t-148,,,2026-05-08,白,,,5-ocp-110t,5# OCP-110T,YOKE,48187064AA,-,310,62,5,65,4,25,50,180,0,0,0,0,25,30,0,1400,0,,2026-06-27T00:00:00.000Z,,excel-seed
seed-5-ocp-110t-149,,,2026-05-08,夜,,,5-ocp-110t,5# OCP-110T,YOKE,48187064AA,-,430,86,5,65,4,25,0,365,0,0,0,0,40,0,0,564,0,,2026-06-27T00:00:00.000Z,,excel-seed
seed-5-ocp-110t-150,,,2026-05-09,白,,,5-ocp-110t,5# OCP-110T,YOKE,48187064AA,-,771.67,154.33,5,65,4,80,0,220,0,401.67,0,0,70,0,19160,1040,0,,2026-06-27T00:00:00.000Z,,excel-seed
seed-5-ocp-110t-151,,,2026-05-09,夜,,,5-ocp-110t,5# OCP-110T,YOKE,48187064AA,-,857.26,171.45,5,65,4,165,0,185,0,487.26,0,0,20,0,24212,100,0,,2026-06-27T00:00:00.000Z,,excel-seed
seed-5-ocp-110t-152,,,2026-05-11,白,,,5-ocp-110t,5# OCP-110T,YOKE,48187064AA,-,325,65,5,65,4,25,0,260,0,0,0,0,40,0,0,880,0,,2026-06-27T00:00:00.000Z,,excel-seed
seed-5-ocp-110t-153,,,2026-05-11,夜,,,5-ocp-110t,5# OCP-110T,YOKE,48187064AA,-,1100.13,220.03,5,65,4,70,0,290,0,660.13,15,0,65,0,8409,211,0,,2026-06-27T00:00:00.000Z,,excel-seed
seed-5-ocp-110t-154,,,2026-05-12,白,,,5-ocp-110t,5# OCP-110T,YOKE,48187064AA,-,1119.23,223.85,5,65,4,345,0,160,0,499.23,10,0,55,50,70972,640,0,,2026-06-27T00:00:00.000Z,,excel-seed
seed-5-ocp-110t-155,,,2026-05-12,夜,,,5-ocp-110t,5# OCP-110T,BIMETAL (138),51207070,-,1015.43,203.09,5,100,2,180,110,85,0,455.43,0,0,95,90,30828,40,0,,2026-06-27T00:00:00.000Z,,excel-seed
seed-5-ocp-110t-156,,,2026-05-13,白,,,5-ocp-110t,5# OCP-110T,BIMETAL (138),51207070,-,1292.05,258.41,5,100,2,565,0,30,0,632.05,10,0,55,0,102800,200,0,,2026-06-27T00:00:00.000Z,,excel-seed
seed-5-ocp-110t-157,,,2026-05-13,夜,,,5-ocp-110t,5# OCP-110T,BIMETAL (138),51207070,-,1386.66,277.33,5,100,2,590,0,5,0,726.66,0,0,65,0,95808,40,0,,2026-06-27T00:00:00.000Z,,excel-seed
seed-5-ocp-110t-158,,,2026-05-14,白,,,5-ocp-110t,5# OCP-110T,BIMETAL (138),51207070,-,1209.82,241.96,5,100,2,530,0,25,0,549.82,15,0,90,0,105070,60,0,,2026-06-27T00:00:00.000Z,,excel-seed
seed-5-ocp-110t-159,,,2026-05-14,夜,,,5-ocp-110t,5# OCP-110T,BIMETAL (138),51207070,-,889.58,177.92,5,100,2,345,0,5,0,409.58,0,0,20,110,58120,20,0,,2026-06-27T00:00:00.000Z,,excel-seed
seed-5-ocp-110t-160,,,2026-05-15,白,,,5-ocp-110t,5# OCP-110T,YOKE,48187064AA,-,855,171,5,65,4,25,65,250,0,455,0,0,60,0,5000,600,0,,2026-06-27T00:00:00.000Z,,excel-seed
seed-5-ocp-110t-161,,,2026-05-15,夜,,,5-ocp-110t,5# OCP-110T,YOKE,48187064AA,-,1255.72,251.14,5,65,4,245,0,260,0,685.72,0,0,65,0,31120,120,0,,2026-06-27T00:00:00.000Z,,excel-seed
seed-5-ocp-110t-162,,,2026-05-16,白,,,5-ocp-110t,5# OCP-110T,YOKE,48187064AA,-,3250,650,5,65,4,25,0,240,0,2925,0,0,60,0,800,4208,0,,2026-06-27T00:00:00.000Z,,excel-seed
seed-5-ocp-110t-163,,,2026-05-16,夜,,,5-ocp-110t,5# OCP-110T,YOKE,48187064AA,-,250,50,5,65,4,25,0,220,0,0,0,0,5,0,0,124,0,,2026-06-27T00:00:00.000Z,,excel-seed
seed-5-ocp-110t-164,,,2026-05-18,白,,,5-ocp-110t,5# OCP-110T,YOKE,48187064AA,-,821.28,164.26,5,65,4,170,0,255,0,321.28,0,0,75,0,45400,240,0,,2026-06-27T00:00:00.000Z,,excel-seed
seed-5-ocp-110t-165,,,2026-05-18,夜,,,5-ocp-110t,5# OCP-110T,YOKE,48187064AA,-,1247.49,249.5,5,65,4,475,0,105,0,587.49,30,0,50,0,106160,120,0,,2026-06-27T00:00:00.000Z,,excel-seed
seed-5-ocp-110t-166,,,2026-05-19,白,,,5-ocp-110t,5# OCP-110T,YOKE,48187064AA,-,1025,205,5,65,4,250,0,205,0,475,20,0,75,0,52000,460,0,,2026-06-27T00:00:00.000Z,,excel-seed
seed-5-ocp-110t-167,,,2026-05-19,夜,,,5-ocp-110t,5# OCP-110T,YOKE,48187064AA,-,397.88,79.58,5,65,4,25,0,105,0,257.88,0,0,10,0,9200,280,0,,2026-06-27T00:00:00.000Z,,excel-seed
seed-5-ocp-110t-168,,,2026-05-20,白,,,5-ocp-110t,5# OCP-110T,YOKE,48187064AA,-,310,62,5,65,4,25,0,220,0,0,15,0,50,0,0,4828,0,,2026-06-27T00:00:00.000Z,,excel-seed
seed-5-ocp-110t-169,,,2026-05-20,夜,,,5-ocp-110t,5# OCP-110T,YOKE,48187064AA,-,1140,228,5,65,4,225,0,230,0,635,0,0,50,0,35008,260,0,,2026-06-27T00:00:00.000Z,,excel-seed
seed-5-ocp-110t-170,,,2026-05-21,白,,,5-ocp-110t,5# OCP-110T,PRIMARY LATCH,48187061,-,1513.09,302.62,5,60,2,225,130,125,0,943.09,0,0,90,0,12740,384,0,,2026-06-27T00:00:00.000Z,,excel-seed
seed-5-ocp-110t-171,,,2026-05-21,夜,,,5-ocp-110t,5# OCP-110T,PRIMARY LATCH,48187061,-,745.53,149.11,5,60,2,275,0,40,0,370.53,0,0,60,0,28500,212,0,,2026-06-27T00:00:00.000Z,,excel-seed
seed-5-ocp-110t-172,,,2026-05-22,白,,,5-ocp-110t,5# OCP-110T,PRIMARY LATCH,48187061,-,1047.29,209.46,5,60,2,120,0,240,0,597.29,0,0,90,0,7956,240,0,,2026-06-27T00:00:00.000Z,,excel-seed
seed-5-ocp-110t-173,,,2026-05-23,白,,,5-ocp-110t,5# OCP-110T,PRIMARY LATCH,48187061,-,949.84,189.97,5,60,2,140,0,85,30,604.84,15,0,75,0,13888,258,0,,2026-06-27T00:00:00.000Z,,excel-seed
seed-5-ocp-110t-174,,,2026-05-23,夜,,,5-ocp-110t,5# OCP-110T,PRIMARY LATCH,48187061,-,710.24,142.05,5,60,2,235,0,100,0,335.24,0,0,40,0,28600,180,0,,2026-06-27T00:00:00.000Z,,excel-seed
seed-5-ocp-110t-175,,,2026-05-24,白,,,5-ocp-110t,5# OCP-110T,SORTIE BOBINE BORNE A1,W113791660114,-,340,68,5,60,1,25,110,115,0,0,15,0,15,60,0,200,0,,2026-06-27T00:00:00.000Z,,excel-seed
seed-5-ocp-110t-176,,,2026-05-25,白,,,5-ocp-110t,5# OCP-110T,SORTIE BOBINE BORNE A1,W113791660114,-,30,6,5,60,1,25,0,0,0,0,0,0,5,0,0,229,0,,2026-06-27T00:00:00.000Z,,excel-seed
seed-5-ocp-110t-177,,,2026-05-26,白,,,5-ocp-110t,5# OCP-110T,SORTIE BOBINE BORNE A1,W113791660114,-,90,18,5,60,1,25,0,55,0,0,0,0,10,0,0,104,0,,2026-06-27T00:00:00.000Z,,excel-seed
seed-5-ocp-110t-178,,,2026-05-27,白,,,5-ocp-110t,5# OCP-110T,SORTIE BOBINE BORNE A1,W113791660114,-,130,26,5,60,1,25,0,50,0,0,0,0,55,0,0,77,0,,2026-06-27T00:00:00.000Z,,excel-seed
seed-5-ocp-110t-179,,,2026-05-28,白,,,5-ocp-110t,5# OCP-110T,SORTIE BOBINE BORNE A2,W113791670114,-,470,94,5,50,1,20,60,185,0,0,0,0,75,130,0,325,0,,2026-06-27T00:00:00.000Z,,excel-seed
seed-5-ocp-110t-180,,,2026-05-28,夜,,,5-ocp-110t,5# OCP-110T,SORTIE BOBINE BORNE A2,W113791670114,-,756.58,151.32,5,50,1,305,0,45,0,396.58,0,0,10,0,16343,20,0,,2026-06-27T00:00:00.000Z,,excel-seed
seed-5-ocp-110t-181,,,2026-05-29,白,,,5-ocp-110t,5# OCP-110T,SORTIE BOBINE BORNE A2,W113791670114,-,315.28,63.06,5,50,1,70,0,80,0,90.28,0,0,75,0,12600,85,0,,2026-06-27T00:00:00.000Z,,excel-seed
seed-5-ocp-110t-182,,,2026-05-29,夜,,,5-ocp-110t,5# OCP-110T,SORTIE BOBINE BORNE A2,W113791670114,-,416.03,83.21,5,50,1,45,40,30,0,256.03,0,0,10,35,1450,200,0,,2026-06-27T00:00:00.000Z,,excel-seed
seed-5-ocp-110t-183,,,2026-05-29,夜,,,5-ocp-110t,5# OCP-110T,SORTIE BOBINE BORNE A1,W113791660114,-,492.5,98.5,5,60,1,160,40,80,0,122.5,0,0,40,50,19592,100,0,,2026-06-27T00:00:00.000Z,,excel-seed
seed-5-ocp-110t-184,,,2026-05-30,白,,,5-ocp-110t,5# OCP-110T,SORTIE BOBINE BORNE A1,W113791660114,-,1141.45,228.29,5,60,1,400,0,90,35,541.45,0,0,75,0,21941,45,0,,2026-06-27T00:00:00.000Z,,excel-seed
seed-5-ocp-110t-185,,,2026-05-30,夜,,,5-ocp-110t,5# OCP-110T,SORTIE BOBINE BORNE A1,W113791660114,-,929.57,185.91,5,60,1,425,0,20,0,464.57,10,0,10,0,24700,119,0,,2026-06-27T00:00:00.000Z,,excel-seed
seed-5-ocp-110t-186,,,2026-06-01,白,,,5-ocp-110t,5# OCP-110T,SORTIE BOBINE BORNE A1,W113791660114,-,1135.43,227.09,5,60,1,455,0,150,0,475.43,0,0,55,0,26127,30,0,,2026-06-27T00:00:00.000Z,,excel-seed
seed-5-ocp-110t-187,,,2026-06-01,夜,,,5-ocp-110t,5# OCP-110T,SORTIE BOBINE BORNE A1,W113791660114,-,1168.99,233.8,5,60,1,440,0,75,0,523.99,0,0,75,55,22924,30,0,,2026-06-27T00:00:00.000Z,,excel-seed
seed-5-ocp-110t-188,,,2026-06-03,白,,,5-ocp-110t,5# OCP-110T,YOKE,48187064AA,-,854.62,170.92,5,65,4,55,0,190,0,539.62,0,0,70,0,10600,200,0,,2026-06-27T00:00:00.000Z,,excel-seed
seed-5-ocp-110t-189,,,2026-06-04,白,,,5-ocp-110t,5# OCP-110T,YOKE,48187064AA,-,895.46,179.09,5,65,4,160,0,255,0,400.46,10,0,70,0,34800,100,0,,2026-06-27T00:00:00.000Z,,excel-seed
seed-5-ocp-110t-190,,,2026-06-04,夜,,,5-ocp-110t,5# OCP-110T,YOKE,48187064AA,-,744.85,148.97,5,64,4,90,0,10,0,614.85,0,0,30,0,16488,20,0,,2026-06-27T00:00:00.000Z,,excel-seed
seed-5-ocp-110t-191,,,2026-06-05,白,,,5-ocp-110t,5# OCP-110T,YOKE,48187064AA,-,165,33,5,64,4,25,0,140,0,0,0,0,0,0,0,448,0,,2026-06-27T00:00:00.000Z,,excel-seed
seed-5-ocp-110t-192,,,2026-06-08,白,,,5-ocp-110t,5# OCP-110T,YOKE,48187064AA,-,870.04,174.01,5,64,4,60,0,225,0,485.04,20,0,80,0,11242,270,0,,2026-06-27T00:00:00.000Z,,excel-seed
seed-5-ocp-110t-193,,,2026-06-08,夜,,,5-ocp-110t,5# OCP-110T,YOKE,48187064AA,-,370,74,5,64,4,25,0,305,0,0,0,0,40,0,0,1016,0,,2026-06-27T00:00:00.000Z,,excel-seed
seed-5-ocp-110t-194,,,2026-06-09,白,,,5-ocp-110t,5# OCP-110T,YOKE,48187064AA,-,932.35,186.47,5,64,4,190,5,165,0,502.35,0,0,70,0,30500,184,0,,2026-06-27T00:00:00.000Z,,excel-seed
seed-5-ocp-110t-195,,,2026-06-09,夜,,,5-ocp-110t,5# OCP-110T,PRIMARY LATCH,48187061,-,1487.13,297.43,5,60,2,310,0,125,125,862.13,0,0,65,0,20280,200,0,,2026-06-27T00:00:00.000Z,,excel-seed
seed-5-ocp-110t-196,,,2026-06-10,白,,,5-ocp-110t,5# OCP-110T,PRIMARY LATCH,48187061,-,685.75,137.15,5,60,2,65,0,140,0,400.75,0,0,80,0,8564,500,0,,2026-06-27T00:00:00.000Z,,excel-seed
seed-5-ocp-110t-197,,,2026-06-11,白,,,5-ocp-110t,5# OCP-110T,PRIMARY LATCH,48187061,-,1135.7,227.14,5,60,2,300,0,145,125,475.7,10,0,80,0,32920,180,0,,2026-06-27T00:00:00.000Z,,excel-seed
seed-5-ocp-110t-198,,,2026-06-11,夜,,,5-ocp-110t,5# OCP-110T,PRIMARY LATCH,48187061,-,1364.89,272.98,5,60,2,180,0,65,20,1034.89,0,0,65,0,11062,1200,0,,2026-06-27T00:00:00.000Z,,excel-seed
seed-5-ocp-110t-199,,,2026-06-12,白,,,5-ocp-110t,5# OCP-110T,PRIMARY LATCH,48187061,-,1166.03,233.21,5,60,2,405,0,70,0,606.03,0,0,85,0,40498,400,0,,2026-06-27T00:00:00.000Z,,excel-seed
seed-5-ocp-110t-200,,,2026-06-12,夜,,,5-ocp-110t,5# OCP-110T,PRIMARY LATCH,48187061,-,225,45,5,60,2,25,0,160,0,0,0,0,40,0,0,188,0,,2026-06-27T00:00:00.000Z,,excel-seed
seed-5-ocp-110t-201,,,2026-06-13,白,,,5-ocp-110t,5# OCP-110T,PRIMARY LATCH,48187061,-,385,77,5,60,2,25,0,300,0,0,0,0,60,0,0,348,0,,2026-06-27T00:00:00.000Z,,excel-seed
seed-5-ocp-110t-202,,,2026-06-13,夜,,,5-ocp-110t,5# OCP-110T,PRIMARY LATCH,48187061,-,110,22,5,60,2,25,0,80,0,0,0,0,5,0,0,144,0,,2026-06-27T00:00:00.000Z,,excel-seed
seed-5-ocp-110t-203,,,2026-06-15,白,,,5-ocp-110t,5# OCP-110T,PRIMARY LATCH,48187061,-,420,84,5,60,2,25,0,330,0,0,0,0,65,0,0,342,0,,2026-06-27T00:00:00.000Z,,excel-seed
seed-5-ocp-110t-204,,,2026-06-15,夜,,,5-ocp-110t,5# OCP-110T,PRIMARY LATCH,48187061,-,1110.45,222.09,5,60,2,385,0,115,0,515.45,15,0,80,0,41678,300,0,,2026-06-27T00:00:00.000Z,,excel-seed
seed-5-ocp-110t-205,,,2026-06-16,白,,,5-ocp-110t,5# OCP-110T,PRIMARY LATCH,48187061,-,979.94,195.99,5,60,2,265,0,135,25,469.94,0,0,85,0,29774,200,0,,2026-06-27T00:00:00.000Z,,excel-seed
seed-5-ocp-110t-206,,,2026-06-16,夜,,,5-ocp-110t,5# OCP-110T,PRIMARY LATCH,48187061,-,310,62,5,60,2,25,0,230,0,0,0,0,55,0,0,400,0,,2026-06-27T00:00:00.000Z,,excel-seed
seed-5-ocp-110t-207,,,2026-06-17,白,,,5-ocp-110t,5# OCP-110T,PRIMARY LATCH,48187061,-,765.98,153.2,5,60,2,135,0,125,0,415.98,0,0,90,0,17330,130,0,,2026-06-27T00:00:00.000Z,,excel-seed
seed-5-ocp-110t-208,,,2026-06-17,夜,,,5-ocp-110t,5# OCP-110T,PRIMARY LATCH,48187061,-,1381.93,276.39,5,60,2,355,0,230,10,721.93,0,0,65,0,21538,200,0,,2026-06-27T00:00:00.000Z,,excel-seed
seed-5-ocp-110t-209,,,2026-06-18,白,,,5-ocp-110t,5# OCP-110T,PRIMARY LATCH,48187061,-,774.27,154.85,5,60,2,25,0,65,0,614.27,0,0,70,0,2564,140,0,,2026-06-27T00:00:00.000Z,,excel-seed
seed-5-ocp-110t-210,,,2026-06-19,白,,,5-ocp-110t,5# OCP-110T,PRIMARY LATCH,48187061,-,160,32,5,60,2,25,65,50,0,0,0,0,20,0,0,148,0,,2026-06-27T00:00:00.000Z,,excel-seed
seed-5-ocp-110t-211,,,2026-06-19,夜,,,5-ocp-110t,5# OCP-110T,PRIMARY LATCH,48187061,-,892.83,178.57,5,60,2,85,0,210,0,522.83,0,0,75,0,7316,400,0,,2026-06-27T00:00:00.000Z,,excel-seed
seed-5-ocp-110t-212,,,2026-06-20,白,,,5-ocp-110t,5# OCP-110T,PRIMARY LATCH,48187061,-,778.18,155.64,5,60,2,115,0,100,0,488.18,0,0,75,0,13710,110,0,,2026-06-27T00:00:00.000Z,,excel-seed
seed-5-ocp-110t-213,,,2026-06-20,夜,,,5-ocp-110t,5# OCP-110T,PRIMARY LATCH,48187061,-,868.16,173.63,5,60,2,160,0,30,10,623.16,15,0,25,5,5700,58,0,,2026-06-27T00:00:00.000Z,,excel-seed
seed-5-ocp-110t-214,,,2026-06-21,白,,,5-ocp-110t,5# OCP-110T,PRIMARY LATCH,48187061,-,160,32,5,60,2,25,5,25,0,0,0,0,5,100,0,1500,0,,2026-06-27T00:00:00.000Z,,excel-seed
seed-5-ocp-110t-215,,,2026-06-21,夜,,,5-ocp-110t,5# OCP-110T,YOKE,48187064AA,-,1111.56,222.31,5,65,4,220,0,195,0,566.56,15,0,115,0,35336,200,0,,2026-06-27T00:00:00.000Z,,excel-seed
seed-5-ocp-110t-216,,,2026-06-22,白,,,5-ocp-110t,5# OCP-110T,YOKE,48187064AA,-,1028.62,205.72,5,65,4,95,0,250,0,578.62,15,0,90,0,13660,360,0,,2026-06-27T00:00:00.000Z,,excel-seed
seed-5-ocp-110t-217,,,2026-06-22,夜,,,5-ocp-110t,5# OCP-110T,YOKE,48187064AA,-,275,55,5,65,4,100,0,100,0,0,0,0,75,0,0,1700,0,,2026-06-27T00:00:00.000Z,,excel-seed
seed-5-ocp-110t-218,,,2026-06-23,白,,,5-ocp-110t,5# OCP-110T,YOKE,48187064AA,-,1083.27,216.65,5,65,4,75,0,235,0,693.27,0,0,80,0,9704,1080,0,,2026-06-27T00:00:00.000Z,,excel-seed
seed-5-ocp-110t-219,,,2026-06-23,夜,,,5-ocp-110t,5# OCP-110T,YOKE,48187064AA,-,175,35,5,65,4,25,0,100,0,0,0,0,50,0,0,348,0,,2026-06-27T00:00:00.000Z,,excel-seed
seed-5-ocp-110t-220,,,2026-06-24,白,,,5-ocp-110t,5# OCP-110T,YOKE,48187064AA,-,365,73,5,65,4,25,0,290,0,0,0,0,50,0,0,500,0,,2026-06-27T00:00:00.000Z,,excel-seed
seed-5-ocp-110t-221,,,2026-06-24,夜,,,5-ocp-110t,5# OCP-110T,YOKE,48187064AA,-,660,132,5,65,4,25,0,325,0,0,265,0,45,0,0,1172,0,,2026-06-27T00:00:00.000Z,,excel-seed
seed-5-ocp-110t-222,,,2026-06-25,白,,,5-ocp-110t,5# OCP-110T,YOKE,48187064AA,-,510,102,5,65,4,25,0,435,0,0,0,0,50,0,0,528,0,,2026-06-27T00:00:00.000Z,,excel-seed
seed-5-ocp-110t-223,,,2026-06-25,夜,,,5-ocp-110t,5# OCP-110T,YOKE,48187064AA,-,972.57,194.51,5,65,4,25,0,205,0,667.57,0,0,75,0,3700,1280,0,,2026-06-27T00:00:00.000Z,,excel-seed
seed-5-ocp-110t-224,,,2026-06-26,白,,,5-ocp-110t,5# OCP-110T,BIMETAL (137),51207070,-,1174.13,234.83,5,110,2,395,85,45,0,554.13,20,0,75,0,84684,40,0,,2026-06-27T00:00:00.000Z,,excel-seed
seed-5-ocp-110t-225,,,2026-06-26,夜,,,5-ocp-110t,5# OCP-110T,BIMETAL (137),51207070,-,1095.27,219.05,5,110,2,425,0,65,0,510.27,25,0,70,0,96200,60,0,,2026-06-27T00:00:00.000Z,,excel-seed
seed-6-std-150t-1,,,2026-01-07,白,,,6-std-150t,6# STD-150T,"SHIELD, ASSY, RESOLVER",3507-2027,-,462.3,92.46,5,50,1,90,20,20,0,162.3,0,0,35,135,3050,3,0,,2026-06-27T00:00:00.000Z,,excel-seed
seed-6-std-150t-2,,,2026-01-17,白,,,6-std-150t,6# STD-150T,ORIFICE PLATE,TH-496A-2,-,1077.74,215.55,5,50,1,410,40,30,0,537.74,15,0,45,0,17727,6,0,,2026-06-27T00:00:00.000Z,,excel-seed
seed-6-std-150t-3,,,2026-01-19,白,,,6-std-150t,6# STD-150T,Secondary Latch,48187062AA,-,778.4,155.68,5,60,2,210,60,50,0,428.4,0,0,30,0,20000,154,0,,2026-06-27T00:00:00.000Z,,excel-seed
seed-6-std-150t-4,,,2026-01-20,白,,,6-std-150t,6# STD-150T,MECHSIDE L,48187088,-,1312.61,262.52,5,65,1,275,90,150,30,657.61,30,0,60,20,14950,6,0,,2026-06-27T00:00:00.000Z,,excel-seed
seed-6-std-150t-5,,,2026-01-20,白,,,6-std-150t,6# STD-150T,MECHSIDE R,48187089,-,1312.61,262.52,5,65,1,275,90,150,30,657.61,30,0,60,20,14950,6,0,,2026-06-27T00:00:00.000Z,,excel-seed
seed-6-std-150t-6,,,2026-01-26,白,,,6-std-150t,6# STD-150T,MECHSIDE L,48187088,-,1714.67,342.93,5,65,1,340,0,50,0,1244.67,0,0,80,0,11630,10,0,,2026-06-27T00:00:00.000Z,,excel-seed
seed-6-std-150t-7,,,2026-01-26,白,,,6-std-150t,6# STD-150T,MECHSIDE R,48187089,-,1714.67,342.93,5,65,1,340,0,50,0,1244.67,0,0,80,0,11630,10,0,,2026-06-27T00:00:00.000Z,,excel-seed
seed-6-std-150t-8,,,2026-01-27,白,,,6-std-150t,6# STD-150T,MECHSIDE L,48187088,-,1764.71,352.94,5,65,1,440,0,80,0,1149.71,50,0,45,0,16418,20,0,,2026-06-27T00:00:00.000Z,,excel-seed
seed-6-std-150t-9,,,2026-01-27,白,,,6-std-150t,6# STD-150T,MECHSIDE R,48187089,-,1764.71,352.94,5,65,1,440,0,80,0,1149.71,50,0,45,0,16418,20,0,,2026-06-27T00:00:00.000Z,,excel-seed
seed-6-std-150t-10,,,2026-01-28,白,,,6-std-150t,6# STD-150T,MECHSIDE L,48187088,-,1534.16,306.83,5,65,1,540,0,50,0,864.16,15,10,55,0,27620,20,0,,2026-06-27T00:00:00.000Z,,excel-seed
seed-6-std-150t-11,,,2026-01-28,白,,,6-std-150t,6# STD-150T,MECHSIDE R,48187089,-,1534.16,306.83,5,65,1,540,0,50,0,864.16,15,10,55,0,27620,20,0,,2026-06-27T00:00:00.000Z,,excel-seed
seed-6-std-150t-12,,,2026-01-30,白,,,6-std-150t,6# STD-150T,MECHSIDE L,48187088,-,1384.57,276.91,5,65,1,50,0,25,0,1259.57,0,0,15,35,1045,19,0,,2026-06-27T00:00:00.000Z,,excel-seed
seed-6-std-150t-13,,,2026-01-30,白,,,6-std-150t,6# STD-150T,MECHSIDE R,48187089,-,1384.57,276.91,5,65,1,50,0,25,0,1259.57,0,0,15,35,1045,19,0,,2026-06-27T00:00:00.000Z,,excel-seed
seed-6-std-150t-14,,,2026-01-30,白,,,6-std-150t,6# STD-150T,Secondary Latch,48187062AA,-,702.45,140.49,5,60,2,50,0,60,0,547.45,0,0,45,0,822,10,0,,2026-06-27T00:00:00.000Z,,excel-seed
seed-6-std-150t-15,,,2026-01-30,夜,,,6-std-150t,6# STD-150T,Secondary Latch,48187062AA,-,254.01,50.8,5,60,2,90,0,5,0,149.01,0,0,10,0,7610,0,0,,2026-06-27T00:00:00.000Z,,excel-seed
seed-6-std-150t-16,,,2026-01-31,白,,,6-std-150t,6# STD-150T,MECHSIDE L,48187088,-,1538.96,307.79,5,65,1,360,125,150,0,828.96,15,0,60,0,16090,20,0,,2026-06-27T00:00:00.000Z,,excel-seed
seed-6-std-150t-17,,,2026-01-31,白,,,6-std-150t,6# STD-150T,MECHSIDE R,48187089,-,1538.96,307.79,5,65,1,360,125,150,0,828.96,15,0,60,0,16090,20,0,,2026-06-27T00:00:00.000Z,,excel-seed
seed-6-std-150t-18,,,2026-02-02,白,,,6-std-150t,6# STD-150T,MECHSIDE L,48187088,-,2015.08,403.02,5,65,1,520,0,60,0,1365.08,0,0,70,0,13123,200,0,,2026-06-27T00:00:00.000Z,,excel-seed
seed-6-std-150t-19,,,2026-02-02,白,,,6-std-150t,6# STD-150T,MECHSIDE R,48187089,-,2015.08,403.02,5,65,1,520,0,60,0,1365.08,0,0,70,0,13123,200,0,,2026-06-27T00:00:00.000Z,,excel-seed
seed-6-std-150t-20,,,2026-02-03,白,,,6-std-150t,6# STD-150T,MECHSIDE L,48187088,-,75,15,5,65,1,25,0,0,0,0,0,0,50,0,0,64,0,,2026-06-27T00:00:00.000Z,,excel-seed
seed-6-std-150t-21,,,2026-02-03,白,,,6-std-150t,6# STD-150T,MECHSIDE R,48187089,-,75,15,5,65,1,25,0,0,0,0,0,0,50,0,0,64,0,,2026-06-27T00:00:00.000Z,,excel-seed
seed-6-std-150t-22,,,2026-02-04,白,,,6-std-150t,6# STD-150T,MECHSIDE L,48187088,-,1123.17,224.63,5,65,1,240,0,105,0,703.17,15,0,60,0,13644,104,0,,2026-06-27T00:00:00.000Z,,excel-seed
seed-6-std-150t-23,,,2026-02-04,白,,,6-std-150t,6# STD-150T,MECHSIDE R,48187089,-,1123.17,224.63,5,65,1,240,0,105,0,703.17,15,0,60,0,13644,104,0,,2026-06-27T00:00:00.000Z,,excel-seed
seed-6-std-150t-24,,,2026-02-05,白,,,6-std-150t,6# STD-150T,MECHSIDE L,48187088,-,1038.19,207.64,5,65,1,340,0,20,0,523.19,0,0,50,105,14362,10,0,,2026-06-27T00:00:00.000Z,,excel-seed
seed-6-std-150t-25,,,2026-02-05,白,,,6-std-150t,6# STD-150T,MECHSIDE R,48187089,-,1038.19,207.64,5,65,1,340,0,20,0,523.19,0,0,50,105,14362,10,0,,2026-06-27T00:00:00.000Z,,excel-seed
seed-6-std-150t-26,,,2026-02-09,白,,,6-std-150t,6# STD-150T,Secondary Latch,48187062AA,-,1087.34,217.47,5,60,2,255,0,105,0,667.34,0,0,60,0,28200,220,0,,2026-06-27T00:00:00.000Z,,excel-seed
seed-6-std-150t-27,,,2026-02-10,白,,,6-std-150t,6# STD-150T,Secondary Latch,48187062AA,-,1485.41,297.08,5,60,2,640,0,50,0,705.41,25,0,65,0,72400,200,0,,2026-06-27T00:00:00.000Z,,excel-seed
seed-6-std-150t-28,,,2026-02-10,夜,,,6-std-150t,6# STD-150T,Secondary Latch,48187062AA,-,1958.91,391.78,5,60,2,435,0,35,0,1313.91,0,0,55,120,17878,75,0,,2026-06-27T00:00:00.000Z,,excel-seed
seed-6-std-150t-29,,,2026-02-11,白,,,6-std-150t,6# STD-150T,Secondary Latch,48187062AA,-,898.56,179.71,5,60,2,195,0,120,0,508.56,10,0,65,0,21856,500,0,,2026-06-27T00:00:00.000Z,,excel-seed
seed-6-std-150t-30,,,2026-02-12,白,,,6-std-150t,6# STD-150T,Secondary Latch,48187062AA,-,1092.2,218.44,5,60,2,175,0,150,0,707.2,0,0,60,0,16926,640,0,,2026-06-27T00:00:00.000Z,,excel-seed
seed-6-std-150t-31,,,2026-02-12,夜,,,6-std-150t,6# STD-150T,Secondary Latch,48187062AA,-,1279.36,255.87,5,60,2,300,0,10,0,739.36,0,0,55,175,20450,30,0,,2026-06-27T00:00:00.000Z,,excel-seed
seed-6-std-150t-32,,,2026-02-14,白,,,6-std-150t,6# STD-150T,"SHIELD, ASSY, RESOLVER",3507-2027,-,1155.55,231.11,5,50,1,295,0,75,120,495.55,10,0,50,110,12650,30,0,,2026-06-27T00:00:00.000Z,,excel-seed
seed-6-std-150t-33,,,2026-02-16,白,,,6-std-150t,6# STD-150T,Secondary Latch,48187062AA,-,615.28,123.06,5,60,2,210,0,40,0,255.28,0,0,15,95,20730,6,0,,2026-06-27T00:00:00.000Z,,excel-seed
seed-6-std-150t-34,,,2026-02-16,白,,,6-std-150t,6# STD-150T,MECHSIDE L,48187088,-,1514.06,302.81,5,60,1,500,30,35,0,854.06,0,0,50,45,18617,20,0,,2026-06-27T00:00:00.000Z,,excel-seed
seed-6-std-150t-35,,,2026-02-16,白,,,6-std-150t,6# STD-150T,MECHSIDE R,48187089,-,1514.06,302.81,5,60,1,500,30,35,0,854.06,0,0,50,45,18617,20,0,,2026-06-27T00:00:00.000Z,,excel-seed
seed-6-std-150t-36,,,2026-02-16,夜,,,6-std-150t,6# STD-150T,MECHSIDE L,48187088,-,604.85,120.97,5,60,1,160,0,10,0,429.85,0,0,5,0,5025,20,0,,2026-06-27T00:00:00.000Z,,excel-seed
seed-6-std-150t-37,,,2026-02-16,夜,,,6-std-150t,6# STD-150T,MECHSIDE R,48187089,-,604.85,120.97,5,60,1,160,0,10,0,429.85,0,0,5,0,5025,20,0,,2026-06-27T00:00:00.000Z,,excel-seed
seed-6-std-150t-38,,,2026-02-23,白,,,6-std-150t,6# STD-150T,MECHSIDE L,48187088,-,240,48,5,65,1,25,0,105,0,0,0,0,110,0,0,120,0,,2026-06-27T00:00:00.000Z,,excel-seed
seed-6-std-150t-39,,,2026-02-23,白,,,6-std-150t,6# STD-150T,MECHSIDE R,48187089,-,240,48,5,65,1,25,0,105,0,0,0,0,110,0,0,120,0,,2026-06-27T00:00:00.000Z,,excel-seed
seed-6-std-150t-40,,,2026-02-25,白,,,6-std-150t,6# STD-150T,MECHSIDE L,48187088,-,1207.13,241.43,5,65,1,415,0,130,0,557.13,15,0,90,0,21304,160,0,,2026-06-27T00:00:00.000Z,,excel-seed
seed-6-std-150t-41,,,2026-02-25,白,,,6-std-150t,6# STD-150T,MECHSIDE R,48187089,-,1207.13,241.43,5,65,1,415,0,130,0,557.13,15,0,90,0,21304,160,0,,2026-06-27T00:00:00.000Z,,excel-seed
seed-6-std-150t-42,,,2026-02-26,白,,,6-std-150t,6# STD-150T,MECHSIDE L,48187088,-,441.8,88.36,5,65,1,180,0,25,0,201.8,0,0,20,15,10436,6,0,,2026-06-27T00:00:00.000Z,,excel-seed
seed-6-std-150t-43,,,2026-02-26,白,,,6-std-150t,6# STD-150T,MECHSIDE R,48187089,-,441.8,88.36,5,65,1,180,0,25,0,201.8,0,0,20,15,10436,6,0,,2026-06-27T00:00:00.000Z,,excel-seed
seed-6-std-150t-44,,,2026-03-10,白,,,6-std-150t,6# STD-150T,MECHSIDE L,48187088,-,854.89,170.98,5,65,1,155,0,10,0,609.89,0,0,80,0,9416,20,0,,2026-06-27T00:00:00.000Z,,excel-seed
seed-6-std-150t-45,,,2026-03-10,白,,,6-std-150t,6# STD-150T,MECHSIDE R,48187089,-,854.89,170.98,5,65,1,155,0,10,0,609.89,0,0,80,0,9416,20,0,,2026-06-27T00:00:00.000Z,,excel-seed
seed-6-std-150t-46,,,2026-03-12,白,,,6-std-150t,6# STD-150T,MECHSIDE L,48187088,-,989.49,197.9,5,65,1,135,0,35,5,764.49,0,0,50,0,6600,27,0,,2026-06-27T00:00:00.000Z,,excel-seed
seed-6-std-150t-47,,,2026-03-12,白,,,6-std-150t,6# STD-150T,MECHSIDE R,48187089,-,989.49,197.9,5,65,1,135,0,35,5,764.49,0,0,50,0,6600,27,0,,2026-06-27T00:00:00.000Z,,excel-seed
seed-6-std-150t-48,,,2026-03-13,白,,,6-std-150t,6# STD-150T,MECHSIDE L,48187088,-,125,25,5,65,1,25,0,25,0,0,0,0,75,0,0,70,0,,2026-06-27T00:00:00.000Z,,excel-seed
seed-6-std-150t-49,,,2026-03-13,白,,,6-std-150t,6# STD-150T,MECHSIDE R,48187089,-,125,25,5,65,1,25,0,25,0,0,0,0,75,0,0,70,0,,2026-06-27T00:00:00.000Z,,excel-seed
seed-6-std-150t-50,,,2026-03-14,白,,,6-std-150t,6# STD-150T,MECHSIDE L,48187088,-,216.76,43.35,5,65,1,80,0,15,0,91.76,10,0,15,5,5100,20,0,,2026-06-27T00:00:00.000Z,,excel-seed
seed-6-std-150t-51,,,2026-03-14,白,,,6-std-150t,6# STD-150T,MECHSIDE R,48187089,-,216.76,43.35,5,65,1,80,0,15,0,91.76,10,0,15,5,5100,20,0,,2026-06-27T00:00:00.000Z,,excel-seed
seed-6-std-150t-52,,,2026-03-18,白,,,6-std-150t,6# STD-150T,MECHSIDE L,48187088,-,1089.8,217.96,5,65,1,300,25,75,0,594.8,20,0,75,0,16720,80,0,,2026-06-27T00:00:00.000Z,,excel-seed
seed-6-std-150t-53,,,2026-03-18,白,,,6-std-150t,6# STD-150T,MECHSIDE R,48187089,-,1089.8,217.96,5,65,1,300,25,75,0,594.8,20,0,75,0,16720,80,0,,2026-06-27T00:00:00.000Z,,excel-seed
seed-6-std-150t-54,,,2026-03-19,白,,,6-std-150t,6# STD-150T,MECHSIDE L,48187088,-,877.45,175.49,5,65,1,225,0,320,0,232.45,0,0,100,0,15100,66,0,,2026-06-27T00:00:00.000Z,,excel-seed
seed-6-std-150t-55,,,2026-03-19,白,,,6-std-150t,6# STD-150T,MECHSIDE R,48187089,-,877.45,175.49,5,65,1,225,0,320,0,232.45,0,0,100,0,15100,66,0,,2026-06-27T00:00:00.000Z,,excel-seed
seed-6-std-150t-56,,,2026-03-20,白,,,6-std-150t,6# STD-150T,MECHSIDE L,48187088,-,255,51,5,65,1,25,0,185,0,0,0,0,45,0,0,227,0,,2026-06-27T00:00:00.000Z,,excel-seed
seed-6-std-150t-57,,,2026-03-20,白,,,6-std-150t,6# STD-150T,MECHSIDE R,48187089,-,255,51,5,65,1,25,0,185,0,0,0,0,45,0,0,227,0,,2026-06-27T00:00:00.000Z,,excel-seed
seed-6-std-150t-58,,,2026-03-21,白,,,6-std-150t,6# STD-150T,MECHSIDE L,48187088,-,300,60,5,65,1,40,0,215,0,0,0,0,45,0,0,435,0,,2026-06-27T00:00:00.000Z,,excel-seed
seed-6-std-150t-59,,,2026-03-21,白,,,6-std-150t,6# STD-150T,MECHSIDE R,48187089,-,300,60,5,65,1,40,0,215,0,0,0,0,45,0,0,435,0,,2026-06-27T00:00:00.000Z,,excel-seed
seed-6-std-150t-60,,,2026-03-23,白,,,6-std-150t,6# STD-150T,MECHSIDE L,48187088,-,275,55,5,65,1,25,0,185,0,0,0,0,65,0,0,71,0,,2026-06-27T00:00:00.000Z,,excel-seed
seed-6-std-150t-61,,,2026-03-23,白,,,6-std-150t,6# STD-150T,MECHSIDE R,48187089,-,275,55,5,65,1,25,0,185,0,0,0,0,65,0,0,71,0,,2026-06-27T00:00:00.000Z,,excel-seed
seed-6-std-150t-62,,,2026-03-24,白,,,6-std-150t,6# STD-150T,MECHSIDE L,48187088,-,1535.45,307.09,5,65,1,80,0,130,0,1230.45,20,0,75,0,2430,100,0,,2026-06-27T00:00:00.000Z,,excel-seed
seed-6-std-150t-63,,,2026-03-24,白,,,6-std-150t,6# STD-150T,MECHSIDE R,48187089,-,1535.45,307.09,5,65,1,80,0,130,0,1230.45,20,0,75,0,2430,100,0,,2026-06-27T00:00:00.000Z,,excel-seed
seed-6-std-150t-64,,,2026-03-25,白,,,6-std-150t,6# STD-150T,MECHSIDE L,48187088,-,105,21,5,65,1,25,0,35,0,0,0,0,25,20,0,75,0,,2026-06-27T00:00:00.000Z,,excel-seed
seed-6-std-150t-65,,,2026-03-25,白,,,6-std-150t,6# STD-150T,MECHSIDE R,48187089,-,105,21,5,65,1,25,0,35,0,0,0,0,25,20,0,75,0,,2026-06-27T00:00:00.000Z,,excel-seed
seed-6-std-150t-66,,,2026-03-25,白,,,6-std-150t,6# STD-150T,PLATE,11-658A-3,-,1436.76,287.35,5,50,1,345,30,105,0,896.76,15,0,45,0,7502,2,0,,2026-06-27T00:00:00.000Z,,excel-seed
seed-6-std-150t-67,,,2026-03-26,白,,,6-std-150t,6# STD-150T,PLATE,11-658A-3,-,345.27,69.05,5,50,1,95,10,70,0,150.27,0,0,20,0,3319,0,0,,2026-06-27T00:00:00.000Z,,excel-seed
seed-6-std-150t-68,,,2026-03-26,白,,,6-std-150t,6# STD-150T,DIFFUSER,1185583-AA,-,1763.75,352.75,5,30,1,95,145,95,15,1353.75,0,0,55,5,600,55,0,,2026-06-27T00:00:00.000Z,,excel-seed
seed-6-std-150t-69,,,2026-03-27,白,,,6-std-150t,6# STD-150T,MECHSIDE L,48187088,-,170,34,5,65,1,25,90,0,0,0,0,0,55,0,0,274,0,,2026-06-27T00:00:00.000Z,,excel-seed
seed-6-std-150t-70,,,2026-03-27,白,,,6-std-150t,6# STD-150T,MECHSIDE R,48187089,-,170,34,5,65,1,25,90,0,0,0,0,0,55,0,0,274,0,,2026-06-27T00:00:00.000Z,,excel-seed
seed-6-std-150t-71,,,2026-03-28,白,,,6-std-150t,6# STD-150T,HEAT SHIELD,SB-070B-1 (1/5),-,437.5,87.5,5,40,1,55,35,50,0,247.5,0,0,45,5,800,23,0,,2026-06-27T00:00:00.000Z,,excel-seed
seed-6-std-150t-72,,,2026-03-28,白,,,6-std-150t,6# STD-150T,MECHSIDE L,48187088,-,245,49,5,65,1,25,110,90,0,0,0,0,20,0,0,69,0,,2026-06-27T00:00:00.000Z,,excel-seed
seed-6-std-150t-73,,,2026-03-28,白,,,6-std-150t,6# STD-150T,MECHSIDE R,48187089,-,245,49,5,65,1,25,110,90,0,0,0,0,20,0,0,69,0,,2026-06-27T00:00:00.000Z,,excel-seed
seed-6-std-150t-74,,,2026-03-29,白,,,6-std-150t,6# STD-150T,MECHSIDE L,48187088,-,1286.6,257.32,5,65,1,385,0,90,0,726.6,0,0,55,30,16704,32,0,,2026-06-27T00:00:00.000Z,,excel-seed
seed-6-std-150t-75,,,2026-03-29,白,,,6-std-150t,6# STD-150T,MECHSIDE R,48187089,-,1286.6,257.32,5,65,1,385,0,90,0,726.6,0,0,55,30,16704,32,0,,2026-06-27T00:00:00.000Z,,excel-seed
seed-6-std-150t-76,,,2026-03-30,白,,,6-std-150t,6# STD-150T,MECHSIDE L,48187088,-,1070.55,214.11,5,65,1,200,0,90,0,655.55,10,0,90,25,9023,70,0,,2026-06-27T00:00:00.000Z,,excel-seed
seed-6-std-150t-77,,,2026-03-30,白,,,6-std-150t,6# STD-150T,MECHSIDE R,48187089,-,1070.55,214.11,5,65,1,200,0,90,0,655.55,10,0,90,25,9023,70,0,,2026-06-27T00:00:00.000Z,,excel-seed
seed-6-std-150t-78,,,2026-03-31,白,,,6-std-150t,6# STD-150T,MECHSIDE L,48187088,-,145,29,5,65,1,25,0,100,0,0,0,0,20,0,0,368,0,,2026-06-27T00:00:00.000Z,,excel-seed
seed-6-std-150t-79,,,2026-03-31,白,,,6-std-150t,6# STD-150T,MECHSIDE R,48187089,-,145,29,5,65,1,25,0,100,0,0,0,0,20,0,0,368,0,,2026-06-27T00:00:00.000Z,,excel-seed
seed-6-std-150t-80,,,2026-04-01,白,,,6-std-150t,6# STD-150T,MECHSIDE L,48187088,-,687.41,137.48,5,65,1,45,0,150,0,432.41,0,0,60,0,3044,127,0,,2026-06-27T00:00:00.000Z,,excel-seed
seed-6-std-150t-81,,,2026-04-01,白,,,6-std-150t,6# STD-150T,MECHSIDE R,48187089,-,687.41,137.48,5,65,1,45,0,150,0,432.41,0,0,60,0,3044,127,0,,2026-06-27T00:00:00.000Z,,excel-seed
seed-6-std-150t-82,,,2026-04-02,白,,,6-std-150t,6# STD-150T,MECHSIDE L,48187088,-,115,23,5,65,1,25,0,50,0,0,0,0,40,0,0,92,0,,2026-06-27T00:00:00.000Z,,excel-seed
seed-6-std-150t-83,,,2026-04-02,白,,,6-std-150t,6# STD-150T,MECHSIDE R,48187089,-,115,23,5,65,1,25,0,50,0,0,0,0,40,0,0,92,0,,2026-06-27T00:00:00.000Z,,excel-seed
seed-6-std-150t-84,,,2026-04-03,白,,,6-std-150t,6# STD-150T,MECHSIDE L,48187088,-,1393.22,278.64,5,65,1,450,0,95,0,743.22,15,0,90,0,18694,80,0,,2026-06-27T00:00:00.000Z,,excel-seed
seed-6-std-150t-85,,,2026-04-03,白,,,6-std-150t,6# STD-150T,MECHSIDE R,48187089,-,1393.22,278.64,5,65,1,450,0,95,0,743.22,15,0,90,0,18694,80,0,,2026-06-27T00:00:00.000Z,,excel-seed
seed-6-std-150t-86,,,2026-04-04,白,,,6-std-150t,6# STD-150T,MECHSIDE L,48187088,-,1175.68,235.14,5,65,1,365,0,100,0,595.68,15,0,100,0,18321,80,0,,2026-06-27T00:00:00.000Z,,excel-seed
seed-6-std-150t-87,,,2026-04-04,白,,,6-std-150t,6# STD-150T,MECHSIDE R,48187089,-,1175.68,235.14,5,65,1,365,0,100,0,595.68,15,0,100,0,18321,80,0,,2026-06-27T00:00:00.000Z,,excel-seed
seed-6-std-150t-88,,,2026-04-06,白,,,6-std-150t,6# STD-150T,MECHSIDE L,48187088,-,238.98,47.8,5,65,1,70,0,80,0,58.98,0,0,20,10,5400,12,0,,2026-06-27T00:00:00.000Z,,excel-seed
seed-6-std-150t-89,,,2026-04-06,白,,,6-std-150t,6# STD-150T,MECHSIDE R,48187089,-,238.98,47.8,5,65,1,70,0,80,0,58.98,0,0,20,10,5400,12,0,,2026-06-27T00:00:00.000Z,,excel-seed
seed-6-std-150t-90,,,2026-04-07,白,,,6-std-150t,6# STD-150T,MECHSIDE L,48187088,-,620.02,124,5,65,1,110,45,135,0,290.02,0,0,40,0,6040,40,0,,2026-06-27T00:00:00.000Z,,excel-seed
seed-6-std-150t-91,,,2026-04-07,白,,,6-std-150t,6# STD-150T,MECHSIDE R,48187089,-,620.02,124,5,65,1,110,45,135,0,290.02,0,0,40,0,6040,40,0,,2026-06-27T00:00:00.000Z,,excel-seed
seed-6-std-150t-92,,,2026-04-08,白,,,6-std-150t,6# STD-150T,MECHSIDE L,48187088,-,1482.21,296.44,5,65,1,530,0,25,0,822.21,15,0,90,0,22835,60,0,,2026-06-27T00:00:00.000Z,,excel-seed
seed-6-std-150t-93,,,2026-04-08,白,,,6-std-150t,6# STD-150T,MECHSIDE R,48187089,-,1482.21,296.44,5,65,1,530,0,25,0,822.21,15,0,90,0,22835,60,0,,2026-06-27T00:00:00.000Z,,excel-seed
seed-6-std-150t-94,,,2026-04-20,白,,,6-std-150t,6# STD-150T,MECHSIDE L,48187088,-,1103.05,220.61,5,65,1,190,105,60,0,658.05,0,0,90,0,6944,20,0,,2026-06-27T00:00:00.000Z,,excel-seed
seed-6-std-150t-95,,,2026-04-20,白,,,6-std-150t,6# STD-150T,MECHSIDE R,48187089,-,1103.05,220.61,5,65,1,190,105,60,0,658.05,0,0,90,0,6944,20,0,,2026-06-27T00:00:00.000Z,,excel-seed
seed-6-std-150t-96,,,2026-04-21,白,,,6-std-150t,6# STD-150T,MECHSIDE L,48187088,-,1185.97,237.19,5,65,1,90,0,85,0,920.97,15,0,75,0,3176,200,0,,2026-06-27T00:00:00.000Z,,excel-seed
seed-6-std-150t-97,,,2026-04-21,白,,,6-std-150t,6# STD-150T,MECHSIDE R,48187089,-,1247.86,249.57,5,65,1,90,0,85,0,982.86,15,0,75,0,2976,400,0,,2026-06-27T00:00:00.000Z,,excel-seed
seed-6-std-150t-98,,,2026-04-22,白,,,6-std-150t,6# STD-150T,MECHSIDE L,48187088,-,473.31,94.66,5,65,1,165,0,55,0,228.31,0,0,20,5,7751,10,0,,2026-06-27T00:00:00.000Z,,excel-seed
seed-6-std-150t-99,,,2026-04-22,白,,,6-std-150t,6# STD-150T,MECHSIDE R,48187089,-,473.31,94.66,5,65,1,165,0,55,0,228.31,0,0,20,5,7751,10,0,,2026-06-27T00:00:00.000Z,,excel-seed
seed-6-std-150t-100,,,2026-04-23,白,,,6-std-150t,6# STD-150T,MECHSIDE L,48187088,-,1312.41,262.48,5,65,1,465,0,70,0,692.41,15,0,70,0,22699,30,0,,2026-06-27T00:00:00.000Z,,excel-seed
seed-6-std-150t-101,,,2026-04-23,白,,,6-std-150t,6# STD-150T,MECHSIDE R,48187089,-,1313.94,262.79,5,65,1,465,0,70,0,693.94,15,0,70,0,22649,80,0,,2026-06-27T00:00:00.000Z,,excel-seed
seed-6-std-150t-102,,,2026-04-25,白,,,6-std-150t,6# STD-150T,MECHSIDE L,48187088,-,582.89,116.58,5,65,1,50,0,50,0,397.89,0,0,30,55,2818,30,0,,2026-06-27T00:00:00.000Z,,excel-seed
seed-6-std-150t-103,,,2026-04-25,白,,,6-std-150t,6# STD-150T,MECHSIDE R,48187089,-,582.89,116.58,5,65,1,50,0,50,0,397.89,0,0,30,55,2818,30,0,,2026-06-27T00:00:00.000Z,,excel-seed
seed-6-std-150t-104,,,2026-04-27,白,,,6-std-150t,6# STD-150T,ORIFICE PLATE,TH-496A-2,-,1287.32,257.46,5,50,1,435,0,75,0,627.32,0,0,65,85,15082,30,0,,2026-06-27T00:00:00.000Z,,excel-seed
seed-6-std-150t-105,,,2026-04-27,夜,,,6-std-150t,6# STD-150T,ORIFICE PLATE,TH-496A-2,-,234.33,46.87,5,50,1,75,0,5,0,114.33,0,0,10,30,2460,0,0,,2026-06-27T00:00:00.000Z,,excel-seed
seed-6-std-150t-106,,,2026-05-04,白,,,6-std-150t,6# STD-150T,MECHSIDE L,48187088,-,635.87,127.17,5,65,1,110,0,120,0,385.87,0,0,20,0,6300,6,0,,2026-06-27T00:00:00.000Z,,excel-seed
seed-6-std-150t-107,,,2026-05-04,白,,,6-std-150t,6# STD-150T,MECHSIDE R,48187089,-,635.87,127.17,5,65,1,110,0,120,0,385.87,0,0,20,0,6300,6,0,,2026-06-27T00:00:00.000Z,,excel-seed
seed-6-std-150t-108,,,2026-05-06,白,,,6-std-150t,6# STD-150T,MECHSIDE L,48187088,-,270,54,5,65,1,25,0,235,0,0,0,0,10,0,0,208,0,,2026-06-27T00:00:00.000Z,,excel-seed
seed-6-std-150t-109,,,2026-05-06,白,,,6-std-150t,6# STD-150T,MECHSIDE R,48187089,-,270,54,5,65,1,25,0,235,0,0,0,0,10,0,0,208,0,,2026-06-27T00:00:00.000Z,,excel-seed
seed-6-std-150t-110,,,2026-05-07,白,,,6-std-150t,6# STD-150T,MECHSIDE L,48187088,-,145,29,5,65,1,25,0,80,0,0,0,0,10,30,0,20,0,,2026-06-27T00:00:00.000Z,,excel-seed
seed-6-std-150t-111,,,2026-05-07,白,,,6-std-150t,6# STD-150T,MECHSIDE R,48187089,-,145,29,5,65,1,25,0,80,0,0,0,0,10,30,0,20,0,,2026-06-27T00:00:00.000Z,,excel-seed
seed-6-std-150t-112,,,2026-05-07,白,,,6-std-150t,6# STD-150T,HEAT SHIELD,SB-070C-1 (1/5),-,1064.16,212.83,5,40,1,235,35,45,0,644.16,0,0,40,65,3940,40,0,,2026-06-27T00:00:00.000Z,,excel-seed
seed-6-std-150t-113,,,2026-05-08,白,,,6-std-150t,6# STD-150T,HEAT SHIELD,SB-070C-1 (1/5),-,422.74,84.55,5,40,1,120,10,55,0,227.74,0,0,10,0,2740,0,0,,2026-06-27T00:00:00.000Z,,excel-seed
seed-6-std-150t-114,,,2026-05-08,白,,,6-std-150t,6# STD-150T,MECHSIDE L,48187088,-,294.31,58.86,5,65,1,30,55,55,0,114.31,0,0,40,0,1450,20,0,,2026-06-27T00:00:00.000Z,,excel-seed
seed-6-std-150t-115,,,2026-05-08,白,,,6-std-150t,6# STD-150T,MECHSIDE R,48187089,-,294.31,58.86,5,65,1,30,55,55,0,114.31,0,0,40,0,1450,20,0,,2026-06-27T00:00:00.000Z,,excel-seed
seed-6-std-150t-116,,,2026-05-08,夜,,,6-std-150t,6# STD-150T,MECHSIDE L,48187088,-,335,67,5,65,1,25,0,280,0,0,0,0,30,0,0,344,0,,2026-06-27T00:00:00.000Z,,excel-seed
seed-6-std-150t-117,,,2026-05-08,夜,,,6-std-150t,6# STD-150T,MECHSIDE R,48187089,-,1716.25,343.25,5,65,1,25,0,280,0,1381.25,0,0,30,0,200,144,0,,2026-06-27T00:00:00.000Z,,excel-seed
seed-6-std-150t-118,,,2026-05-09,白,,,6-std-150t,6# STD-150T,MECHSIDE L,48187088,-,1254.86,250.97,5,65,1,480,0,90,0,594.86,10,0,80,0,25700,15,0,,2026-06-27T00:00:00.000Z,,excel-seed
seed-6-std-150t-119,,,2026-05-09,白,,,6-std-150t,6# STD-150T,MECHSIDE R,48187089,-,1254.86,250.97,5,65,1,480,0,90,0,594.86,10,0,80,0,25700,15,0,,2026-06-27T00:00:00.000Z,,excel-seed
seed-6-std-150t-120,,,2026-05-09,夜,,,6-std-150t,6# STD-150T,MECHSIDE L,48187088,-,1190.86,238.17,5,65,1,405,0,10,0,730.86,15,0,30,0,15128,40,0,,2026-06-27T00:00:00.000Z,,excel-seed
seed-6-std-150t-121,,,2026-05-09,夜,,,6-std-150t,6# STD-150T,MECHSIDE R,48187089,-,1190.86,238.17,5,65,1,405,0,10,0,730.86,15,0,30,0,15128,40,0,,2026-06-27T00:00:00.000Z,,excel-seed
seed-6-std-150t-122,,,2026-05-11,白,,,6-std-150t,6# STD-150T,MECHSIDE L,48187088,-,861.44,172.29,5,65,1,130,0,205,0,451.44,10,0,65,0,7300,47,0,,2026-06-27T00:00:00.000Z,,excel-seed
seed-6-std-150t-123,,,2026-05-11,白,,,6-std-150t,6# STD-150T,MECHSIDE R,48187089,-,861.44,172.29,5,65,1,130,0,205,0,451.44,10,0,65,0,7300,47,0,,2026-06-27T00:00:00.000Z,,excel-seed
seed-6-std-150t-124,,,2026-05-12,白,,,6-std-150t,6# STD-150T,MECHSIDE L,48187088,-,210,42,5,65,1,25,0,165,0,0,0,0,20,0,0,160,0,,2026-06-27T00:00:00.000Z,,excel-seed
seed-6-std-150t-125,,,2026-05-12,白,,,6-std-150t,6# STD-150T,MECHSIDE R,48187089,-,210,42,5,65,1,25,0,165,0,0,0,0,20,0,0,160,0,,2026-06-27T00:00:00.000Z,,excel-seed
seed-6-std-150t-126,,,2026-05-13,白,,,6-std-150t,6# STD-150T,MECHSIDE L,48187088,-,200,40,5,65,1,25,0,145,0,0,0,0,30,0,0,152,0,,2026-06-27T00:00:00.000Z,,excel-seed
seed-6-std-150t-127,,,2026-05-13,白,,,6-std-150t,6# STD-150T,MECHSIDE R,48187089,-,200,40,5,65,1,25,0,145,0,0,0,0,30,0,0,152,0,,2026-06-27T00:00:00.000Z,,excel-seed
seed-6-std-150t-128,,,2026-05-14,白,,,6-std-150t,6# STD-150T,PLATE,11-658A-3,-,746.82,149.36,5,50,1,180,65,120,0,326.82,15,0,40,0,7160,7,0,,2026-06-27T00:00:00.000Z,,excel-seed
seed-6-std-150t-129,,,2026-05-15,白,,,6-std-150t,6# STD-150T,PLATE,11-658A-3,-,879.21,175.84,5,50,1,225,0,145,0,399.21,30,0,80,0,7186,6,0,,2026-06-27T00:00:00.000Z,,excel-seed
seed-6-std-150t-130,,,2026-05-20,白,,,6-std-150t,6# STD-150T,"SHIELD, ASSY, RESOLVER",3507-2027,-,262.5,52.5,5,50,1,30,65,10,0,142.5,0,0,5,10,1000,5,0,,2026-06-27T00:00:00.000Z,,excel-seed
seed-6-std-150t-131,,,2026-05-20,白,,,6-std-150t,6# STD-150T,PLATE,11-658A-3,-,651.29,130.26,5,50,1,90,90,55,0,351.29,20,0,45,0,2562,30,0,,2026-06-27T00:00:00.000Z,,excel-seed
seed-6-std-150t-132,,,2026-05-20,夜,,,6-std-150t,6# STD-150T,PLATE,11-658A-3,-,1708.7,341.74,5,50,1,380,0,130,0,1048.7,45,0,50,55,7700,85,0,,2026-06-27T00:00:00.000Z,,excel-seed
seed-6-std-150t-133,,,2026-05-21,白,,,6-std-150t,6# STD-150T,PLATE,11-658A-3,-,691.24,138.25,5,50,1,185,0,50,0,386.24,30,0,35,5,5149,40,0,,2026-06-27T00:00:00.000Z,,excel-seed
seed-6-std-150t-134,,,2026-05-21,白,,,6-std-150t,6# STD-150T,MECHSIDE L,48187088,-,175,35,5,65,1,25,50,90,0,0,0,0,10,0,0,41,0,,2026-06-27T00:00:00.000Z,,excel-seed
seed-6-std-150t-135,,,2026-05-21,白,,,6-std-150t,6# STD-150T,MECHSIDE R,48187089,-,175,35,5,65,1,25,50,90,0,0,0,0,10,0,0,41,0,,2026-06-27T00:00:00.000Z,,excel-seed
seed-6-std-150t-136,,,2026-05-22,白,,,6-std-150t,6# STD-150T,MECHSIDE L,48187088,-,842.58,168.52,5,65,1,155,0,325,0,252.58,0,0,90,20,8975,30,0,,2026-06-27T00:00:00.000Z,,excel-seed
seed-6-std-150t-137,,,2026-05-22,白,,,6-std-150t,6# STD-150T,MECHSIDE R,48187089,-,842.58,168.52,5,65,1,155,0,325,0,252.58,0,0,90,20,8975,30,0,,2026-06-27T00:00:00.000Z,,excel-seed
seed-6-std-150t-138,,,2026-05-22,夜,,,6-std-150t,6# STD-150T,MECHSIDE L,48187088,-,365.65,73.13,5,65,1,125,0,30,0,190.65,0,0,20,0,7245,20,0,,2026-06-27T00:00:00.000Z,,excel-seed
seed-6-std-150t-139,,,2026-05-22,夜,,,6-std-150t,6# STD-150T,MECHSIDE R,48187089,-,365.65,73.13,5,65,1,125,0,30,0,190.65,0,0,20,0,7245,20,0,,2026-06-27T00:00:00.000Z,,excel-seed
seed-6-std-150t-140,,,2026-05-23,白,,,6-std-150t,6# STD-150T,TIE BAR 0088,1189792,-,1798.56,359.71,5,50,2,120,120,95,0,1438.56,0,0,20,5,2002,30,0,,2026-06-27T00:00:00.000Z,,excel-seed
seed-6-std-150t-141,,,2026-05-27,白,,,6-std-150t,6# STD-150T,MECHSIDE L,48187088,-,499.63,99.93,5,65,1,35,50,50,0,319.63,0,0,45,0,605,20,0,,2026-06-27T00:00:00.000Z,,excel-seed
seed-6-std-150t-142,,,2026-05-27,白,,,6-std-150t,6# STD-150T,MECHSIDE R,48187089,-,499.63,99.93,5,65,1,35,50,50,0,319.63,0,0,45,0,605,20,0,,2026-06-27T00:00:00.000Z,,excel-seed
seed-6-std-150t-143,,,2026-05-28,白,,,6-std-150t,6# STD-150T,MECHSIDE L,48187088,-,160,32,5,65,1,25,0,90,0,0,0,0,45,0,0,120,0,,2026-06-27T00:00:00.000Z,,excel-seed
seed-6-std-150t-144,,,2026-05-28,白,,,6-std-150t,6# STD-150T,MECHSIDE R,48187089,-,160,32,5,65,1,25,0,90,0,0,0,0,45,0,0,120,0,,2026-06-27T00:00:00.000Z,,excel-seed
seed-6-std-150t-145,,,2026-05-30,白,,,6-std-150t,6# STD-150T,MECHSIDE L,48187088,-,270,54,5,65,1,25,140,90,0,0,0,0,15,0,0,114,0,,2026-06-27T00:00:00.000Z,,excel-seed
seed-6-std-150t-146,,,2026-05-30,白,,,6-std-150t,6# STD-150T,MECHSIDE R,48187089,-,270,54,5,65,1,25,140,90,0,0,0,0,15,0,0,114,0,,2026-06-27T00:00:00.000Z,,excel-seed
seed-6-std-150t-147,,,2026-06-08,白,,,6-std-150t,6# STD-150T,MECHSIDE L,48187088,-,455,91,5,65,1,25,50,265,0,0,0,0,55,60,0,158,0,,2026-06-27T00:00:00.000Z,,excel-seed
seed-6-std-150t-148,,,2026-06-08,白,,,6-std-150t,6# STD-150T,MECHSIDE R,48187089,-,455,91,5,65,1,25,50,265,0,0,0,0,55,60,0,158,0,,2026-06-27T00:00:00.000Z,,excel-seed
seed-6-std-150t-149,,,2026-06-09,白,,,6-std-150t,6# STD-150T,MECHSIDE L,48187088,-,994.52,198.9,5,65,1,180,0,190,0,549.52,0,0,75,0,8410,50,0,,2026-06-27T00:00:00.000Z,,excel-seed
seed-6-std-150t-150,,,2026-06-09,白,,,6-std-150t,6# STD-150T,MECHSIDE R,48187089,-,994.52,198.9,5,65,1,180,0,190,0,549.52,0,0,75,0,8410,50,0,,2026-06-27T00:00:00.000Z,,excel-seed
seed-6-std-150t-151,,,2026-06-10,白,,,6-std-150t,6# STD-150T,MECHSIDE L,48187088,-,1225.36,245.07,5,65,1,450,0,100,0,580.36,15,0,80,0,24192,10,0,,2026-06-27T00:00:00.000Z,,excel-seed
seed-6-std-150t-152,,,2026-06-10,白,,,6-std-150t,6# STD-150T,MECHSIDE R,48187089,-,1225.36,245.07,5,65,1,450,0,100,0,580.36,15,0,80,0,24192,10,0,,2026-06-27T00:00:00.000Z,,excel-seed
seed-6-std-150t-153,,,2026-06-10,夜,,,6-std-150t,6# STD-150T,MECHSIDE L,48187088,-,1642.78,328.56,5,65,1,25,0,40,0,1552.78,15,0,10,0,450,7,0,,2026-06-27T00:00:00.000Z,,excel-seed
seed-6-std-150t-154,,,2026-06-10,夜,,,6-std-150t,6# STD-150T,MECHSIDE R,48187089,-,1642.78,328.56,5,65,1,25,0,40,0,1552.78,15,0,10,0,450,7,0,,2026-06-27T00:00:00.000Z,,excel-seed
seed-6-std-150t-155,,,2026-06-12,白,,,6-std-150t,6# STD-150T,HEAT SHIELD,SB-070C-1 (1/5),-,897.22,179.44,5,40,1,270,5,30,0,537.22,15,0,40,0,5830,20,0,,2026-06-27T00:00:00.000Z,,excel-seed
seed-6-std-150t-156,,,2026-06-12,白,,,6-std-150t,6# STD-150T,MECHSIDE L,48187088,-,105,21,5,65,1,25,0,80,0,0,0,0,0,0,0,42,0,,2026-06-27T00:00:00.000Z,,excel-seed
seed-6-std-150t-157,,,2026-06-12,白,,,6-std-150t,6# STD-150T,MECHSIDE R,48187089,-,105,21,5,65,1,25,0,80,0,0,0,0,0,0,0,42,0,,2026-06-27T00:00:00.000Z,,excel-seed
seed-6-std-150t-158,,,2026-06-13,白,,,6-std-150t,6# STD-150T,MECHSIDE L,48187088,-,135,27,5,65,1,25,0,55,0,0,0,0,55,0,0,68,0,,2026-06-27T00:00:00.000Z,,excel-seed
seed-6-std-150t-159,,,2026-06-13,白,,,6-std-150t,6# STD-150T,MECHSIDE R,48187089,-,135,27,5,65,1,25,0,55,0,0,0,0,55,0,0,68,0,,2026-06-27T00:00:00.000Z,,excel-seed
seed-6-std-150t-160,,,2026-06-15,白,,,6-std-150t,6# STD-150T,MECHSIDE L,48187088,-,305,61,5,65,1,25,0,215,0,0,0,0,65,0,0,244,0,,2026-06-27T00:00:00.000Z,,excel-seed
seed-6-std-150t-161,,,2026-06-15,白,,,6-std-150t,6# STD-150T,MECHSIDE R,48187089,-,305,61,5,65,1,25,0,215,0,0,0,0,65,0,0,244,0,,2026-06-27T00:00:00.000Z,,excel-seed
seed-6-std-150t-162,,,2026-06-16,白,,,6-std-150t,6# STD-150T,MECHSIDE L,48187088,-,2377.14,475.43,5,65,1,340,0,95,0,1857.14,0,0,85,0,5712,90,0,,2026-06-27T00:00:00.000Z,,excel-seed
seed-6-std-150t-163,,,2026-06-16,白,,,6-std-150t,6# STD-150T,MECHSIDE R,48187089,-,2377.14,475.43,5,65,1,340,0,95,0,1857.14,0,0,85,0,5712,90,0,,2026-06-27T00:00:00.000Z,,excel-seed
seed-6-std-150t-164,,,2026-06-17,白,,,6-std-150t,6# STD-150T,MECHSIDE L,48187088,-,90,18,5,65,1,25,0,0,0,0,0,0,65,0,0,108,0,,2026-06-27T00:00:00.000Z,,excel-seed
seed-6-std-150t-165,,,2026-06-17,白,,,6-std-150t,6# STD-150T,MECHSIDE R,48187089,-,90,18,5,65,1,25,0,0,0,0,0,0,65,0,0,108,0,,2026-06-27T00:00:00.000Z,,excel-seed
seed-6-std-150t-166,,,2026-06-18,白,,,6-std-150t,6# STD-150T,MECHSIDE L,48187088,-,320,64,5,65,1,25,0,225,0,0,0,0,70,0,0,553,0,,2026-06-27T00:00:00.000Z,,excel-seed
seed-6-std-150t-167,,,2026-06-18,白,,,6-std-150t,6# STD-150T,MECHSIDE R,48187089,-,320,64,5,65,1,25,0,225,0,0,0,0,70,0,0,553,0,,2026-06-27T00:00:00.000Z,,excel-seed
seed-6-std-150t-168,,,2026-06-19,白,,,6-std-150t,6# STD-150T,MECHSIDE L,48187088,-,165,33,5,65,1,25,0,135,0,0,0,0,5,0,0,112,0,,2026-06-27T00:00:00.000Z,,excel-seed
seed-6-std-150t-169,,,2026-06-19,白,,,6-std-150t,6# STD-150T,MECHSIDE R,48187089,-,165,33,5,65,1,25,0,135,0,0,0,0,5,0,0,112,0,,2026-06-27T00:00:00.000Z,,excel-seed
seed-6-std-150t-170,,,2026-06-20,白,,,6-std-150t,6# STD-150T,MECHSIDE L,48187088,-,879.82,175.96,5,65,1,140,0,360,0,304.82,0,0,75,0,6717,200,0,,2026-06-27T00:00:00.000Z,,excel-seed
seed-6-std-150t-171,,,2026-06-20,白,,,6-std-150t,6# STD-150T,MECHSIDE R,48187089,-,879.82,175.96,5,65,1,140,0,360,0,304.82,0,0,75,0,6717,200,0,,2026-06-27T00:00:00.000Z,,excel-seed
seed-6-std-150t-172,,,2026-06-21,白,,,6-std-150t,6# STD-150T,MECHSIDE L,48187088,-,940.93,188.19,5,65,1,110,0,285,0,450.93,5,0,50,40,4519,450,0,,2026-06-27T00:00:00.000Z,,excel-seed
seed-6-std-150t-173,,,2026-06-21,白,,,6-std-150t,6# STD-150T,MECHSIDE R,48187089,-,940.93,188.19,5,65,1,110,0,285,0,450.93,5,0,50,40,4519,450,0,,2026-06-27T00:00:00.000Z,,excel-seed
seed-6-std-150t-174,,,2026-06-21,夜,,,6-std-150t,6# STD-150T,MECHSIDE L,48187088,-,1402.87,280.57,5,65,1,305,0,260,0,767.87,0,0,70,0,8520,20,0,,2026-06-27T00:00:00.000Z,,excel-seed
seed-6-std-150t-175,,,2026-06-21,夜,,,6-std-150t,6# STD-150T,MECHSIDE R,48187089,-,1402.87,280.57,5,65,1,305,0,260,0,767.87,0,0,70,0,8520,20,0,,2026-06-27T00:00:00.000Z,,excel-seed
seed-6-std-150t-176,,,2026-06-22,白,,,6-std-150t,6# STD-150T,MECHSIDE L,48187088,-,1207.31,241.46,5,65,1,435,0,80,0,587.31,15,0,90,0,23590,200,0,,2026-06-27T00:00:00.000Z,,excel-seed
seed-6-std-150t-177,,,2026-06-22,白,,,6-std-150t,6# STD-150T,MECHSIDE R,48187089,-,1207.31,241.46,5,65,1,435,0,80,0,587.31,15,0,90,0,23590,200,0,,2026-06-27T00:00:00.000Z,,excel-seed
seed-6-std-150t-178,,,2026-06-22,夜,,,6-std-150t,6# STD-150T,MECHSIDE L,48187088,-,795.91,159.18,5,65,1,25,0,140,0,590.91,0,0,40,0,1320,200,0,,2026-06-27T00:00:00.000Z,,excel-seed
seed-6-std-150t-179,,,2026-06-22,夜,,,6-std-150t,6# STD-150T,MECHSIDE R,48187089,-,795.91,159.18,5,65,1,25,0,140,0,590.91,0,0,40,0,1320,200,0,,2026-06-27T00:00:00.000Z,,excel-seed
seed-6-std-150t-180,,,2026-06-23,白,,,6-std-150t,6# STD-150T,MECHSIDE L,48187088,-,1780.91,356.18,5,65,1,530,0,95,0,1120.91,0,0,35,0,16289,140,0,,2026-06-27T00:00:00.000Z,,excel-seed
seed-6-std-150t-181,,,2026-06-23,白,,,6-std-150t,6# STD-150T,MECHSIDE R,48187089,-,1780.91,356.18,5,65,1,530,0,95,0,1120.91,0,0,35,0,16289,140,0,,2026-06-27T00:00:00.000Z,,excel-seed
seed-6-std-150t-182,,,2026-06-25,白,,,6-std-150t,6# STD-150T,MECHSIDE L,48187088,-,766.34,153.27,5,65,1,40,0,305,0,346.34,0,0,75,0,2102,52,0,,2026-06-27T00:00:00.000Z,,excel-seed
seed-6-std-150t-183,,,2026-06-25,白,,,6-std-150t,6# STD-150T,MECHSIDE R,48187089,-,766.34,153.27,5,65,1,40,0,305,0,346.34,0,0,75,0,2102,52,0,,2026-06-27T00:00:00.000Z,,excel-seed
seed-6-std-150t-184,,,2026-06-26,白,,,6-std-150t,6# STD-150T,MECHSIDE L,48187088,-,692.77,138.55,5,65,1,220,0,155,0,277.77,0,0,40,0,14672,40,0,,2026-06-27T00:00:00.000Z,,excel-seed
seed-6-std-150t-185,,,2026-06-26,白,,,6-std-150t,6# STD-150T,MECHSIDE R,48187089,-,692.77,138.55,5,65,1,220,0,155,0,277.77,0,0,40,0,14672,40,0,,2026-06-27T00:00:00.000Z,,excel-seed
seed-6-std-150t-186,,,2026-06-26,夜,,,6-std-150t,6# STD-150T,MECHSIDE L,48187088,-,1127.19,225.44,5,65,1,330,0,35,0,467.19,15,0,75,205,15840,60,0,,2026-06-27T00:00:00.000Z,,excel-seed
seed-6-std-150t-187,,,2026-06-26,夜,,,6-std-150t,6# STD-150T,MECHSIDE R,48187089,-,1127.19,225.44,5,65,1,330,0,35,0,467.19,15,0,75,205,15840,60,0,,2026-06-27T00:00:00.000Z,,excel-seed
seed-7-gtx-300t-1,,,2026-01-05,白,,,7-gtx-300t,7# GTX-300T,UPPER PLATE,TM-755A-1,-,1393.11,278.62,5,30,1,440,0,60,0,758.11,45,0,90,0,8880,9,0,,2026-06-27T00:00:00.000Z,,excel-seed
seed-7-gtx-300t-2,,,2026-01-06,白,,,7-gtx-300t,7# GTX-300T,UPPER PLATE,TM-755A-1,-,1370.44,274.09,5,30,1,480,0,65,0,710.44,40,0,75,0,10540,9,0,,2026-06-27T00:00:00.000Z,,excel-seed
seed-7-gtx-300t-3,,,2026-01-07,白,,,7-gtx-300t,7# GTX-300T,UPPER PLATE,TM-755A-1,-,667.3,133.46,5,30,1,200,0,40,0,307.3,0,0,25,95,3905,3,0,,2026-06-27T00:00:00.000Z,,excel-seed
seed-7-gtx-300t-4,,,2026-01-07,白,,,7-gtx-300t,7# GTX-300T,"SHIELD, RESOLVER STATOR",3605-2367,-,799.03,159.81,5,20,2,145,25,135,0,449.03,0,0,45,0,3100,0,0,,2026-06-27T00:00:00.000Z,,excel-seed
seed-7-gtx-300t-5,,,2026-01-09,白,,,7-gtx-300t,7# GTX-300T,RETAINER RING ASSEMBLY,5036755-AA,-,465,93,5,20,1,75,0,45,0,225,0,0,0,120,500,0,0,,2026-06-27T00:00:00.000Z,,excel-seed
seed-7-gtx-300t-6,,,2026-01-10,白,,,7-gtx-300t,7# GTX-300T,UPPER PLATE,TM-755A-1,-,1405.08,281.02,5,30,1,445,0,55,0,745.08,40,0,70,50,8690,0,0,,2026-06-27T00:00:00.000Z,,excel-seed
seed-7-gtx-300t-7,,,2026-01-10,白,,,7-gtx-300t,7# GTX-300T,REAR SUSPENSION LIMITER,10378575,-,373.38,74.68,5,20,1,145,10,25,0,133.38,0,0,0,60,3370,3,0,,2026-06-27T00:00:00.000Z,,excel-seed
seed-7-gtx-300t-8,,,2026-01-11,白,,,7-gtx-300t,7# GTX-300T,LOWER SHEET METAL-L,10383173,-,1785.5,357.1,5,20,1,375,170,35,0,1125.5,20,0,40,20,3765,6,0,,2026-06-27T00:00:00.000Z,,excel-seed
seed-7-gtx-300t-9,,,2026-01-12,白,,,7-gtx-300t,7# GTX-300T,UPPER HOUSING,10383172,2/2,9740,1948,5,20,1,640,60,20,0,8960,0,0,60,0,1000,0,0,,2026-06-27T00:00:00.000Z,,excel-seed
seed-7-gtx-300t-10,,,2026-01-12,夜,,,7-gtx-300t,7# GTX-300T,UPPER PLATE,TM-755A-1,-,1266.63,253.33,5,30,1,385,40,95,0,606.63,30,0,50,60,8663,12,0,,2026-06-27T00:00:00.000Z,,excel-seed
seed-7-gtx-300t-11,,,2026-01-13,白,,,7-gtx-300t,7# GTX-300T,UPPER HOUSING,10383172,2/2,5587.22,1117.44,5,20,1,395,65,80,0,5047.22,0,0,0,0,720,0,0,,2026-06-27T00:00:00.000Z,,excel-seed
seed-7-gtx-300t-12,,,2026-01-13,夜,,,7-gtx-300t,7# GTX-300T,UPPER PLATE,TM-755A-1,-,989.11,197.82,5,30,1,370,10,75,0,499.11,25,0,10,0,9007,9,0,,2026-06-27T00:00:00.000Z,,excel-seed
seed-7-gtx-300t-13,,,2026-01-14,白,,,7-gtx-300t,7# GTX-300T,LOWER SHEET METAL-R,10383180,-,1067.84,213.57,5,25,1,290,25,30,0,587.84,15,0,25,95,4070,6,0,,2026-06-27T00:00:00.000Z,,excel-seed
seed-7-gtx-300t-14,,,2026-01-14,白,,,7-gtx-300t,7# GTX-300T,LOWER SHEET METAL-L,10383173,-,308.71,61.74,5,20,1,50,0,20,0,128.71,15,0,35,60,505,3,0,,2026-06-27T00:00:00.000Z,,excel-seed
seed-7-gtx-300t-15,,,2026-01-14,白,,,7-gtx-300t,7# GTX-300T,UPPER HOUSING,10383172,2/2,1750,350,5,20,1,175,40,25,0,1505,0,0,0,5,500,0,0,,2026-06-27T00:00:00.000Z,,excel-seed
seed-7-gtx-300t-16,,,2026-01-14,夜,,,7-gtx-300t,7# GTX-300T,UPPER PLATE,TM-755A-1,-,1009.88,201.98,5,30,1,335,20,35,0,599.88,10,0,10,0,6115,6,0,,2026-06-27T00:00:00.000Z,,excel-seed
seed-7-gtx-300t-17,,,2026-01-15,白,,,7-gtx-300t,7# GTX-300T,UPPER HOUSING,10383172,2/2,3200,640,5,20,1,460,60,25,0,2600,0,0,55,0,1840,0,0,,2026-06-27T00:00:00.000Z,,excel-seed
seed-7-gtx-300t-18,,,2026-01-15,白,,,7-gtx-300t,7# GTX-300T,UPPER HOUSING,10383179,2/2,3200,640,5,20,1,210,60,20,0,2835,0,0,0,75,400,0,0,,2026-06-27T00:00:00.000Z,,excel-seed
seed-7-gtx-300t-19,,,2026-01-15,夜,,,7-gtx-300t,7# GTX-300T,UPPER PLATE,TM-755A-1,-,1126.33,225.27,5,30,1,410,15,45,0,626.33,20,0,10,0,8739,9,0,,2026-06-27T00:00:00.000Z,,excel-seed
seed-7-gtx-300t-20,,,2026-01-16,白,,,7-gtx-300t,7# GTX-300T,UPPER HOUSING,10383179,2/2,4780,956,5,20,1,680,25,10,0,3995,0,0,60,10,2400,0,0,,2026-06-27T00:00:00.000Z,,excel-seed
seed-7-gtx-300t-21,,,2026-01-16,夜,,,7-gtx-300t,7# GTX-300T,UPPER PLATE,TM-755A-1,-,1095.56,219.11,5,30,1,355,20,90,0,575.56,30,0,0,25,7494,0,0,,2026-06-27T00:00:00.000Z,,excel-seed
seed-7-gtx-300t-22,,,2026-01-17,白,,,7-gtx-300t,7# GTX-300T,UPPER PLATE,TM-755A-1,-,2016.37,403.27,5,30,1,610,0,80,0,1231.37,40,0,55,0,9660,9,0,,2026-06-27T00:00:00.000Z,,excel-seed
seed-7-gtx-300t-23,,,2026-01-17,夜,,,7-gtx-300t,7# GTX-300T,UPPER PLATE,TM-755A-1,-,1132.5,226.5,5,30,1,400,0,35,0,652.5,35,0,10,0,8000,9,0,,2026-06-27T00:00:00.000Z,,excel-seed
seed-7-gtx-300t-24,,,2026-01-19,白,,,7-gtx-300t,7# GTX-300T,UPPER PLATE,TM-755A-1,-,1247.18,249.44,5,30,1,405,0,70,0,587.18,30,0,80,75,9001,6,0,,2026-06-27T00:00:00.000Z,,excel-seed
seed-7-gtx-300t-25,,,2026-01-19,夜,,,7-gtx-300t,7# GTX-300T,UPPER PLATE,TM-755A-1,-,1388.18,277.64,5,30,1,445,0,105,0,728.18,35,0,75,0,8800,12,0,,2026-06-27T00:00:00.000Z,,excel-seed
seed-7-gtx-300t-26,,,2026-01-20,白,,,7-gtx-300t,7# GTX-300T,UPPER PLATE,TM-755A-1,-,955.2,191.04,5,30,1,130,0,225,0,515.2,15,0,70,0,2763,5,0,,2026-06-27T00:00:00.000Z,,excel-seed
seed-7-gtx-300t-27,,,2026-01-20,夜,,,7-gtx-300t,7# GTX-300T,UPPER PLATE,TM-755A-1,-,542.51,108.5,5,30,1,80,0,70,0,107.51,20,0,110,155,3237,6,0,,2026-06-27T00:00:00.000Z,,excel-seed
seed-7-gtx-300t-28,,,2026-01-21,白,,,7-gtx-300t,7# GTX-300T,CG BRACKET RH,2567476-AB,-,1102.7,220.54,5,25,1,335,0,155,0,557.7,15,0,40,0,5256,3,0,,2026-06-27T00:00:00.000Z,,excel-seed
seed-7-gtx-300t-29,,,2026-01-22,白,,,7-gtx-300t,7# GTX-300T,CG BRACKET RH,2567476-AB,-,1793.52,358.7,5,25,1,345,0,145,0,1218.52,30,0,55,0,3256,3,0,,2026-06-27T00:00:00.000Z,,excel-seed
seed-7-gtx-300t-30,,,2026-01-22,夜,,,7-gtx-300t,7# GTX-300T,UPPER PLATE,TM-755A-1,-,1162.87,232.57,5,30,1,380,25,65,0,622.87,25,0,45,0,7870,6,0,,2026-06-27T00:00:00.000Z,,excel-seed
seed-7-gtx-300t-31,,,2026-01-23,白,,,7-gtx-300t,7# GTX-300T,UPPER PLATE,TM-755A-1,-,1737.71,347.54,5,30,1,295,0,85,0,1267.71,25,0,65,0,4433,6,0,,2026-06-27T00:00:00.000Z,,excel-seed
seed-7-gtx-300t-32,,,2026-01-23,夜,,,7-gtx-300t,7# GTX-300T,UPPER PLATE,TM-755A-1,-,1571.78,314.36,5,30,1,365,0,75,0,911.78,55,0,45,120,5044,8,0,,2026-06-27T00:00:00.000Z,,excel-seed
seed-7-gtx-300t-33,,,2026-01-24,白,,,7-gtx-300t,7# GTX-300T,UPPER PLATE,TM-755A-1,-,1022.97,204.59,5,30,1,270,0,80,0,537.97,30,0,15,90,4517,6,0,,2026-06-27T00:00:00.000Z,,excel-seed
seed-7-gtx-300t-34,,,2026-01-24,白,,,7-gtx-300t,7# GTX-300T,LOWER BASE,SB-042B-2-2-1,-,386.42,77.28,5,30,1,130,15,15,0,181.42,0,0,45,0,3117,0,0,,2026-06-27T00:00:00.000Z,,excel-seed
seed-7-gtx-300t-35,,,2026-01-24,夜,,,7-gtx-300t,7# GTX-300T,LOWER BASE,SB-042B-2-2-1,-,629.23,125.85,5,30,1,200,0,35,0,389.23,0,0,0,5,3083,0,0,,2026-06-27T00:00:00.000Z,,excel-seed
seed-7-gtx-300t-36,,,2026-01-26,白,,,7-gtx-300t,7# GTX-300T,SPACER PLATE,SB-092A-1-5,-,637.12,127.42,5,25,1,155,45,25,0,352.12,15,0,35,10,2366,3,0,,2026-06-27T00:00:00.000Z,,excel-seed
seed-7-gtx-300t-37,,,2026-01-28,夜,,,7-gtx-300t,7# GTX-300T,Metal Box4-6WAY,NMS/BRU30887,4/5,1412.39,282.48,5,2.6,1,515,75,20,0,752.39,0,0,50,0,1050,0,0,,2026-06-27T00:00:00.000Z,,excel-seed
seed-7-gtx-300t-38,,,2026-01-28,夜,,,7-gtx-300t,7# GTX-300T,Metal Box4-6WAY,NMS/BRU30887,5/5,1412.39,282.48,5,2.6,1,515,75,20,0,752.39,0,0,50,0,1050,0,0,,2026-06-27T00:00:00.000Z,,excel-seed
seed-7-gtx-300t-39,,,2026-01-29,白,,,7-gtx-300t,7# GTX-300T,OUTER,SB-087A-1,-,1867.28,373.46,5,25,1,280,45,140,0,1342.28,15,0,45,0,3129,4,0,,2026-06-27T00:00:00.000Z,,excel-seed
seed-7-gtx-300t-40,,,2026-01-30,白,,,7-gtx-300t,7# GTX-300T,OUTER,SB-087A-1,-,536.4,107.28,5,25,1,130,0,25,0,351.4,0,0,5,25,1711,0,0,,2026-06-27T00:00:00.000Z,,excel-seed
seed-7-gtx-300t-41,,,2026-01-30,白,,,7-gtx-300t,7# GTX-300T,Metal Box8-10WAY,NMS/BRU30888,4/5,1032.38,206.47,5,2.6,1,345,10,25,0,612.38,0,0,40,0,520,0,0,,2026-06-27T00:00:00.000Z,,excel-seed
seed-7-gtx-300t-42,,,2026-01-30,白,,,7-gtx-300t,7# GTX-300T,Metal Box8-10WAY,NMS/BRU30888,5/5,1037.38,207.47,5,2.6,1,345,10,25,0,612.38,0,0,45,0,520,0,0,,2026-06-27T00:00:00.000Z,,excel-seed
seed-7-gtx-300t-43,,,2026-01-30,夜,,,7-gtx-300t,7# GTX-300T,Metal Box8-10WAY,NMS/BRU30888,4/5,1428.86,285.77,5,2.6,1,385,0,0,0,1008.86,0,0,35,0,382,0,0,,2026-06-27T00:00:00.000Z,,excel-seed
seed-7-gtx-300t-44,,,2026-01-30,夜,,,7-gtx-300t,7# GTX-300T,Metal Box8-10WAY,NMS/BRU30888,5/5,1428.86,285.77,5,2.6,1,385,0,0,0,1008.86,0,0,35,0,382,0,0,,2026-06-27T00:00:00.000Z,,excel-seed
seed-7-gtx-300t-45,,,2026-01-31,白,,,7-gtx-300t,7# GTX-300T,Metal Box8-10WAY,NMS/BRU30888,4/5,243.54,48.71,5,2.6,1,85,5,20,0,123.54,0,0,10,0,161,0,0,,2026-06-27T00:00:00.000Z,,excel-seed
seed-7-gtx-300t-46,,,2026-01-31,白,,,7-gtx-300t,7# GTX-300T,Metal Box8-10WAY,NMS/BRU30888,5/5,243.54,48.71,5,2.6,1,85,5,20,0,123.54,0,0,10,0,161,0,0,,2026-06-27T00:00:00.000Z,,excel-seed
seed-7-gtx-300t-47,,,2026-02-02,白,,,7-gtx-300t,7# GTX-300T,UPPER PLATE,TM-755A-1,-,1103.36,220.67,5,30,1,100,0,50,0,908.36,0,0,45,0,1866,3,0,,2026-06-27T00:00:00.000Z,,excel-seed
seed-7-gtx-300t-48,,,2026-02-02,夜,,,7-gtx-300t,7# GTX-300T,Metal Box 14 WAY,NMS/BRU30889,4/5,2021.54,404.31,5,2.6,1,635,0,20,0,1361.54,0,0,5,0,770,0,0,,2026-06-27T00:00:00.000Z,,excel-seed
seed-7-gtx-300t-49,,,2026-02-02,夜,,,7-gtx-300t,7# GTX-300T,Metal Box 14 WAY,NMS/BRU30889,5/5,2021.54,404.31,5,2.6,1,635,0,20,0,1361.54,0,0,5,0,770,0,0,,2026-06-27T00:00:00.000Z,,excel-seed
seed-7-gtx-300t-50,,,2026-02-03,白,,,7-gtx-300t,7# GTX-300T,UPPER PLATE,TM-755A-1,-,2319.57,463.91,5,30,1,210,30,95,0,1899.57,30,0,55,0,2106,3,0,,2026-06-27T00:00:00.000Z,,excel-seed
seed-7-gtx-300t-51,,,2026-02-04,白,,,7-gtx-300t,7# GTX-300T,UPPER PLATE,TM-755A-1,-,1231.36,246.27,5,30,1,180,0,115,0,871.36,15,0,45,5,2200,3,0,,2026-06-27T00:00:00.000Z,,excel-seed
seed-7-gtx-300t-52,,,2026-02-04,白,,,7-gtx-300t,7# GTX-300T,Metal Box 14 WAY,NMS/BRU30889,4/5,323,64.6,5,2.6,1,50,60,30,0,143,0,0,40,0,100,0,0,,2026-06-27T00:00:00.000Z,,excel-seed
seed-7-gtx-300t-53,,,2026-02-04,白,,,7-gtx-300t,7# GTX-300T,Metal Box 14 WAY,NMS/BRU30889,5/5,323,64.6,5,2.6,1,50,60,30,0,143,0,0,40,0,100,0,0,,2026-06-27T00:00:00.000Z,,excel-seed
seed-7-gtx-300t-54,,,2026-02-04,夜,,,7-gtx-300t,7# GTX-300T,Metal Box 14 WAY,NMS/BRU30889,4/5,1883.05,376.61,5,2.6,1,590,0,5,0,1223.05,0,0,65,0,740,0,0,,2026-06-27T00:00:00.000Z,,excel-seed
seed-7-gtx-300t-55,,,2026-02-04,夜,,,7-gtx-300t,7# GTX-300T,Metal Box 14 WAY,NMS/BRU30889,5/5,1883.05,376.61,5,2.6,1,590,0,5,0,1223.05,0,0,65,0,740,0,0,,2026-06-27T00:00:00.000Z,,excel-seed
seed-7-gtx-300t-56,,,2026-02-05,白,,,7-gtx-300t,7# GTX-300T,UPPER PLATE,TM-755A-1,-,1726.75,345.35,5,30,1,330,80,120,0,1111.75,30,0,55,0,5432,6,0,,2026-06-27T00:00:00.000Z,,excel-seed
seed-7-gtx-300t-57,,,2026-02-05,夜,,,7-gtx-300t,7# GTX-300T,Metal Box 14 WAY,NMS/BRU30889,4/5,614.37,122.87,5,2.6,1,175,20,10,0,374.37,0,0,0,35,237,0,0,,2026-06-27T00:00:00.000Z,,excel-seed
seed-7-gtx-300t-58,,,2026-02-05,夜,,,7-gtx-300t,7# GTX-300T,Metal Box 14 WAY,NMS/BRU30889,5/5,614.37,122.87,5,2.6,1,175,20,10,0,374.37,0,0,0,35,237,0,0,,2026-06-27T00:00:00.000Z,,excel-seed
seed-7-gtx-300t-59,,,2026-02-06,白,,,7-gtx-300t,7# GTX-300T,UPPER PLATE,TM-755A-1,-,1534.37,306.87,5,30,1,410,55,225,0,754.37,30,0,60,0,8071,9,0,,2026-06-27T00:00:00.000Z,,excel-seed
seed-7-gtx-300t-60,,,2026-02-06,夜,,,7-gtx-300t,7# GTX-300T,UPPER PLATE,TM-755A-1,-,2661.57,532.31,5,30,1,435,0,45,0,2121.57,15,0,45,0,2768,3,0,,2026-06-27T00:00:00.000Z,,excel-seed
seed-7-gtx-300t-61,,,2026-02-07,白,,,7-gtx-300t,7# GTX-300T,UPPER PLATE,TM-755A-1,-,3038.62,607.72,5,30,1,180,30,175,0,2583.62,15,0,55,0,1160,3,0,,2026-06-27T00:00:00.000Z,,excel-seed
seed-7-gtx-300t-62,,,2026-02-07,夜,,,7-gtx-300t,7# GTX-300T,Metal Box4-6WAY,NMS/BRU30887,4/5,803.62,160.72,5,2.6,1,315,10,15,0,443.62,0,0,20,0,600,0,0,,2026-06-27T00:00:00.000Z,,excel-seed
seed-7-gtx-300t-63,,,2026-02-07,夜,,,7-gtx-300t,7# GTX-300T,Metal Box4-6WAY,NMS/BRU30887,5/5,803.62,160.72,5,2.6,1,315,10,15,0,443.62,0,0,20,0,600,0,0,,2026-06-27T00:00:00.000Z,,excel-seed
seed-7-gtx-300t-64,,,2026-02-09,白,,,7-gtx-300t,7# GTX-300T,UPPER PLATE,TM-755A-1,-,1470.27,294.05,5,30,1,345,0,75,140,810.27,45,0,55,0,6770,6,0,,2026-06-27T00:00:00.000Z,,excel-seed
seed-7-gtx-300t-65,,,2026-02-09,夜,,,7-gtx-300t,7# GTX-300T,Metal Box4-6WAY,NMS/BRU30887,4/5,1475.47,295.09,5,2.6,1,530,60,20,0,815.47,0,0,50,0,997,0,0,,2026-06-27T00:00:00.000Z,,excel-seed
seed-7-gtx-300t-66,,,2026-02-09,夜,,,7-gtx-300t,7# GTX-300T,Metal Box4-6WAY,NMS/BRU30887,5/5,1475.47,295.09,5,2.6,1,530,60,20,0,815.47,0,0,50,0,997,0,0,,2026-06-27T00:00:00.000Z,,excel-seed
seed-7-gtx-300t-67,,,2026-02-10,白,,,7-gtx-300t,7# GTX-300T,UPPER PLATE,TM-755A-1,-,1838.7,367.74,5,30,1,420,20,165,85,1053.7,45,0,50,0,6816,0,0,,2026-06-27T00:00:00.000Z,,excel-seed
seed-7-gtx-300t-68,,,2026-02-10,夜,,,7-gtx-300t,7# GTX-300T,UPPER PLATE,TM-755A-1,-,709.62,141.92,5,30,1,155,0,80,0,349.62,15,0,110,0,2261,3,0,,2026-06-27T00:00:00.000Z,,excel-seed
seed-7-gtx-300t-69,,,2026-02-11,白,,,7-gtx-300t,7# GTX-300T,UPPER PLATE,TM-755A-1,-,802.71,160.54,5,30,1,35,5,45,0,692.71,15,0,10,0,288,0,0,,2026-06-27T00:00:00.000Z,,excel-seed
seed-7-gtx-300t-70,,,2026-02-11,白,,,7-gtx-300t,7# GTX-300T,"SHIELD, RESOLVER STATOR",3605-2367,-,135,0,5,20,2,0,65,30,0,0,0,0,40,0,0,108,0,,2026-06-27T00:00:00.000Z,,excel-seed
seed-7-gtx-300t-71,,,2026-02-12,白,,,7-gtx-300t,7# GTX-300T,OUTER (FE),SB-100B-1,-,265.9,53.18,5,25,1,55,25,10,0,140.9,0,0,35,0,1903,6,0,,2026-06-27T00:00:00.000Z,,excel-seed
seed-7-gtx-300t-72,,,2026-02-13,白,,,7-gtx-300t,7# GTX-300T,OUTER (FE),SB-100B-1,-,1117.91,223.58,5,25,1,305,0,25,0,637.91,15,0,0,135,3825,3,0,,2026-06-27T00:00:00.000Z,,excel-seed
seed-7-gtx-300t-73,,,2026-02-13,白,,,7-gtx-300t,7# GTX-300T,Metal Box4-6WAY,NMS/BRU30887,4/5,206.03,41.21,5,2.6,1,55,30,30,0,81.03,0,0,10,0,150,0,0,,2026-06-27T00:00:00.000Z,,excel-seed
seed-7-gtx-300t-74,,,2026-02-13,白,,,7-gtx-300t,7# GTX-300T,Metal Box4-6WAY,NMS/BRU30887,5/5,206.03,41.21,5,2.6,1,55,30,30,0,81.03,0,0,10,0,150,0,0,,2026-06-27T00:00:00.000Z,,excel-seed
seed-7-gtx-300t-75,,,2026-02-13,夜,,,7-gtx-300t,7# GTX-300T,Metal Box4-6WAY,NMS/BRU30887,4/5,1325.6,265.12,5,2.6,1,480,0,10,0,665.6,0,0,50,120,900,0,0,,2026-06-27T00:00:00.000Z,,excel-seed
seed-7-gtx-300t-76,,,2026-02-13,夜,,,7-gtx-300t,7# GTX-300T,Metal Box4-6WAY,NMS/BRU30887,5/5,1325.6,265.12,5,2.6,1,480,0,10,0,665.6,0,0,50,120,900,0,0,,2026-06-27T00:00:00.000Z,,excel-seed
seed-7-gtx-300t-77,,,2026-02-14,白,,,7-gtx-300t,7# GTX-300T,UPPER PLATE,TM-755A-1,-,1763.64,352.73,5,30,1,365,195,35,0,1103.64,15,0,50,0,5705,6,0,,2026-06-27T00:00:00.000Z,,excel-seed
seed-7-gtx-300t-78,,,2026-02-14,夜,,,7-gtx-300t,7# GTX-300T,UPPER PLATE,TM-755A-1,-,1235.96,247.19,5,30,1,370,0,190,0,600.96,30,0,45,0,7850,6,0,,2026-06-27T00:00:00.000Z,,excel-seed
seed-7-gtx-300t-79,,,2026-02-16,白,,,7-gtx-300t,7# GTX-300T,UPPER PLATE,TM-755A-1,-,1213.67,242.73,5,30,1,320,0,155,45,598.67,40,0,55,0,7216,6,0,,2026-06-27T00:00:00.000Z,,excel-seed
seed-7-gtx-300t-80,,,2026-02-16,夜,,,7-gtx-300t,7# GTX-300T,UPPER PLATE,TM-755A-1,-,1628.2,325.64,5,30,1,470,0,80,0,968.2,45,0,65,0,7500,9,0,,2026-06-27T00:00:00.000Z,,excel-seed
seed-7-gtx-300t-81,,,2026-02-17,白,,,7-gtx-300t,7# GTX-300T,UPPER PLATE,TM-755A-1,-,1442.41,288.48,5,30,1,435,0,125,0,782.41,45,0,55,0,8006,12,0,,2026-06-27T00:00:00.000Z,,excel-seed
seed-7-gtx-300t-82,,,2026-02-17,夜,,,7-gtx-300t,7# GTX-300T,Metal Box4-6WAY,NMS/BRU30887,4/5,742.93,148.59,5,2.6,1,260,0,80,0,292.93,0,0,30,80,600,0,0,,2026-06-27T00:00:00.000Z,,excel-seed
seed-7-gtx-300t-83,,,2026-02-17,夜,,,7-gtx-300t,7# GTX-300T,Metal Box4-6WAY,NMS/BRU30887,5/5,742.93,148.59,5,2.6,1,260,0,80,0,292.93,0,0,30,80,600,0,0,,2026-06-27T00:00:00.000Z,,excel-seed
seed-7-gtx-300t-84,,,2026-02-17,夜,,,7-gtx-300t,7# GTX-300T,UPPER PLATE,TM-755A-1,-,379.66,75.93,5,30,1,85,0,40,0,199.66,20,0,35,0,1341,3,0,,2026-06-27T00:00:00.000Z,,excel-seed
seed-7-gtx-300t-85,,,2026-02-18,白,,,7-gtx-300t,7# GTX-300T,UPPER PLATE,TM-755A-1,-,1388.44,277.69,5,30,1,445,0,95,0,728.44,60,0,60,0,9255,12,0,,2026-06-27T00:00:00.000Z,,excel-seed
seed-7-gtx-300t-86,,,2026-02-18,夜,,,7-gtx-300t,7# GTX-300T,UPPER PLATE,TM-755A-1,-,625.33,125.07,5,30,1,170,0,25,0,385.33,0,0,45,0,2250,0,0,,2026-06-27T00:00:00.000Z,,excel-seed
seed-7-gtx-300t-87,,,2026-02-18,夜,,,7-gtx-300t,7# GTX-300T,Metal Box8-10WAY,NMS/BRU30888,4/5,1135.48,227.1,5,2.6,1,250,60,40,0,660.48,0,0,30,95,310,0,0,,2026-06-27T00:00:00.000Z,,excel-seed
seed-7-gtx-300t-88,,,2026-02-18,夜,,,7-gtx-300t,7# GTX-300T,Metal Box8-10WAY,NMS/BRU30888,5/5,1135.48,227.1,5,2.6,1,250,60,40,0,660.48,0,0,30,95,310,0,0,,2026-06-27T00:00:00.000Z,,excel-seed
seed-7-gtx-300t-89,,,2026-02-19,白,,,7-gtx-300t,7# GTX-300T,UPPER PLATE,TM-755A-1,-,1431.43,286.29,5,30,1,500,0,75,0,771.43,40,0,45,0,10500,4,0,,2026-06-27T00:00:00.000Z,,excel-seed
seed-7-gtx-300t-90,,,2026-02-19,夜,,,7-gtx-300t,7# GTX-300T,Metal Box8-10WAY,NMS/BRU30888,4/5,984.4,196.88,5,2.6,1,360,5,20,0,569.4,0,0,30,0,600,0,0,,2026-06-27T00:00:00.000Z,,excel-seed
seed-7-gtx-300t-91,,,2026-02-19,夜,,,7-gtx-300t,7# GTX-300T,Metal Box8-10WAY,NMS/BRU30888,5/5,984.4,196.88,5,2.6,1,360,5,20,0,569.4,0,0,30,0,600,0,0,,2026-06-27T00:00:00.000Z,,excel-seed
seed-7-gtx-300t-92,,,2026-02-20,白,,,7-gtx-300t,7# GTX-300T,UPPER PLATE,TM-755A-1,-,1551.39,310.28,5,30,1,340,55,130,0,926.39,45,0,55,0,5230,10,0,,2026-06-27T00:00:00.000Z,,excel-seed
seed-7-gtx-300t-93,,,2026-02-20,夜,,,7-gtx-300t,7# GTX-300T,Metal Box8-10WAY,NMS/BRU30888,4/5,1402.33,280.47,5,2.6,1,480,40,10,0,797.33,0,0,75,0,900,0,0,,2026-06-27T00:00:00.000Z,,excel-seed
seed-7-gtx-300t-94,,,2026-02-20,夜,,,7-gtx-300t,7# GTX-300T,Metal Box8-10WAY,NMS/BRU30888,5/5,1402.33,280.47,5,2.6,1,480,40,10,0,797.33,0,0,75,0,900,0,0,,2026-06-27T00:00:00.000Z,,excel-seed
seed-7-gtx-300t-95,,,2026-02-21,白,,,7-gtx-300t,7# GTX-300T,Metal Box8-10WAY,NMS/BRU30888,4/5,439.87,87.97,5,2.6,1,140,0,55,0,169.87,0,0,70,5,300,0,0,,2026-06-27T00:00:00.000Z,,excel-seed
seed-7-gtx-300t-96,,,2026-02-21,白,,,7-gtx-300t,7# GTX-300T,Metal Box8-10WAY,NMS/BRU30888,5/5,440.43,88.09,5,2.6,1,140,0,55,0,170.43,0,0,70,5,299,1,0,,2026-06-27T00:00:00.000Z,,excel-seed
seed-7-gtx-300t-97,,,2026-02-21,白,,,7-gtx-300t,7# GTX-300T,UPPER PLATE,TM-755A-1,-,763.51,152.7,5,30,1,115,35,45,0,533.51,0,0,35,0,970,20,0,,2026-06-27T00:00:00.000Z,,excel-seed
seed-7-gtx-300t-98,,,2026-02-23,白,,,7-gtx-300t,7# GTX-300T,UPPER RING,SB-068A-1-3,-,1276.86,255.37,5,25,1,270,150,145,0,616.86,15,0,80,0,4760,3,0,,2026-06-27T00:00:00.000Z,,excel-seed
seed-7-gtx-300t-99,,,2026-02-24,白,,,7-gtx-300t,7# GTX-300T,UPPER RING,SB-068A-1-3,-,186.91,37.38,5,25,1,30,5,40,0,56.91,0,0,55,0,593,0,0,,2026-06-27T00:00:00.000Z,,excel-seed
seed-7-gtx-300t-100,,,2026-02-24,白,,,7-gtx-300t,7# GTX-300T,CG BRACKET RH,2567476-AB,-,1367.97,273.59,5,25,1,305,30,70,0,882.97,30,0,50,0,3152,6,0,,2026-06-27T00:00:00.000Z,,excel-seed
seed-7-gtx-300t-101,,,2026-02-25,白,,,7-gtx-300t,7# GTX-300T,CG BRACKET RH,2567476-AB,-,1196.66,239.33,5,25,1,365,0,120,0,616.66,40,0,50,5,5993,9,0,,2026-06-27T00:00:00.000Z,,excel-seed
seed-7-gtx-300t-102,,,2026-02-26,白,,,7-gtx-300t,7# GTX-300T,"SHIELD, RESOLVER STATOR",3605-2367,-,589.27,117.85,5,20,2,195,0,25,0,344.27,0,0,20,5,4418,6,0,,2026-06-27T00:00:00.000Z,,excel-seed
seed-7-gtx-300t-103,,,2026-02-26,白,,,7-gtx-300t,7# GTX-300T,"SHIELD, RESOLVER STATOR",3605-2367,-,799.04,159.81,5,20,2,310,0,30,0,404.04,0,0,55,0,9514,6,0,,2026-06-27T00:00:00.000Z,,excel-seed
seed-7-gtx-300t-104,,,2026-02-26,夜,,,7-gtx-300t,7# GTX-300T,"SHIELD, RESOLVER STATOR",3605-2367,-,678.18,135.64,5,20,2,210,0,30,0,318.18,0,0,120,0,5544,2,0,,2026-06-27T00:00:00.000Z,,excel-seed
seed-7-gtx-300t-105,,,2026-02-27,白,,,7-gtx-300t,7# GTX-300T,RETAINER RING ASSEMBLY,5036755-AA,-,563,112.6,5,20,1,105,10,145,0,273,15,0,15,0,1000,2,0,,2026-06-27T00:00:00.000Z,,excel-seed
seed-7-gtx-300t-106,,,2026-02-27,白,,,7-gtx-300t,7# GTX-300T,OUTER (FE),SB-100B-1,-,384.38,76.88,5,25,1,50,35,115,0,124.38,15,0,45,0,1005,3,0,,2026-06-27T00:00:00.000Z,,excel-seed
seed-7-gtx-300t-107,,,2026-02-27,夜,,,7-gtx-300t,7# GTX-300T,OUTER (FE),SB-100B-1,-,788.63,157.73,5,25,1,190,0,25,0,548.63,0,0,25,0,1645,0,0,,2026-06-27T00:00:00.000Z,,excel-seed
seed-7-gtx-300t-108,,,2026-02-28,白,,,7-gtx-300t,7# GTX-300T,UPPER PLATE,TM-755A-1,-,788.6,157.72,5,30,1,25,15,65,0,623.6,15,0,45,0,445,3,0,,2026-06-27T00:00:00.000Z,,excel-seed
seed-7-gtx-300t-109,,,2026-03-02,白,,,7-gtx-300t,7# GTX-300T,UPPER PLATE,TM-755A-1,-,1513.52,302.7,5,30,1,270,35,95,0,1053.52,0,0,60,0,2345,3,0,,2026-06-27T00:00:00.000Z,,excel-seed
seed-7-gtx-300t-110,,,2026-03-02,夜,,,7-gtx-300t,7# GTX-300T,Metal Box8-10WAY,NMS/BRU30888,4/5,1438.96,287.79,5,2.6,1,535,25,25,0,778.96,0,0,75,0,1000,0,0,,2026-06-27T00:00:00.000Z,,excel-seed
seed-7-gtx-300t-111,,,2026-03-02,夜,,,7-gtx-300t,7# GTX-300T,Metal Box8-10WAY,NMS/BRU30888,5/5,1438.96,287.79,5,2.6,1,535,25,25,0,778.96,0,0,75,0,1000,0,0,,2026-06-27T00:00:00.000Z,,excel-seed
seed-7-gtx-300t-112,,,2026-03-03,白,,,7-gtx-300t,7# GTX-300T,Metal Box8-10WAY,NMS/BRU30888,4/5,487.95,97.59,5,2.6,1,185,0,30,0,232.95,0,0,35,5,382,0,0,,2026-06-27T00:00:00.000Z,,excel-seed
seed-7-gtx-300t-113,,,2026-03-03,白,,,7-gtx-300t,7# GTX-300T,Metal Box8-10WAY,NMS/BRU30888,5/5,487.95,97.59,5,2.6,1,185,0,30,0,232.95,0,0,35,5,382,0,0,,2026-06-27T00:00:00.000Z,,excel-seed
seed-7-gtx-300t-114,,,2026-03-03,白,,,7-gtx-300t,7# GTX-300T,UPPER PLATE,TM-755A-1,-,1038.46,207.69,5,30,1,140,20,105,0,678.46,40,0,55,0,1300,72,0,,2026-06-27T00:00:00.000Z,,excel-seed
seed-7-gtx-300t-115,,,2026-03-04,白,,,7-gtx-300t,7# GTX-300T,UPPER PLATE,TM-755A-1,-,2046.52,409.3,5,30,1,360,0,95,0,1486.52,30,0,75,0,3560,6,0,,2026-06-27T00:00:00.000Z,,excel-seed
seed-7-gtx-300t-116,,,2026-03-05,白,,,7-gtx-300t,7# GTX-300T,UPPER PLATE,TM-755A-1,-,1800.42,360.08,5,30,1,460,0,150,0,1020.42,65,0,105,0,7100,12,0,,2026-06-27T00:00:00.000Z,,excel-seed
seed-7-gtx-300t-117,,,2026-03-06,白,,,7-gtx-300t,7# GTX-300T,UPPER PLATE,TM-755A-1,-,1354.69,270.94,5,30,1,345,0,95,0,694.69,50,0,170,0,5885,9,0,,2026-06-27T00:00:00.000Z,,excel-seed
seed-7-gtx-300t-118,,,2026-03-09,白,,,7-gtx-300t,7# GTX-300T,UPPER PLATE,TM-755A-1,-,1391,278.2,5,30,1,415,0,130,0,731,60,0,55,0,8090,9,0,,2026-06-27T00:00:00.000Z,,excel-seed
seed-7-gtx-300t-119,,,2026-03-09,夜,,,7-gtx-300t,7# GTX-300T,UPPER PLATE,TM-755A-1,-,1004.71,200.94,5,30,1,225,70,30,0,644.71,20,0,10,5,3298,3,0,,2026-06-27T00:00:00.000Z,,excel-seed
seed-7-gtx-300t-120,,,2026-03-10,白,,,7-gtx-300t,7# GTX-300T,OUTER,SB-087A-1,-,795.62,159.12,5,25,1,220,15,50,0,460.62,0,0,50,0,2806,3,0,,2026-06-27T00:00:00.000Z,,excel-seed
seed-7-gtx-300t-121,,,2026-03-11,白,,,7-gtx-300t,7# GTX-300T,OUTER (FE),SB-100B-1,-,578.9,115.78,5,25,1,190,0,15,0,338.9,0,0,10,25,2663,3,0,,2026-06-27T00:00:00.000Z,,excel-seed
seed-7-gtx-300t-122,,,2026-03-11,白,,,7-gtx-300t,7# GTX-300T,OUTER (FE),SB-100B-1,-,352.9,70.58,5,25,1,140,0,10,0,182.9,0,0,15,5,2679,3,0,,2026-06-27T00:00:00.000Z,,excel-seed
seed-7-gtx-300t-123,,,2026-03-11,白,,,7-gtx-300t,7# GTX-300T,UPPER PLATE,TM-755A-1,-,541.41,108.28,5,30,1,90,15,60,0,316.41,15,0,45,0,1152,3,0,,2026-06-27T00:00:00.000Z,,excel-seed
seed-7-gtx-300t-124,,,2026-03-12,白,,,7-gtx-300t,7# GTX-300T,UPPER PLATE,TM-755A-1,-,931.12,186.22,5,30,1,260,20,90,0,471.12,30,0,60,0,6457,6,0,,2026-06-27T00:00:00.000Z,,excel-seed
seed-7-gtx-300t-125,,,2026-03-13,白,,,7-gtx-300t,7# GTX-300T,UPPER PLATE,TM-755A-1,-,2992.37,598.47,5,30,1,190,0,195,160,2447.37,0,0,0,0,1083,3,0,,2026-06-27T00:00:00.000Z,,excel-seed
seed-7-gtx-300t-126,,,2026-03-14,白,,,7-gtx-300t,7# GTX-300T,UPPER PLATE,TM-755A-1,-,343.33,68.67,5,30,1,10,0,95,0,208.33,0,0,20,10,180,0,0,,2026-06-27T00:00:00.000Z,,excel-seed
seed-7-gtx-300t-127,,,2026-03-14,白,,,7-gtx-300t,7# GTX-300T,Orifice Plate,SB-062C-2,-,507.06,101.41,5,25,1,120,50,90,0,207.06,0,0,40,0,2463,3,0,,2026-06-27T00:00:00.000Z,,excel-seed
seed-7-gtx-300t-128,,,2026-03-14,夜,,,7-gtx-300t,7# GTX-300T,Orifice Plate,SB-062C-2,-,1696.42,339.28,5,25,1,540,25,20,0,1036.42,20,0,55,0,7620,5,0,,2026-06-27T00:00:00.000Z,,excel-seed
seed-7-gtx-300t-129,,,2026-03-16,夜,,,7-gtx-300t,7# GTX-300T,Orifice Plate,SB-062C-2,-,1717.16,343.43,5,25,1,435,140,20,0,1057.16,0,0,65,0,5915,5,0,,2026-06-27T00:00:00.000Z,,excel-seed
seed-7-gtx-300t-130,,,2026-03-17,白,,,7-gtx-300t,7# GTX-300T,Orifice Plate,SB-062C-2,-,1108.59,221.72,5,25,1,430,0,60,0,528.59,15,0,70,5,9050,4,0,,2026-06-27T00:00:00.000Z,,excel-seed
seed-7-gtx-300t-131,,,2026-03-17,夜,,,7-gtx-300t,7# GTX-300T,LOWER BASE,SB-042B-2-2-1,-,1172.57,234.51,5,30,1,365,0,65,0,697.57,20,0,20,5,6122,10,0,,2026-06-27T00:00:00.000Z,,excel-seed
seed-7-gtx-300t-132,,,2026-03-18,白,,,7-gtx-300t,7# GTX-300T,UPPER PLATE,TM-755A-1,-,1015.59,203.12,5,30,1,300,0,45,0,595.59,15,0,60,0,4760,3,0,,2026-06-27T00:00:00.000Z,,excel-seed
seed-7-gtx-300t-133,,,2026-03-18,夜,,,7-gtx-300t,7# GTX-300T,UPPER PLATE,TM-755A-1,-,1294.93,258.99,5,30,1,75,0,40,0,1139.93,20,0,20,0,829,3,0,,2026-06-27T00:00:00.000Z,,excel-seed
seed-7-gtx-300t-134,,,2026-03-19,白,,,7-gtx-300t,7# GTX-300T,UPPER PLATE,TM-755A-1,-,1766.32,353.26,5,30,1,440,0,90,95,981.32,30,0,130,0,7600,6,0,,2026-06-27T00:00:00.000Z,,excel-seed
seed-7-gtx-300t-135,,,2026-03-20,白,,,7-gtx-300t,7# GTX-300T,UPPER PLATE,TM-755A-1,-,519.06,103.81,5,30,1,135,25,25,20,279.06,15,0,20,0,2830,3,0,,2026-06-27T00:00:00.000Z,,excel-seed
seed-7-gtx-300t-136,,,2026-03-21,白,,,7-gtx-300t,7# GTX-300T,SPACER PLATE,SB-092A-1-5,-,600.89,120.18,5,25,1,165,10,65,0,310.89,0,0,45,5,2322,3,0,,2026-06-27T00:00:00.000Z,,excel-seed
seed-7-gtx-300t-137,,,2026-03-23,夜,,,7-gtx-300t,7# GTX-300T,CG BRACKET RH,2567476-AB,-,1394.66,278.93,5,25,1,280,0,130,35,864.66,30,0,55,0,2793,9,0,,2026-06-27T00:00:00.000Z,,excel-seed
seed-7-gtx-300t-138,,,2026-03-24,白,,,7-gtx-300t,7# GTX-300T,CG BRACKET RH,2567476-AB,-,470.63,94.13,5,25,1,75,25,120,0,230.63,0,0,10,10,813,0,0,,2026-06-27T00:00:00.000Z,,excel-seed
seed-7-gtx-300t-139,,,2026-03-24,白,,,7-gtx-300t,7# GTX-300T,SPACER PLATE,SB-092A-1-5,-,643.55,128.71,5,25,1,160,25,90,0,318.55,0,0,50,0,2323,3,0,,2026-06-27T00:00:00.000Z,,excel-seed
seed-7-gtx-300t-140,,,2026-03-24,白,,,7-gtx-300t,7# GTX-300T,STOPPER RING,SB-092B-1-3,-,457.32,91.46,5,25,1,155,15,20,0,257.32,0,0,10,0,2560,3,0,,2026-06-27T00:00:00.000Z,,excel-seed
seed-7-gtx-300t-141,,,2026-03-25,白,,,7-gtx-300t,7# GTX-300T,STOPPER RING,SB-092B-1-3,-,312.81,62.56,5,25,1,100,0,35,0,152.81,0,0,20,5,1636,0,0,,2026-06-27T00:00:00.000Z,,excel-seed
seed-7-gtx-300t-142,,,2026-03-25,白,,,7-gtx-300t,7# GTX-300T,UPPER PLATE,TM-755A-1,-,782.03,156.41,5,30,1,150,0,60,35,477.03,0,0,60,0,2830,3,0,,2026-06-27T00:00:00.000Z,,excel-seed
seed-7-gtx-300t-143,,,2026-03-26,白,,,7-gtx-300t,7# GTX-300T,RETAINER RING ASSEMBLY,5036755-AA,-,260.67,52.13,5,20,1,55,0,115,0,80.67,0,0,5,5,750,3,0,,2026-06-27T00:00:00.000Z,,excel-seed
seed-7-gtx-300t-144,,,2026-03-26,白,,,7-gtx-300t,7# GTX-300T,CG BRACKET RH,2567476-AB,-,625.3,125.06,5,25,1,220,15,35,0,300.3,0,0,55,0,4304,3,0,,2026-06-27T00:00:00.000Z,,excel-seed
seed-7-gtx-300t-145,,,2026-03-26,夜,,,7-gtx-300t,7# GTX-300T,CG BRACKET RH,2567476-AB,-,1122.53,224.51,5,25,1,380,0,55,40,582.53,15,0,50,0,7094,6,0,,2026-06-27T00:00:00.000Z,,excel-seed
seed-7-gtx-300t-146,,,2026-03-27,白,,,7-gtx-300t,7# GTX-300T,CG BRACKET RH,2567476-AB,-,495.63,99.13,5,25,1,55,5,60,0,360.63,0,0,15,0,896,0,0,,2026-06-27T00:00:00.000Z,,excel-seed
seed-7-gtx-300t-147,,,2026-03-27,白,,,7-gtx-300t,7# GTX-300T,UPPER PLATE,TM-755A-1,-,514.67,102.93,5,30,1,130,20,30,0,284.67,0,0,50,0,2055,3,0,,2026-06-27T00:00:00.000Z,,excel-seed
seed-7-gtx-300t-148,,,2026-03-28,白,,,7-gtx-300t,7# GTX-300T,UPPER PLATE,TM-755A-1,-,626.22,125.24,5,30,1,145,0,230,0,196.22,15,0,35,5,3547,3,0,,2026-06-27T00:00:00.000Z,,excel-seed
seed-7-gtx-300t-149,,,2026-03-28,白,,,7-gtx-300t,7# GTX-300T,UPPER PLATE,TM-755A-1,-,459.98,92,5,30,1,155,0,50,0,224.98,20,0,10,0,3617,6,0,,2026-06-27T00:00:00.000Z,,excel-seed
seed-7-gtx-300t-150,,,2026-03-28,夜,,,7-gtx-300t,7# GTX-300T,UPPER PLATE,TM-755A-1,-,1535.41,307.08,5,30,1,330,0,65,0,1055.41,25,0,15,45,3330,7,0,,2026-06-27T00:00:00.000Z,,excel-seed
seed-7-gtx-300t-151,,,2026-03-29,白,,,7-gtx-300t,7# GTX-300T,UPPER PLATE,TM-755A-1,-,1260.7,252.14,5,30,1,390,0,135,0,600.7,75,0,60,0,9057,18,0,,2026-06-27T00:00:00.000Z,,excel-seed
seed-7-gtx-300t-152,,,2026-03-30,白,,,7-gtx-300t,7# GTX-300T,UPPER PLATE,TM-755A-1,-,1296.6,259.32,5,30,1,385,0,145,0,636.6,55,0,75,0,7983,15,0,,2026-06-27T00:00:00.000Z,,excel-seed
seed-7-gtx-300t-153,,,2026-03-30,夜,,,7-gtx-300t,7# GTX-300T,UPPER PLATE,TM-755A-1,-,1025,205,5,30,1,70,0,25,25,900,0,0,5,0,490,3,0,,2026-06-27T00:00:00.000Z,,excel-seed
seed-7-gtx-300t-154,,,2026-03-31,白,,,7-gtx-300t,7# GTX-300T,UPPER PLATE,TM-755A-1,-,1132.84,226.57,5,30,1,310,0,75,0,627.84,45,0,70,5,5851,9,0,,2026-06-27T00:00:00.000Z,,excel-seed
seed-7-gtx-300t-155,,,2026-03-31,白,,,7-gtx-300t,7# GTX-300T,CG BRACKET RH,2567476-AB,-,596.56,119.31,5,25,1,125,40,60,0,351.56,15,0,5,0,1600,6,0,,2026-06-27T00:00:00.000Z,,excel-seed
seed-7-gtx-300t-156,,,2026-03-31,夜,,,7-gtx-300t,7# GTX-300T,CG BRACKET RH,2567476-AB,-,775.01,155,5,25,1,140,0,55,0,535.01,15,0,30,0,1014,3,0,,2026-06-27T00:00:00.000Z,,excel-seed
seed-7-gtx-300t-157,,,2026-04-01,白,,,7-gtx-300t,7# GTX-300T,CG BRACKET RH,2567476-AB,-,1282.86,256.57,5,25,1,445,0,65,0,692.86,15,0,65,0,8510,0,0,,2026-06-27T00:00:00.000Z,,excel-seed
seed-7-gtx-300t-158,,,2026-04-01,夜,,,7-gtx-300t,7# GTX-300T,UPPER PLATE,TM-755A-1,-,2060,412,5,30,1,25,95,105,20,1800,0,0,15,0,100,35,0,,2026-06-27T00:00:00.000Z,,excel-seed
seed-7-gtx-300t-159,,,2026-04-02,白,,,7-gtx-300t,7# GTX-300T,OUTER,SB-087A-1,-,1240.63,248.13,5,25,1,150,25,105,0,895.63,15,0,50,0,1612,3,0,,2026-06-27T00:00:00.000Z,,excel-seed
seed-7-gtx-300t-160,,,2026-04-03,白,,,7-gtx-300t,7# GTX-300T,UPPER PLATE,TM-755A-1,-,682.9,136.58,5,30,1,210,10,70,0,322.9,15,0,55,0,4585,3,0,,2026-06-27T00:00:00.000Z,,excel-seed
seed-7-gtx-300t-161,,,2026-04-04,白,,,7-gtx-300t,7# GTX-300T,UPPER PLATE,TM-755A-1,-,1021.68,204.34,5,30,1,230,0,80,95,541.68,15,0,60,0,4331,3,0,,2026-06-27T00:00:00.000Z,,excel-seed
seed-7-gtx-300t-162,,,2026-04-05,白,,,7-gtx-300t,7# GTX-300T,OUTER,SB-087A-1,-,1410,282,5,25,1,405,0,160,0,750,25,0,70,0,5805,6,0,,2026-06-27T00:00:00.000Z,,excel-seed
seed-7-gtx-300t-163,,,2026-04-06,白,,,7-gtx-300t,7# GTX-300T,OUTER,SB-087A-1,-,441.25,88.25,5,25,1,140,0,40,0,221.25,15,0,20,5,2452,3,0,,2026-06-27T00:00:00.000Z,,excel-seed
seed-7-gtx-300t-164,,,2026-04-06,白,,,7-gtx-300t,7# GTX-300T,UPPER PLATE,TM-755A-1,-,817.37,163.47,5,30,1,255,15,35,0,427.37,30,0,55,0,5370,6,0,,2026-06-27T00:00:00.000Z,,excel-seed
seed-7-gtx-300t-165,,,2026-04-06,夜,,,7-gtx-300t,7# GTX-300T,UPPER PLATE,TM-755A-1,-,1486.77,297.35,5,30,1,470,0,80,0,826.77,45,0,65,0,8783,9,0,,2026-06-27T00:00:00.000Z,,excel-seed
seed-7-gtx-300t-166,,,2026-04-07,白,,,7-gtx-300t,7# GTX-300T,UPPER PLATE,TM-755A-1,-,1392.96,278.59,5,30,1,400,0,110,0,757.96,45,0,80,0,7441,9,0,,2026-06-27T00:00:00.000Z,,excel-seed
seed-7-gtx-300t-167,,,2026-04-08,白,,,7-gtx-300t,7# GTX-300T,UPPER PLATE,TM-755A-1,-,1257.58,251.52,5,30,1,380,0,50,0,717.58,30,0,80,0,8420,6,0,,2026-06-27T00:00:00.000Z,,excel-seed
seed-7-gtx-300t-168,,,2026-04-08,夜,,,7-gtx-300t,7# GTX-300T,UPPER PLATE,TM-755A-1,-,668.62,133.72,5,30,1,105,0,65,0,188.62,15,0,20,275,2004,3,0,,2026-06-27T00:00:00.000Z,,excel-seed
seed-7-gtx-300t-169,,,2026-04-09,白,,,7-gtx-300t,7# GTX-300T,UPPER PLATE,TM-755A-1,-,1258.5,251.7,5,30,1,370,0,175,15,598.5,25,0,75,0,7604,6,0,,2026-06-27T00:00:00.000Z,,excel-seed
seed-7-gtx-300t-170,,,2026-04-09,夜,,,7-gtx-300t,7# GTX-300T,UPPER PLATE,TM-755A-1,-,1224.73,244.95,5,30,1,100,0,50,0,1039.73,15,0,20,0,1183,3,0,,2026-06-27T00:00:00.000Z,,excel-seed
seed-7-gtx-300t-171,,,2026-04-10,白,,,7-gtx-300t,7# GTX-300T,UPPER PLATE,TM-755A-1,-,792.69,158.54,5,30,1,55,0,85,0,582.69,0,0,70,0,1430,3,0,,2026-06-27T00:00:00.000Z,,excel-seed
seed-7-gtx-300t-172,,,2026-04-10,夜,,,7-gtx-300t,7# GTX-300T,UPPER PLATE,TM-755A-1,-,1595.98,319.2,5,30,1,270,0,50,0,1180.98,30,0,65,0,3738,3,0,,2026-06-27T00:00:00.000Z,,excel-seed
seed-7-gtx-300t-173,,,2026-04-11,白,,,7-gtx-300t,7# GTX-300T,UPPER PLATE,TM-755A-1,-,1746.54,349.31,5,30,1,125,0,20,0,1586.54,0,0,10,5,780,3,0,,2026-06-27T00:00:00.000Z,,excel-seed
seed-7-gtx-300t-174,,,2026-04-16,白,,,7-gtx-300t,7# GTX-300T,UPPER PLATE,TM-755A-1,-,628.67,125.73,5,30,1,130,0,45,45,383.67,0,0,20,5,2033,0,0,,2026-06-27T00:00:00.000Z,,excel-seed
seed-7-gtx-300t-175,,,2026-04-16,白,,,7-gtx-300t,7# GTX-300T,UPPER PLATE,TM-755A-1,-,483.16,96.63,5,30,1,150,0,40,0,248.16,0,0,45,0,2720,3,0,,2026-06-27T00:00:00.000Z,,excel-seed
seed-7-gtx-300t-176,,,2026-04-17,白,,,7-gtx-300t,7# GTX-300T,UPPER PLATE,TM-755A-1,-,1268.95,253.79,5,30,1,390,0,135,15,608.95,40,0,80,0,8550,9,0,,2026-06-27T00:00:00.000Z,,excel-seed
seed-7-gtx-300t-177,,,2026-04-18,白,,,7-gtx-300t,7# GTX-300T,UPPER PLATE,TM-755A-1,-,1509.01,301.8,5,30,1,490,0,55,20,849.01,15,0,80,0,9090,9,0,,2026-06-27T00:00:00.000Z,,excel-seed
seed-7-gtx-300t-178,,,2026-04-20,白,,,7-gtx-300t,7# GTX-300T,UPPER PLATE,TM-755A-1,-,1362.11,272.42,5,30,1,400,0,100,0,742.11,30,0,90,0,7600,6,0,,2026-06-27T00:00:00.000Z,,excel-seed
seed-7-gtx-300t-179,,,2026-04-20,夜,,,7-gtx-300t,7# GTX-300T,UPPER PLATE,TM-755A-1,-,1210.76,242.15,5,30,1,305,0,145,0,685.76,15,0,60,0,6071,6,0,,2026-06-27T00:00:00.000Z,,excel-seed
seed-7-gtx-300t-180,,,2026-04-21,白,,,7-gtx-300t,7# GTX-300T,UPPER PLATE,TM-755A-1,-,1194.21,238.84,5,30,1,355,0,125,0,604.21,30,0,80,0,8020,6,0,,2026-06-27T00:00:00.000Z,,excel-seed
seed-7-gtx-300t-181,,,2026-04-22,白,,,7-gtx-300t,7# GTX-300T,CG BRACKET RH,2567476-AB,-,1250.02,250,5,25,1,370,65,115,0,590.02,30,0,80,0,7290,6,0,,2026-06-27T00:00:00.000Z,,excel-seed
seed-7-gtx-300t-182,,,2026-04-22,夜,,,7-gtx-300t,7# GTX-300T,CG BRACKET RH,2567476-AB,-,1730.17,346.03,5,25,1,485,0,50,0,1070.17,15,0,60,50,5665,3,0,,2026-06-27T00:00:00.000Z,,excel-seed
seed-7-gtx-300t-183,,,2026-04-23,白,,,7-gtx-300t,7# GTX-300T,Resi Cover Bracket,NVE96548,-,455.68,91.14,5,25,1,35,20,300,0,55.68,0,0,45,0,1100,3,0,,2026-06-27T00:00:00.000Z,,excel-seed
seed-7-gtx-300t-184,,,2026-04-23,夜,,,7-gtx-300t,7# GTX-300T,Resi Cover Bracket,NVE96548,-,3302.27,660.45,5,25,1,425,0,15,0,2822.27,0,0,40,0,1600,0,0,,2026-06-27T00:00:00.000Z,,excel-seed
seed-7-gtx-300t-185,,,2026-04-24,白,,,7-gtx-300t,7# GTX-300T,Resi Cover Bracket,NVE96548,-,1178.22,235.64,5,25,1,430,0,40,0,633.22,0,0,70,5,7300,0,0,,2026-06-27T00:00:00.000Z,,excel-seed
seed-7-gtx-300t-186,,,2026-04-25,白,,,7-gtx-300t,7# GTX-300T,UPPER PLATE,TM-755A-1,-,1041.01,208.2,5,30,1,220,0,155,0,576.01,15,0,75,0,4927,3,0,,2026-06-27T00:00:00.000Z,,excel-seed
seed-7-gtx-300t-187,,,2026-04-25,夜,,,7-gtx-300t,7# GTX-300T,UPPER RING,SB-068A-1-3,-,1505,301,5,25,1,410,0,30,0,1025,0,0,40,0,4100,6,0,,2026-06-27T00:00:00.000Z,,excel-seed
seed-7-gtx-300t-188,,,2026-04-27,白,,,7-gtx-300t,7# GTX-300T,UPPER RING,SB-068A-1-3,-,498.91,99.78,5,25,1,105,10,45,0,208.91,0,0,10,120,1445,0,0,,2026-06-27T00:00:00.000Z,,excel-seed
seed-7-gtx-300t-189,,,2026-04-27,白,,,7-gtx-300t,7# GTX-300T,RETAINER RING ASSEMBLY,5036755-AA,-,556.38,111.28,5,20,1,130,10,115,0,251.38,0,0,50,0,1448,3,0,,2026-06-27T00:00:00.000Z,,excel-seed
seed-7-gtx-300t-190,,,2026-04-28,白,,,7-gtx-300t,7# GTX-300T,RETAINER RING ASSEMBLY,5036755-AA,-,1169.34,233.87,5,20,1,160,35,135,0,809.34,0,0,25,5,771,0,0,,2026-06-27T00:00:00.000Z,,excel-seed
seed-7-gtx-300t-191,,,2026-04-28,白,,,7-gtx-300t,7# GTX-300T,UPPER PLATE,TM-755A-1,-,638.16,127.63,5,30,1,145,15,95,0,298.16,30,0,55,0,2772,6,0,,2026-06-27T00:00:00.000Z,,excel-seed
seed-7-gtx-300t-192,,,2026-04-29,白,,,7-gtx-300t,7# GTX-300T,UPPER PLATE,TM-755A-1,-,1404.51,280.9,5,30,1,140,0,50,0,1189.51,0,0,25,0,1430,4,0,,2026-06-27T00:00:00.000Z,,excel-seed
seed-7-gtx-300t-193,,,2026-04-29,白,,,7-gtx-300t,7# GTX-300T,LOWER BASE,SB-042B-2-2-1,-,386.64,77.33,5,30,1,100,20,20,0,186.64,15,0,45,0,2170,3,0,,2026-06-27T00:00:00.000Z,,excel-seed
seed-7-gtx-300t-194,,,2026-04-30,白,,,7-gtx-300t,7# GTX-300T,LOWER BASE,SB-042B-2-2-1,-,622.89,124.58,5,30,1,195,5,90,0,307.89,5,0,15,5,3895,3,0,,2026-06-27T00:00:00.000Z,,excel-seed
seed-7-gtx-300t-195,,,2026-04-30,白,,,7-gtx-300t,7# GTX-300T,SPACER PLATE,SB-092A-1-5,-,852.02,170.4,5,25,1,235,15,25,0,537.02,0,0,40,0,2735,3,0,,2026-06-27T00:00:00.000Z,,excel-seed
seed-7-gtx-300t-196,,,2026-05-04,白,,,7-gtx-300t,7# GTX-300T,UPPER PLATE,TM-755A-1,-,394.02,78.8,5,30,1,50,0,65,0,269.02,0,0,10,0,920,4,0,,2026-06-27T00:00:00.000Z,,excel-seed
seed-7-gtx-300t-197,,,2026-05-06,白,,,7-gtx-300t,7# GTX-300T,Metal Box 14 WAY,NMS/BRU30889,4/5,1026.5,205.3,5,2.6,1,405,15,20,0,526.5,0,0,60,0,840,0,0,,2026-06-27T00:00:00.000Z,,excel-seed
seed-7-gtx-300t-198,,,2026-05-06,白,,,7-gtx-300t,7# GTX-300T,Metal Box 14 WAY,NMS/BRU30889,5/5,1026.5,205.3,5,2.6,1,405,15,20,0,526.5,0,0,60,0,840,0,0,,2026-06-27T00:00:00.000Z,,excel-seed
seed-7-gtx-300t-199,,,2026-05-06,夜,,,7-gtx-300t,7# GTX-300T,Metal Box 14 WAY,NMS/BRU30889,4/5,1346.12,269.22,5,2.6,1,500,0,25,0,756.12,0,0,65,0,980,0,0,,2026-06-27T00:00:00.000Z,,excel-seed
seed-7-gtx-300t-200,,,2026-05-06,夜,,,7-gtx-300t,7# GTX-300T,Metal Box 14 WAY,NMS/BRU30889,5/5,1346.12,269.22,5,2.6,1,500,0,25,0,756.12,0,0,65,0,980,0,0,,2026-06-27T00:00:00.000Z,,excel-seed
seed-7-gtx-300t-201,,,2026-05-07,白,,,7-gtx-300t,7# GTX-300T,Metal Box 14 WAY,NMS/BRU30889,4/5,255.36,51.07,5,2.6,1,95,0,25,0,130.36,0,0,0,5,180,0,0,,2026-06-27T00:00:00.000Z,,excel-seed
seed-7-gtx-300t-202,,,2026-05-07,白,,,7-gtx-300t,7# GTX-300T,Metal Box 14 WAY,NMS/BRU30889,5/5,255.36,51.07,5,2.6,1,95,0,25,0,130.36,0,0,0,5,180,0,0,,2026-06-27T00:00:00.000Z,,excel-seed
seed-7-gtx-300t-203,,,2026-05-07,白,,,7-gtx-300t,7# GTX-300T,UPPER PLATE,TM-755A-1,-,988.3,197.66,5,30,1,320,15,50,0,528.3,15,0,60,0,6360,6,0,,2026-06-27T00:00:00.000Z,,excel-seed
seed-7-gtx-300t-204,,,2026-05-07,夜,,,7-gtx-300t,7# GTX-300T,UPPER PLATE,TM-755A-1,-,934.15,186.83,5,30,1,240,0,45,0,609.15,10,0,30,0,4787,3,0,,2026-06-27T00:00:00.000Z,,excel-seed
seed-7-gtx-300t-205,,,2026-05-08,白,,,7-gtx-300t,7# GTX-300T,UPPER PLATE,TM-755A-1,-,1268.28,253.66,5,30,1,385,0,165,0,608.28,30,0,80,0,7880,6,0,,2026-06-27T00:00:00.000Z,,excel-seed
seed-7-gtx-300t-206,,,2026-05-08,夜,,,7-gtx-300t,7# GTX-300T,Metal Box4-6WAY,NMS/BRU30887,4/5,1806.08,361.22,5,2.6,1,570,0,10,0,1146.08,10,0,70,0,750,0,0,,2026-06-27T00:00:00.000Z,,excel-seed
seed-7-gtx-300t-207,,,2026-05-08,夜,,,7-gtx-300t,7# GTX-300T,Metal Box4-6WAY,NMS/BRU30887,5/5,1806.08,361.22,5,2.6,1,570,0,10,0,1146.08,10,0,70,0,750,0,0,,2026-06-27T00:00:00.000Z,,excel-seed
seed-7-gtx-300t-208,,,2026-05-09,白,,,7-gtx-300t,7# GTX-300T,UPPER PLATE,TM-755A-1,-,1186.43,237.29,5,30,1,315,70,160,0,526.43,25,0,90,0,7360,9,0,,2026-06-27T00:00:00.000Z,,excel-seed
seed-7-gtx-300t-209,,,2026-05-09,夜,,,7-gtx-300t,7# GTX-300T,UPPER PLATE,TM-755A-1,-,385.82,77.16,5,30,1,100,0,100,0,140.82,15,0,25,5,2450,3,0,,2026-06-27T00:00:00.000Z,,excel-seed
seed-7-gtx-300t-210,,,2026-05-11,白,,,7-gtx-300t,7# GTX-300T,UPPER PLATE,TM-755A-1,-,1234.28,246.86,5,30,1,375,0,180,0,574.28,15,0,90,0,7640,6,0,,2026-06-27T00:00:00.000Z,,excel-seed
seed-7-gtx-300t-211,,,2026-05-11,夜,,,7-gtx-300t,7# GTX-300T,UPPER PLATE,TM-755A-1,-,143.6,28.72,5,30,1,50,10,35,0,48.6,0,0,0,0,1852,0,0,,2026-06-27T00:00:00.000Z,,excel-seed
seed-7-gtx-300t-212,,,2026-05-12,白,,,7-gtx-300t,7# GTX-300T,OUTER,SB-087A-1,-,2428.36,485.67,5,25,1,90,85,180,0,1998.36,0,0,75,0,456,4,0,,2026-06-27T00:00:00.000Z,,excel-seed
seed-7-gtx-300t-213,,,2026-05-13,白,,,7-gtx-300t,7# GTX-300T,OUTER,SB-087A-1,-,850.17,170.03,5,25,1,185,0,170,0,395.17,15,0,85,0,4740,6,0,,2026-06-27T00:00:00.000Z,,excel-seed
seed-7-gtx-300t-214,,,2026-05-13,夜,,,7-gtx-300t,7# GTX-300T,OUTER,SB-087A-1,-,546.39,109.28,5,25,1,55,0,130,0,121.39,0,0,0,240,1246,2,0,,2026-06-27T00:00:00.000Z,,excel-seed
seed-7-gtx-300t-215,,,2026-05-14,白,,,7-gtx-300t,7# GTX-300T,OUTER,SB-087A-1,-,909.8,181.96,5,25,1,225,50,80,0,479.8,15,0,50,10,3986,3,0,,2026-06-27T00:00:00.000Z,,excel-seed
seed-7-gtx-300t-216,,,2026-05-14,夜,,,7-gtx-300t,7# GTX-300T,Metal Box4-6WAY,NMS/BRU30887,4/5,1412.8,282.56,5,2.6,1,505,0,60,0,787.8,0,0,60,0,900,0,0,,2026-06-27T00:00:00.000Z,,excel-seed
seed-7-gtx-300t-217,,,2026-05-14,夜,,,7-gtx-300t,7# GTX-300T,Metal Box4-6WAY,NMS/BRU30887,5/5,1412.8,282.56,5,2.6,1,505,0,60,0,787.8,0,0,60,0,900,0,0,,2026-06-27T00:00:00.000Z,,excel-seed
seed-7-gtx-300t-218,,,2026-05-15,白,,,7-gtx-300t,7# GTX-300T,UPPER PLATE,TM-755A-1,-,1419.72,283.94,5,30,1,375,105,90,0,759.72,15,0,75,0,7330,9,0,,2026-06-27T00:00:00.000Z,,excel-seed
seed-7-gtx-300t-219,,,2026-05-15,夜,,,7-gtx-300t,7# GTX-300T,Metal Box4-6WAY,NMS/BRU30887,4/5,1492.5,298.5,5,2.6,1,555,0,35,0,832.5,0,0,70,0,962,0,0,,2026-06-27T00:00:00.000Z,,excel-seed
seed-7-gtx-300t-220,,,2026-05-15,夜,,,7-gtx-300t,7# GTX-300T,Metal Box4-6WAY,NMS/BRU30887,5/5,1492.5,298.5,5,2.6,1,555,0,35,0,832.5,0,0,70,0,962,0,0,,2026-06-27T00:00:00.000Z,,excel-seed
seed-7-gtx-300t-221,,,2026-05-16,白,,,7-gtx-300t,7# GTX-300T,Metal Box4-6WAY,NMS/BRU30887,4/5,1494.06,298.81,5,2.6,1,515,0,25,40,834.06,0,0,70,10,891,0,0,,2026-06-27T00:00:00.000Z,,excel-seed
seed-7-gtx-300t-222,,,2026-05-16,白,,,7-gtx-300t,7# GTX-300T,Metal Box4-6WAY,NMS/BRU30887,5/5,1494.06,298.81,5,2.6,1,515,0,25,40,834.06,0,0,70,10,891,0,0,,2026-06-27T00:00:00.000Z,,excel-seed
seed-7-gtx-300t-223,,,2026-05-16,夜,,,7-gtx-300t,7# GTX-300T,Metal Box4-6WAY,NMS/BRU30887,4/5,1078.64,215.73,5,2.6,1,415,0,30,0,598.64,0,0,35,0,748,0,0,,2026-06-27T00:00:00.000Z,,excel-seed
seed-7-gtx-300t-224,,,2026-05-16,夜,,,7-gtx-300t,7# GTX-300T,Metal Box4-6WAY,NMS/BRU30887,5/5,1078.64,215.73,5,2.6,1,415,0,30,0,598.64,0,0,35,0,748,0,0,,2026-06-27T00:00:00.000Z,,excel-seed
seed-7-gtx-300t-225,,,2026-05-18,白,,,7-gtx-300t,7# GTX-300T,UPPER PLATE,TM-755A-1,-,1424.85,284.97,5,30,1,400,65,60,25,764.85,25,0,85,0,8080,6,0,,2026-06-27T00:00:00.000Z,,excel-seed
seed-7-gtx-300t-226,,,2026-05-19,白,,,7-gtx-300t,7# GTX-300T,UPPER PLATE,TM-755A-1,-,1352.49,270.5,5,30,1,450,0,105,0,692.49,25,0,80,0,9260,6,0,,2026-06-27T00:00:00.000Z,,excel-seed
seed-7-gtx-300t-227,,,2026-05-20,白,,,7-gtx-300t,7# GTX-300T,UPPER PLATE,TM-755A-1,-,709.9,141.98,5,30,1,235,5,35,0,404.9,15,0,15,0,4440,6,0,,2026-06-27T00:00:00.000Z,,excel-seed
seed-7-gtx-300t-228,,,2026-05-21,白,,,7-gtx-300t,7# GTX-300T,CG BRACKET RH,2567476-AB,-,698.03,139.61,5,25,1,225,30,40,0,373.03,0,0,30,0,4373,3,0,,2026-06-27T00:00:00.000Z,,excel-seed
seed-7-gtx-300t-229,,,2026-05-21,白,,,7-gtx-300t,7# GTX-300T,Retainer Ring Assembly,5036775-AA,-,721.11,144.22,5,20,1,25,25,30,0,611.11,0,0,30,0,180,3,0,,2026-06-27T00:00:00.000Z,,excel-seed
seed-7-gtx-300t-230,,,2026-05-21,夜,,,7-gtx-300t,7# GTX-300T,Retainer Ring Assembly,5036775-AA,-,483.57,96.71,5,20,1,25,0,85,0,303.57,0,0,15,55,140,0,0,,2026-06-27T00:00:00.000Z,,excel-seed
seed-7-gtx-300t-231,,,2026-05-22,白,,,7-gtx-300t,7# GTX-300T,Retainer Ring Assembly,5036775-AA,-,1415.22,283.04,5,20,1,380,0,65,0,860.22,30,0,80,0,4550,6,0,,2026-06-27T00:00:00.000Z,,excel-seed
seed-7-gtx-300t-232,,,2026-05-22,夜,,,7-gtx-300t,7# GTX-300T,Retainer Ring Assembly,5036775-AA,-,1527.5,305.5,5,20,1,225,0,70,0,1187.5,15,0,30,0,1440,3,0,,2026-06-27T00:00:00.000Z,,excel-seed
seed-7-gtx-300t-233,,,2026-05-23,白,,,7-gtx-300t,7# GTX-300T,Retainer Ring Assembly,5036775-AA,-,476.02,95.2,5,20,1,100,30,25,0,236.02,60,0,20,5,1610,3,0,,2026-06-27T00:00:00.000Z,,excel-seed
seed-7-gtx-300t-234,,,2026-05-23,白,,,7-gtx-300t,7# GTX-300T,STAY UPPER 0092,1189785,-,662.5,132.5,5,25,2,100,55,65,0,387.5,0,0,45,10,2000,6,0,,2026-06-27T00:00:00.000Z,,excel-seed
seed-7-gtx-300t-235,,,2026-05-23,夜,,,7-gtx-300t,7# GTX-300T,LOWER BASE,SB-042B-2-2-1,-,747.73,149.55,5,30,1,25,0,70,0,647.73,0,0,5,0,330,3,0,,2026-06-27T00:00:00.000Z,,excel-seed
seed-7-gtx-300t-236,,,2026-05-24,白,,,7-gtx-300t,7# GTX-300T,LOWER BASE,SB-042B-2-2-1,-,1210.2,242.04,5,30,1,180,5,110,0,855.2,0,0,60,0,2210,4,0,,2026-06-27T00:00:00.000Z,,excel-seed
seed-7-gtx-300t-237,,,2026-05-24,白,,,7-gtx-300t,7# GTX-300T,Metal Box4-6WAY,NMS/BRU30887,4/5,174.38,34.88,5,2.6,1,65,15,20,0,64.38,0,0,10,0,210,0,0,,2026-06-27T00:00:00.000Z,,excel-seed
seed-7-gtx-300t-238,,,2026-05-24,白,,,7-gtx-300t,7# GTX-300T,Metal Box4-6WAY,NMS/BRU30887,5/5,174.38,34.88,5,2.6,1,65,15,20,0,64.38,0,0,10,0,210,0,0,,2026-06-27T00:00:00.000Z,,excel-seed
seed-7-gtx-300t-239,,,2026-05-24,夜,,,7-gtx-300t,7# GTX-300T,Metal Box4-6WAY,NMS/BRU30887,4/5,1485.86,297.17,5,2.6,1,565,0,30,0,825.86,0,0,65,0,1005,0,0,,2026-06-27T00:00:00.000Z,,excel-seed
seed-7-gtx-300t-240,,,2026-05-24,夜,,,7-gtx-300t,7# GTX-300T,Metal Box4-6WAY,NMS/BRU30887,5/5,1485.86,297.17,5,2.6,1,565,0,30,0,825.86,0,0,65,0,1005,0,0,,2026-06-27T00:00:00.000Z,,excel-seed
seed-7-gtx-300t-241,,,2026-05-25,白,,,7-gtx-300t,7# GTX-300T,Metal Box4-6WAY,NMS/BRU30887,4/5,173.33,34.67,5,2.6,1,50,30,30,0,53.33,0,0,10,0,195,0,0,,2026-06-27T00:00:00.000Z,,excel-seed
seed-7-gtx-300t-242,,,2026-05-25,白,,,7-gtx-300t,7# GTX-300T,Metal Box4-6WAY,NMS/BRU30887,5/5,173.33,34.67,5,2.6,1,50,30,30,0,53.33,0,0,10,0,195,0,0,,2026-06-27T00:00:00.000Z,,excel-seed
seed-7-gtx-300t-243,,,2026-05-25,夜,,,7-gtx-300t,7# GTX-300T,Metal Box4-6WAY,NMS/BRU30887,4/5,1318.72,263.74,5,2.6,1,575,0,20,0,658.72,0,0,65,0,1305,0,0,,2026-06-27T00:00:00.000Z,,excel-seed
seed-7-gtx-300t-244,,,2026-05-25,夜,,,7-gtx-300t,7# GTX-300T,Metal Box4-6WAY,NMS/BRU30887,5/5,1318.72,263.74,5,2.6,1,575,0,20,0,658.72,0,0,65,0,1305,0,0,,2026-06-27T00:00:00.000Z,,excel-seed
seed-7-gtx-300t-245,,,2026-05-26,白,,,7-gtx-300t,7# GTX-300T,CG BRACKET RH,2567476-AB,-,1308.74,261.75,5,25,1,420,105,45,0,648.74,15,0,75,0,8740,3,0,,2026-06-27T00:00:00.000Z,,excel-seed
seed-7-gtx-300t-246,,,2026-05-27,白,,,7-gtx-300t,7# GTX-300T,UPPER PLATE,TM-755A-1,-,1243.7,248.74,5,30,1,355,25,80,20,663.7,30,0,70,0,6900,6,0,,2026-06-27T00:00:00.000Z,,excel-seed
seed-7-gtx-300t-247,,,2026-05-27,夜,,,7-gtx-300t,7# GTX-300T,UPPER PLATE,TM-755A-1,-,942.99,188.6,5,30,1,235,0,85,0,552.99,0,0,70,0,2996,4,0,,2026-06-27T00:00:00.000Z,,excel-seed
seed-7-gtx-300t-248,,,2026-05-28,白,,,7-gtx-300t,7# GTX-300T,UPPER PLATE,TM-755A-1,-,190,38,5,30,1,25,0,95,0,0,0,0,70,0,0,50,0,,2026-06-27T00:00:00.000Z,,excel-seed
seed-7-gtx-300t-249,,,2026-05-29,白,,,7-gtx-300t,7# GTX-300T,LOWER BASE,SB-042B-2-2-1,-,888.25,177.65,5,30,1,230,120,40,0,458.25,0,0,35,5,5270,3,0,,2026-06-27T00:00:00.000Z,,excel-seed
seed-7-gtx-300t-250,,,2026-05-30,白,,,7-gtx-300t,7# GTX-300T,UPPER PLATE,TM-755A-1,-,1546.76,309.35,5,30,1,115,0,255,40,1056.76,15,0,65,0,1110,3,0,,2026-06-27T00:00:00.000Z,,excel-seed
seed-7-gtx-300t-251,,,2026-06-01,白,,,7-gtx-300t,7# GTX-300T,UPPER PLATE,TM-755A-1,-,614.4,122.88,5,30,1,110,5,65,0,399.4,0,0,35,0,2520,8,0,,2026-06-27T00:00:00.000Z,,excel-seed
seed-7-gtx-300t-252,,,2026-06-02,白,,,7-gtx-300t,7# GTX-300T,LOWER SHEET METAL ASSEMBLY,10383086,1/3,772.16,154.43,5,20,1,265,15,55,0,397.16,10,0,25,5,3870,6,0,,2026-06-27T00:00:00.000Z,,excel-seed
seed-7-gtx-300t-253,,,2026-06-02,白,,,7-gtx-300t,7# GTX-300T,Metal Box4-6WAY,NMS/BRU30887,4/5,151.33,30.27,5,2.6,1,50,15,20,0,56.33,0,0,10,0,150,0,0,,2026-06-27T00:00:00.000Z,,excel-seed
seed-7-gtx-300t-254,,,2026-06-02,白,,,7-gtx-300t,7# GTX-300T,Metal Box4-6WAY,NMS/BRU30887,5/5,151.33,30.27,5,2.6,1,50,15,20,0,56.33,0,0,10,0,150,0,0,,2026-06-27T00:00:00.000Z,,excel-seed
seed-7-gtx-300t-255,,,2026-06-02,夜,,,7-gtx-300t,7# GTX-300T,Metal Box4-6WAY,NMS/BRU30887,4/5,1305.86,261.17,5,2.6,1,555,0,35,0,645.86,0,0,70,0,1240,0,0,,2026-06-27T00:00:00.000Z,,excel-seed
seed-7-gtx-300t-256,,,2026-06-02,夜,,,7-gtx-300t,7# GTX-300T,Metal Box4-6WAY,NMS/BRU30887,5/5,1305.86,261.17,5,2.6,1,555,0,35,0,645.86,0,0,70,0,1240,0,0,,2026-06-27T00:00:00.000Z,,excel-seed
seed-7-gtx-300t-257,,,2026-06-03,白,,,7-gtx-300t,7# GTX-300T,"SHIELD, RESOLVER STATOR",3605-2367,-,1067.8,213.56,5,20,2,355,20,60,0,562.8,15,0,50,5,9840,12,0,,2026-06-27T00:00:00.000Z,,excel-seed
seed-7-gtx-300t-258,,,2026-06-04,白,,,7-gtx-300t,7# GTX-300T,UPPER PLATE,TM-755A-1,-,1241.53,248.31,5,30,1,370,15,90,30,636.53,30,0,70,0,7760,9,0,,2026-06-27T00:00:00.000Z,,excel-seed
seed-7-gtx-300t-259,,,2026-06-05,白,,,7-gtx-300t,7# GTX-300T,UPPER PLATE,TM-755A-1,-,1245.69,249.14,5,30,1,440,0,115,0,585.69,25,0,80,0,10480,9,0,,2026-06-27T00:00:00.000Z,,excel-seed
seed-7-gtx-300t-260,,,2026-06-08,白,,,7-gtx-300t,7# GTX-300T,UPPER PLATE,TM-755A-1,-,1276.07,255.21,5,30,1,460,0,105,0,616.07,15,0,80,0,10640,9,0,,2026-06-27T00:00:00.000Z,,excel-seed
seed-7-gtx-300t-261,,,2026-06-09,白,,,7-gtx-300t,7# GTX-300T,UPPER PLATE,TM-755A-1,-,1232.83,246.57,5,30,1,180,0,185,0,772.83,15,0,80,0,2760,3,0,,2026-06-27T00:00:00.000Z,,excel-seed
seed-7-gtx-300t-262,,,2026-06-09,夜,,,7-gtx-300t,7# GTX-300T,Metal Box8-10WAY,NMS/BRU30888,4/5,1071.5,214.3,5,2.6,1,350,40,35,0,591.5,0,0,55,0,600,0,0,,2026-06-27T00:00:00.000Z,,excel-seed
seed-7-gtx-300t-263,,,2026-06-09,夜,,,7-gtx-300t,7# GTX-300T,Metal Box8-10WAY,NMS/BRU30888,5/5,1071.5,214.3,5,2.6,1,350,40,35,0,591.5,0,0,55,0,600,0,0,,2026-06-27T00:00:00.000Z,,excel-seed
seed-7-gtx-300t-264,,,2026-06-10,白,,,7-gtx-300t,7# GTX-300T,Metal Box8-10WAY,NMS/BRU30888,4/5,1295.3,259.06,5,2.6,1,535,0,20,0,675.3,0,0,65,0,1102,0,0,,2026-06-27T00:00:00.000Z,,excel-seed
seed-7-gtx-300t-265,,,2026-06-10,白,,,7-gtx-300t,7# GTX-300T,Metal Box8-10WAY,NMS/BRU30888,5/5,1295.3,259.06,5,2.6,1,535,0,20,0,675.3,0,0,65,0,1102,0,0,,2026-06-27T00:00:00.000Z,,excel-seed
seed-7-gtx-300t-266,,,2026-06-11,白,,,7-gtx-300t,7# GTX-300T,Metal Box8-10WAY,NMS/BRU30888,4/5,1267.01,253.4,5,2.6,1,490,10,15,0,682.01,0,0,70,0,934,0,0,,2026-06-27T00:00:00.000Z,,excel-seed
seed-7-gtx-300t-267,,,2026-06-11,白,,,7-gtx-300t,7# GTX-300T,Metal Box8-10WAY,NMS/BRU30888,5/5,1267.01,253.4,5,2.6,1,490,10,15,0,682.01,0,0,70,0,934,0,0,,2026-06-27T00:00:00.000Z,,excel-seed
seed-7-gtx-300t-268,,,2026-06-11,夜,,,7-gtx-300t,7# GTX-300T,CJ TIE BAR IEA 8710,5038710,-,425,85,5,30,2,100,20,55,0,240,0,0,10,0,3000,0,0,,2026-06-27T00:00:00.000Z,,excel-seed
seed-7-gtx-300t-269,,,2026-06-12,白,,,7-gtx-300t,7# GTX-300T,STOPPER RING,SB-092B-1-3,-,1185.16,237.03,5,25,1,330,115,45,0,615.16,0,0,80,0,5968,3,0,,2026-06-27T00:00:00.000Z,,excel-seed
seed-7-gtx-300t-270,,,2026-06-13,白,,,7-gtx-300t,7# GTX-300T,Metal Box8-10WAY,NMS/BRU30888,4/5,1023.56,204.71,5,2.6,1,385,0,25,0,543.56,0,0,45,25,709,0,0,,2026-06-27T00:00:00.000Z,,excel-seed
seed-7-gtx-300t-271,,,2026-06-13,白,,,7-gtx-300t,7# GTX-300T,Metal Box8-10WAY,NMS/BRU30888,5/5,1023.56,204.71,5,2.6,1,385,0,25,0,543.56,0,0,45,25,709,0,0,,2026-06-27T00:00:00.000Z,,excel-seed
seed-7-gtx-300t-272,,,2026-06-15,白,,,7-gtx-300t,7# GTX-300T,UPPER PLATE,TM-755A-1,-,821.66,164.33,5,30,1,75,0,60,55,606.66,0,0,25,0,1465,0,0,,2026-06-27T00:00:00.000Z,,excel-seed
seed-7-gtx-300t-273,,,2026-06-16,白,,,7-gtx-300t,7# GTX-300T,UPPER PLATE,TM-755A-1,-,1333.93,266.79,5,30,1,345,0,155,25,688.93,45,0,75,0,6460,9,0,,2026-06-27T00:00:00.000Z,,excel-seed
seed-7-gtx-300t-274,,,2026-06-16,夜,,,7-gtx-300t,7# GTX-300T,UPPER PLATE,TM-755A-1,-,2025.71,405.14,5,30,1,495,0,35,0,1425.71,10,0,60,0,5260,3,0,,2026-06-27T00:00:00.000Z,,excel-seed
seed-7-gtx-300t-275,,,2026-06-17,白,,,7-gtx-300t,7# GTX-300T,UPPER PLATE,TM-755A-1,-,1140,228,5,30,1,185,0,115,30,705,30,0,75,0,3700,6,0,,2026-06-27T00:00:00.000Z,,excel-seed
seed-7-gtx-300t-276,,,2026-06-18,白,,,7-gtx-300t,7# GTX-300T,UPPER PLATE,TM-755A-1,-,983.62,196.72,5,30,1,220,0,175,25,433.62,30,0,100,0,5860,6,0,,2026-06-27T00:00:00.000Z,,excel-seed
seed-7-gtx-300t-277,,,2026-06-18,夜,,,7-gtx-300t,7# GTX-300T,UPPER PLATE,TM-755A-1,-,2074,414.8,5,30,1,505,55,35,0,1414,0,0,60,5,6000,3,0,,2026-06-27T00:00:00.000Z,,excel-seed
seed-7-gtx-300t-278,,,2026-06-19,白,,,7-gtx-300t,7# GTX-300T,CG BRACKET RH,2567476-AB,-,970.08,194.02,5,25,1,365,15,50,0,465.08,15,0,60,0,7750,6,0,,2026-06-27T00:00:00.000Z,,excel-seed
seed-7-gtx-300t-279,,,2026-06-19,夜,,,7-gtx-300t,7# GTX-300T,CG BRACKET RH,2567476-AB,-,773.33,154.67,5,25,1,120,40,80,0,533.33,0,0,0,0,900,10,0,,2026-06-27T00:00:00.000Z,,excel-seed
seed-7-gtx-300t-280,,,2026-06-20,白,,,7-gtx-300t,7# GTX-300T,RETAINER RING ASSEMBLY,5036755-AA,-,1299.61,259.92,5,20,1,420,15,90,0,674.61,30,0,70,0,5790,6,0,,2026-06-27T00:00:00.000Z,,excel-seed
seed-7-gtx-300t-281,,,2026-06-20,夜,,,7-gtx-300t,7# GTX-300T,RETAINER RING ASSEMBLY,5036755-AA,-,2133.16,426.63,5,20,1,290,0,95,0,1728.16,0,0,20,0,1225,15,0,,2026-06-27T00:00:00.000Z,,excel-seed
seed-7-gtx-300t-282,,,2026-06-22,白,,,7-gtx-300t,7# GTX-300T,UPPER PLATE,TM-755A-1,-,1245.33,249.07,5,30,1,410,15,80,0,640.33,30,0,70,0,8740,6,0,,2026-06-27T00:00:00.000Z,,excel-seed
seed-7-gtx-300t-283,,,2026-06-22,夜,,,7-gtx-300t,7# GTX-300T,UPPER PLATE,TM-755A-1,-,584.55,116.91,5,30,1,185,0,35,0,344.55,0,0,10,10,2980,20,0,,2026-06-27T00:00:00.000Z,,excel-seed
seed-7-gtx-300t-284,,,2026-06-23,白,,,7-gtx-300t,7# GTX-300T,Orifice Plate,SB-062C-2,-,612.29,122.46,5,25,1,200,20,65,0,292.29,15,0,20,0,4020,6,0,,2026-06-27T00:00:00.000Z,,excel-seed
seed-7-gtx-300t-285,,,2026-06-24,白,,,7-gtx-300t,7# GTX-300T,Orifice Plate,SB-062C-2,-,1361.57,272.31,5,25,1,385,15,60,0,761.57,35,35,70,0,5940,3,0,,2026-06-27T00:00:00.000Z,,excel-seed
seed-7-gtx-300t-286,,,2026-06-24,夜,,,7-gtx-300t,7# GTX-300T,UPPER PLATE,TM-755A-1,-,348.99,69.8,5,25,1,105,0,30,0,168.99,0,0,45,0,1631,6,0,,2026-06-27T00:00:00.000Z,,excel-seed
seed-7-gtx-300t-287,,,2026-06-25,白,,,7-gtx-300t,7# GTX-300T,UPPER PLATE,TM-755A-1,-,1171.71,234.34,5,25,1,180,0,270,10,621.71,15,0,75,0,2280,6,0,,2026-06-27T00:00:00.000Z,,excel-seed
seed-8-gtx-500t-1,,,2026-01-08,白,,,8-gtx-500t,8# GTX-500T,BRKT(FE),TH-538A-2-1,1/4,349.23,69.85,5,20,1,50,30,15,0,229.23,0,0,20,5,349,3,0,,2026-06-27T00:00:00.000Z,,excel-seed
seed-8-gtx-500t-2,,,2026-01-08,白,,,8-gtx-500t,8# GTX-500T,BRKT(FE),TH-538A-2-2,-,447.38,89.48,5,25,1,50,0,55,0,327.38,5,0,0,10,210,2,0,,2026-06-27T00:00:00.000Z,,excel-seed
seed-8-gtx-500t-3,,,2026-01-10,白,,,8-gtx-500t,8# GTX-500T,BRACKET,SB-068C-1-1,1/2,3266.94,653.39,5,25,1,595,0,70,0,2486.94,45,0,55,15,3828,6,0,,2026-06-27T00:00:00.000Z,,excel-seed
seed-8-gtx-500t-4,,,2026-01-11,白,,,8-gtx-500t,8# GTX-500T,UPPER HOUSING,10383172,1/2,1528.99,305.8,5,20,1,275,270,35,0,868.99,20,0,40,20,3576,6,0,,2026-06-27T00:00:00.000Z,,excel-seed
seed-8-gtx-500t-5,,,2026-01-11,白,,,8-gtx-500t,8# GTX-500T,UPPER HOUSING,10383179,1/2,839.05,167.81,5,20,1,180,30,25,0,599.05,0,0,0,5,1262,3,0,,2026-06-27T00:00:00.000Z,,excel-seed
seed-8-gtx-500t-6,,,2026-01-12,白,,,8-gtx-500t,8# GTX-500T,UPPER HOUSING,10383179,2/2,8325.17,1665.03,5,20,1,690,0,25,0,7545.17,0,0,55,10,1262,0,0,,2026-06-27T00:00:00.000Z,,excel-seed
seed-8-gtx-500t-7,,,2026-01-13,白,,,8-gtx-500t,8# GTX-500T,OUTER,TM-865A-1,-,307.06,61.41,5,20,1,85,0,55,0,167.06,0,0,0,0,1272,3,0,,2026-06-27T00:00:00.000Z,,excel-seed
seed-8-gtx-500t-8,,,2026-01-13,白,,,8-gtx-500t,8# GTX-500T,PLATE,TM-795A-1,-,540.1,108.02,5,30,2,245,0,20,0,240.1,0,0,35,0,15000,4,0,,2026-06-27T00:00:00.000Z,,excel-seed
seed-8-gtx-500t-9,,,2026-01-14,白,,,8-gtx-500t,8# GTX-500T,PLATE,TM-795A-1,-,691.29,138.26,5,30,2,310,5,30,0,306.29,15,0,25,0,20040,6,0,,2026-06-27T00:00:00.000Z,,excel-seed
seed-8-gtx-500t-10,,,2026-01-14,白,,,8-gtx-500t,8# GTX-500T,UPPER HOUSING,10383172,1/2,679.76,135.95,5,20,1,150,105,20,0,404.76,0,0,0,0,1890,3,0,,2026-06-27T00:00:00.000Z,,excel-seed
seed-8-gtx-500t-11,,,2026-01-14,白,,,8-gtx-500t,8# GTX-500T,UPPER HOUSING,10383179,1/2,509.47,101.89,5,20,1,160,0,10,0,329.47,0,0,10,0,1554,3,0,,2026-06-27T00:00:00.000Z,,excel-seed
seed-8-gtx-500t-12,,,2026-01-15,白,,,8-gtx-500t,8# GTX-500T,UPPER HOUSING,10383179,1/2,234.26,46.85,5,20,1,80,5,5,0,84.26,10,0,50,0,1804,3,0,,2026-06-27T00:00:00.000Z,,excel-seed
seed-8-gtx-500t-13,,,2026-01-15,白,,,8-gtx-500t,8# GTX-500T,OUTER,TM-771A-1,-,679.71,135.94,5,25,1,105,45,10,0,514.71,5,0,0,0,1785,3,0,,2026-06-27T00:00:00.000Z,,excel-seed
seed-8-gtx-500t-14,,,2026-01-15,白,,,8-gtx-500t,8# GTX-500T,PLATE,TM-795A-1,-,251.72,50.34,5,30,2,45,35,40,0,71.72,5,0,0,55,3200,6,0,,2026-06-27T00:00:00.000Z,,excel-seed
seed-8-gtx-500t-15,,,2026-01-16,白,,,8-gtx-500t,8# GTX-500T,PLATE,TM-795A-1,-,372.42,74.48,5,30,2,110,55,55,0,132.42,0,0,20,0,8224,0,0,,2026-06-27T00:00:00.000Z,,excel-seed
seed-8-gtx-500t-16,,,2026-01-16,白,,,8-gtx-500t,8# GTX-500T,OUTER,TM-771A-1,-,1243.53,248.71,5,25,1,380,10,70,0,698.53,15,0,10,60,5508,6,0,,2026-06-27T00:00:00.000Z,,excel-seed
seed-8-gtx-500t-17,,,2026-01-17,白,,,8-gtx-500t,8# GTX-500T,OUTER,TM-771A-1,-,1511.9,302.38,5,25,1,535,0,190,0,726.9,40,0,20,0,10580,15,0,,2026-06-27T00:00:00.000Z,,excel-seed
seed-8-gtx-500t-18,,,2026-01-20,白,,,8-gtx-500t,8# GTX-500T,OUTER,TM-865A-1,-,599.22,119.84,5,20,1,155,10,40,0,344.22,5,0,0,45,1531,6,0,,2026-06-27T00:00:00.000Z,,excel-seed
seed-8-gtx-500t-19,,,2026-01-21,白,,,8-gtx-500t,8# GTX-500T,OUTER,TM-865A-1,-,600.42,120.08,5,20,1,70,115,35,0,370.42,0,0,0,10,737,3,0,,2026-06-27T00:00:00.000Z,,excel-seed
seed-8-gtx-500t-20,,,2026-01-21,夜,,,8-gtx-500t,8# GTX-500T,OUTER,TM-860A-1,-,976.88,195.38,5,25,1,195,0,55,0,316.88,0,0,50,360,3000,3,0,,2026-06-27T00:00:00.000Z,,excel-seed
seed-8-gtx-500t-21,,,2026-01-22,白,,,8-gtx-500t,8# GTX-500T,OUTER,TM-860A-1,-,975.98,195.2,5,25,1,140,0,35,25,750.98,0,0,25,0,769,3,0,,2026-06-27T00:00:00.000Z,,excel-seed
seed-8-gtx-500t-22,,,2026-01-22,白,,,8-gtx-500t,8# GTX-500T,BRKT (FE),SB-104A-1-2,-,1614.44,322.89,5,25,1,185,10,25,0,1374.44,5,0,0,15,673,3,0,,2026-06-27T00:00:00.000Z,,excel-seed
seed-8-gtx-500t-23,,,2026-01-23,白,,,8-gtx-500t,8# GTX-500T,OUTER,TM-860A-1,-,709.66,141.93,5,25,1,195,0,105,0,394.66,15,0,0,0,2594,6,0,,2026-06-27T00:00:00.000Z,,excel-seed
seed-8-gtx-500t-24,,,2026-01-23,夜,,,8-gtx-500t,8# GTX-500T,OUTER,TM-860A-1,-,1031.47,206.29,5,25,1,315,35,105,0,551.47,25,0,0,0,5355,6,0,,2026-06-27T00:00:00.000Z,,excel-seed
seed-8-gtx-500t-25,,,2026-01-23,夜,,,8-gtx-500t,8# GTX-500T,ACTUATOR CUP,TM-867A-1,-,429.13,85.83,5,25,1,75,70,30,0,209.13,0,0,45,0,1300,3,0,,2026-06-27T00:00:00.000Z,,excel-seed
seed-8-gtx-500t-26,,,2026-01-24,白,,,8-gtx-500t,8# GTX-500T,ACTUATOR CUP,TM-867A-1,-,428.35,85.67,5,25,1,105,5,25,60,173.35,5,0,30,25,2650,0,0,,2026-06-27T00:00:00.000Z,,excel-seed
seed-8-gtx-500t-27,,,2026-01-24,白,,,8-gtx-500t,8# GTX-500T,OUTER,TM-865A-1,-,622,124.4,5,20,1,195,0,35,40,312,5,0,0,35,3000,3,0,,2026-06-27T00:00:00.000Z,,excel-seed
seed-8-gtx-500t-28,,,2026-01-24,夜,,,8-gtx-500t,8# GTX-500T,OUTER,TM-865A-1,-,585.95,117.19,5,20,1,160,25,35,0,345.95,15,0,5,0,1850,3,0,,2026-06-27T00:00:00.000Z,,excel-seed
seed-8-gtx-500t-29,,,2026-01-24,夜,,,8-gtx-500t,8# GTX-500T,PLATE,TM-795A-1,-,737.7,147.54,5,30,2,225,55,35,0,377.7,0,0,45,0,10008,6,0,,2026-06-27T00:00:00.000Z,,excel-seed
seed-8-gtx-500t-30,,,2026-01-26,白,,,8-gtx-500t,8# GTX-500T,UPPER BASE,SB-068C-1-2,-,808.05,161.61,5,20,1,240,0,35,0,463.05,25,0,0,45,2747,6,0,,2026-06-27T00:00:00.000Z,,excel-seed
seed-8-gtx-500t-31,,,2026-01-26,白,,,8-gtx-500t,8# GTX-500T,ACTIVE BRACKET UPPER,SB-092B-1-1,-,412.22,82.44,5,20,1,55,0,100,0,222.22,25,0,10,0,396,0,0,,2026-06-27T00:00:00.000Z,,excel-seed
seed-8-gtx-500t-32,,,2026-01-27,白,,,8-gtx-500t,8# GTX-500T,ACTIVE BRACKET UPPER,SB-092B-1-1,-,645.41,129.08,5,20,1,45,5,15,35,520.41,0,0,25,0,147,0,0,,2026-06-27T00:00:00.000Z,,excel-seed
seed-8-gtx-500t-33,,,2026-01-27,白,,,8-gtx-500t,8# GTX-500T,LOWER PLATE,SB-042C-2-1,-,980.93,196.19,5,30,1,315,10,80,0,510.93,20,0,45,0,6381,9,0,,2026-06-27T00:00:00.000Z,,excel-seed
seed-8-gtx-500t-34,,,2026-01-27,夜,,,8-gtx-500t,8# GTX-500T,RETIANER SIDE R,1185579-AB,-,905,181,5,25,1,95,45,30,0,665,0,0,0,70,500,5,0,,2026-06-27T00:00:00.000Z,,excel-seed
seed-8-gtx-500t-35,,,2026-01-27,夜,,,8-gtx-500t,8# GTX-500T,RETIANER SIDE L,1185580-AB,-,905,181,5,25,1,95,45,30,0,665,0,0,0,70,500,5,0,,2026-06-27T00:00:00.000Z,,excel-seed
seed-8-gtx-500t-36,,,2026-01-27,夜,,,8-gtx-500t,8# GTX-500T,RETIANER BRACKET R,1185581-AA,-,879.42,175.88,5,25,1,95,45,35,0,639.42,0,0,0,65,520,5,0,,2026-06-27T00:00:00.000Z,,excel-seed
seed-8-gtx-500t-37,,,2026-01-27,夜,,,8-gtx-500t,8# GTX-500T,RETIANER BRACKET L,1185582-AA,-,879.42,175.88,5,25,1,95,45,35,0,639.42,0,0,0,65,520,5,0,,2026-06-27T00:00:00.000Z,,excel-seed
seed-8-gtx-500t-38,,,2026-01-28,白,,,8-gtx-500t,8# GTX-500T,RETAINER KNEE,1185578,-,1119.27,223.85,5,20,1,85,0,105,145,754.27,30,0,0,0,586,4,0,,2026-06-27T00:00:00.000Z,,excel-seed
seed-8-gtx-500t-39,,,2026-01-28,夜,,,8-gtx-500t,8# GTX-500T,CUP,TM-818A-1,-,1610.62,322.12,5,25,1,270,65,135,0,1130.62,0,0,10,0,2000,4,0,,2026-06-27T00:00:00.000Z,,excel-seed
seed-8-gtx-500t-40,,,2026-01-29,白,,,8-gtx-500t,8# GTX-500T,CUP,TM-818A-1,-,594.05,118.81,5,25,1,105,35,20,0,394.05,15,0,25,0,1299,3,0,,2026-06-27T00:00:00.000Z,,excel-seed
seed-8-gtx-500t-41,,,2026-01-29,白,,,8-gtx-500t,8# GTX-500T,OUTER,TM-865A-1,-,115,23,5,20,1,25,0,65,0,0,15,0,0,10,0,10,0,,2026-06-27T00:00:00.000Z,,excel-seed
seed-8-gtx-500t-42,,,2026-01-30,白,,,8-gtx-500t,8# GTX-500T,OUTER,TM-865A-1,-,1863.02,372.6,5,20,1,515,0,50,80,1083.02,30,0,80,25,5944,9,0,,2026-06-27T00:00:00.000Z,,excel-seed
seed-8-gtx-500t-43,,,2026-01-31,白,,,8-gtx-500t,8# GTX-500T,OUTER,TM-865A-1,-,380.51,76.1,5,20,1,130,10,15,0,215.51,0,0,10,0,1689,0,0,,2026-06-27T00:00:00.000Z,,excel-seed
seed-8-gtx-500t-44,,,2026-02-02,夜,,,8-gtx-500t,8# GTX-500T,OUTER,SN-185B-1,-,1596.32,319.26,5,25,1,470,105,45,0,936.32,15,0,25,0,7404,0,0,,2026-06-27T00:00:00.000Z,,excel-seed
seed-8-gtx-500t-45,,,2026-02-03,白,,,8-gtx-500t,8# GTX-500T,Upper Cup,SB-059C-2,1/1,1105.56,221.11,5,25,1,300,0,175,0,555.56,50,0,25,0,4725,8,0,,2026-06-27T00:00:00.000Z,,excel-seed
seed-8-gtx-500t-46,,,2026-02-04,夜,,,8-gtx-500t,8# GTX-500T,OUTER,TM-791A-1,-,1074.02,214.8,5,25,2,215,45,90,0,414.02,25,0,55,230,7400,6,0,,2026-06-27T00:00:00.000Z,,excel-seed
seed-8-gtx-500t-47,,,2026-02-05,白,,,8-gtx-500t,8# GTX-500T,OUTER,TM-791A-1,-,1043.18,208.64,5,25,2,375,0,70,0,518.18,0,0,80,0,13569,5,0,,2026-06-27T00:00:00.000Z,,excel-seed
seed-8-gtx-500t-48,,,2026-02-05,夜,,,8-gtx-500t,8# GTX-500T,OUTER,TM-791A-1,-,855.97,171.19,5,25,2,240,40,60,0,375.97,10,0,10,120,9256,4,0,,2026-06-27T00:00:00.000Z,,excel-seed
seed-8-gtx-500t-49,,,2026-02-05,夜,,,8-gtx-500t,8# GTX-500T,PLATE,TM-795A-1,-,503.7,100.74,5,30,2,110,40,40,0,203.7,0,0,45,65,4860,6,0,,2026-06-27T00:00:00.000Z,,excel-seed
seed-8-gtx-500t-50,,,2026-02-07,白,,,8-gtx-500t,8# GTX-500T,OUTER,TM-771A-1,-,1089.44,217.89,5,25,1,265,75,85,0,559.44,30,0,75,0,4500,6,0,,2026-06-27T00:00:00.000Z,,excel-seed
seed-8-gtx-500t-51,,,2026-02-07,夜,,,8-gtx-500t,8# GTX-500T,OUTER,TM-771A-1,-,885.73,177.15,5,25,1,290,0,45,0,405.73,15,0,10,120,5450,6,0,,2026-06-27T00:00:00.000Z,,excel-seed
seed-8-gtx-500t-52,,,2026-02-09,白,,,8-gtx-500t,8# GTX-500T,OUTER,TM-806A-1,-,983.45,196.69,5,20,1,335,0,85,20,473.45,15,0,55,0,5236,6,0,,2026-06-27T00:00:00.000Z,,excel-seed
seed-8-gtx-500t-53,,,2026-02-09,夜,,,8-gtx-500t,8# GTX-500T,UPPER BASE,SB-068C-1-2,-,657.67,131.53,5,20,1,160,35,45,0,417.67,0,0,0,0,1494,2,0,,2026-06-27T00:00:00.000Z,,excel-seed
seed-8-gtx-500t-54,,,2026-02-10,白,,,8-gtx-500t,8# GTX-500T,ACTUATOR CUP,TM-867A-1,-,244.42,48.88,5,25,1,65,0,35,0,129.42,15,0,0,0,1130,3,0,,2026-06-27T00:00:00.000Z,,excel-seed
seed-8-gtx-500t-55,,,2026-02-10,白,,,8-gtx-500t,8# GTX-500T,LOWER PLATE,SB-042C-2-1,-,785.58,157.12,5,30,1,115,35,15,0,545.58,20,0,55,0,1075,0,0,,2026-06-27T00:00:00.000Z,,excel-seed
seed-8-gtx-500t-56,,,2026-02-11,白,,,8-gtx-500t,8# GTX-500T,ACTUATOR CUP,TM-867A-1,-,1047.73,209.55,5,25,1,155,0,80,0,747.73,0,0,65,0,2643,3,0,,2026-06-27T00:00:00.000Z,,excel-seed
seed-8-gtx-500t-57,,,2026-02-11,夜,,,8-gtx-500t,8# GTX-500T,ACTUATOR CUP,TM-867A-1,-,301.48,60.3,5,25,1,40,0,30,0,171.48,0,0,0,60,554,33,0,,2026-06-27T00:00:00.000Z,,excel-seed
seed-8-gtx-500t-58,,,2026-02-12,白,,,8-gtx-500t,8# GTX-500T,OUTER,TM-865A-1,-,1332.92,266.58,5,20,1,355,125,55,0,727.92,20,0,50,0,5072,6,0,,2026-06-27T00:00:00.000Z,,excel-seed
seed-8-gtx-500t-59,,,2026-02-12,夜,,,8-gtx-500t,8# GTX-500T,OUTER,TM-865A-1,-,1224.06,244.81,5,20,1,440,0,100,0,619.06,25,0,40,0,6610,6,0,,2026-06-27T00:00:00.000Z,,excel-seed
seed-8-gtx-500t-60,,,2026-02-13,白,,,8-gtx-500t,8# GTX-500T,Gland plate,BRU53717,1/3,836.93,167.39,5,5.6,1,255,65,70,0,416.93,0,0,30,0,1096,3,0,,2026-06-27T00:00:00.000Z,,excel-seed
seed-8-gtx-500t-61,,,2026-02-13,白,,,8-gtx-500t,8# GTX-500T,OUTER,TM-865A-1,-,357.48,71.5,5,20,1,95,10,10,0,227.48,0,0,15,0,877,0,0,,2026-06-27T00:00:00.000Z,,excel-seed
seed-8-gtx-500t-62,,,2026-02-13,夜,,,8-gtx-500t,8# GTX-500T,BRKT(FE),TH-538A-2-1,1/4,801.22,160.24,5,20,1,55,120,50,0,561.22,0,0,10,5,343,3,0,,2026-06-27T00:00:00.000Z,,excel-seed
seed-8-gtx-500t-63,,,2026-02-13,夜,,,8-gtx-500t,8# GTX-500T,OUTER,TM-860A-1,-,1252.89,250.58,5,25,1,335,40,45,0,772.89,15,0,45,0,4226,6,0,,2026-06-27T00:00:00.000Z,,excel-seed
seed-8-gtx-500t-64,,,2026-02-17,白,,,8-gtx-500t,8# GTX-500T,OUTER,TM-860A-1,-,1270.99,254.2,5,25,1,425,20,115,0,610.99,40,0,60,0,8434,15,0,,2026-06-27T00:00:00.000Z,,excel-seed
seed-8-gtx-500t-65,,,2026-02-17,夜,,,8-gtx-500t,8# GTX-500T,ACTUATOR CUP,TM-867A-1,-,1185.34,237.07,5,25,1,360,0,155,0,595.34,30,0,45,0,6954,9,0,,2026-06-27T00:00:00.000Z,,excel-seed
seed-8-gtx-500t-66,,,2026-02-18,白,,,8-gtx-500t,8# GTX-500T,ACTUATOR CUP,TM-867A-1,-,401.94,80.39,5,25,1,135,35,30,0,161.94,0,0,20,20,3543,0,0,,2026-06-27T00:00:00.000Z,,excel-seed
seed-8-gtx-500t-67,,,2026-02-18,白,,,8-gtx-500t,8# GTX-500T,ACTIVE BRACKET UPPER,SB-092B-1-1,-,808.33,161.67,5,20,1,110,30,30,0,568.33,15,0,0,55,600,2,0,,2026-06-27T00:00:00.000Z,,excel-seed
seed-8-gtx-500t-68,,,2026-02-18,夜,,,8-gtx-500t,8# GTX-500T,OUTER,TM-771A-1,-,1363.94,272.79,5,25,1,460,0,110,0,703.94,45,0,45,0,8250,12,0,,2026-06-27T00:00:00.000Z,,excel-seed
seed-8-gtx-500t-69,,,2026-02-19,白,,,8-gtx-500t,8# GTX-500T,OUTER,TM-771A-1,-,1321.41,264.28,5,25,1,500,0,65,0,661.41,45,0,50,0,10300,9,0,,2026-06-27T00:00:00.000Z,,excel-seed
seed-8-gtx-500t-70,,,2026-02-19,夜,,,8-gtx-500t,8# GTX-500T,BRACKET,SB-068C-1-1,1/2,1999.93,399.99,5,20,1,395,65,130,0,1339.93,20,0,50,0,2830,6,0,,2026-06-27T00:00:00.000Z,,excel-seed
seed-8-gtx-500t-71,,,2026-02-20,白,,,8-gtx-500t,8# GTX-500T,UPPER BASE,SB-068C-1-2,-,747.3,149.46,5,20,1,165,45,25,0,467.3,0,0,45,0,1483,3,0,,2026-06-27T00:00:00.000Z,,excel-seed
seed-8-gtx-500t-72,,,2026-02-20,白,,,8-gtx-500t,8# GTX-500T,BRACKET,SB-068C-1-1,1/2,1035.45,207.09,5,25,1,135,75,10,0,795.45,0,0,20,0,891,0,0,,2026-06-27T00:00:00.000Z,,excel-seed
seed-8-gtx-500t-73,,,2026-02-21,白,,,8-gtx-500t,8# GTX-500T,BRKT (FE),SB-104A-1-1,1/3,3650.62,730.12,5,20,1,410,20,150,0,2870.62,30,0,70,100,1314,6,0,,2026-06-27T00:00:00.000Z,,excel-seed
seed-8-gtx-500t-74,,,2026-02-21,夜,,,8-gtx-500t,8# GTX-500T,BRACKET,SB-068C-1-1,1/2,716.69,143.34,5,20,1,120,35,30,0,511.69,0,0,20,0,727,0,0,,2026-06-27T00:00:00.000Z,,excel-seed
seed-8-gtx-500t-75,,,2026-02-21,夜,,,8-gtx-500t,8# GTX-500T,OUTER,TM-791A-1,-,470.45,94.09,5,30,2,95,25,25,0,290.45,0,0,35,0,2355,6,0,,2026-06-27T00:00:00.000Z,,excel-seed
seed-8-gtx-500t-76,,,2026-02-22,白,,,8-gtx-500t,8# GTX-500T,ACTIVE BRACKET LOWER,SB-092B-1-2,-,1935.14,387.03,5,25,1,230,100,25,0,1455.14,0,0,5,120,1304,2,0,,2026-06-27T00:00:00.000Z,,excel-seed
seed-8-gtx-500t-77,,,2026-02-22,白,,,8-gtx-500t,8# GTX-500T,BRKT SUB ASSY,SB-104A-1-2,-,1357.8,271.56,5,20,1,175,105,35,0,937.8,0,0,40,65,1045,2,0,,2026-06-27T00:00:00.000Z,,excel-seed
seed-8-gtx-500t-78,,,2026-02-23,白,,,8-gtx-500t,8# GTX-500T,ACTIVE BRACKET UPPER,SB-092B-1-1,-,2075.53,415.11,5,20,1,200,10,115,0,1675.53,20,0,55,0,752,35,0,,2026-06-27T00:00:00.000Z,,excel-seed
seed-8-gtx-500t-79,,,2026-02-23,夜,,,8-gtx-500t,8# GTX-500T,OUTER,TM-791A-1,-,1421.3,284.26,5,25,2,515,0,65,0,761.3,30,0,50,0,18434,6,0,,2026-06-27T00:00:00.000Z,,excel-seed
seed-8-gtx-500t-80,,,2026-02-24,白,,,8-gtx-500t,8# GTX-500T,Upper Cup,SB-059C-2,1/4,1743.27,348.65,5,25,1,355,20,160,0,1083.27,40,0,85,0,3400,9,0,,2026-06-27T00:00:00.000Z,,excel-seed
seed-8-gtx-500t-81,,,2026-02-24,夜,,,8-gtx-500t,8# GTX-500T,Upper Cup,SB-059C-2,1/4,1459.8,291.96,5,25,1,270,30,15,0,1099.8,20,0,15,10,1964,9,0,,2026-06-27T00:00:00.000Z,,excel-seed
seed-8-gtx-500t-82,,,2026-02-24,夜,,,8-gtx-500t,8# GTX-500T,OUTER,SN-185B-1,-,600,120,5,25,1,175,65,20,0,300,0,0,40,0,3500,3,0,,2026-06-27T00:00:00.000Z,,excel-seed
seed-8-gtx-500t-83,,,2026-02-25,白,,,8-gtx-500t,8# GTX-500T,OUTER,SN-185B-1,-,795.45,159.09,5,25,1,240,25,45,0,435.45,20,0,30,0,3927,3,0,,2026-06-27T00:00:00.000Z,,excel-seed
seed-8-gtx-500t-84,,,2026-02-25,白,,,8-gtx-500t,8# GTX-500T,INNER,11-669A-2,-,371.55,74.31,5,25,1,45,25,140,0,116.55,0,0,45,0,1110,3,0,,2026-06-27T00:00:00.000Z,,excel-seed
seed-8-gtx-500t-85,,,2026-02-25,夜,,,8-gtx-500t,8# GTX-500T,INNER,11-669A-2,-,2374.35,474.87,5,25,1,410,0,95,50,1714.35,15,0,55,35,2840,5,0,,2026-06-27T00:00:00.000Z,,excel-seed
seed-8-gtx-500t-86,,,2026-02-26,白,,,8-gtx-500t,8# GTX-500T,OUTER,SN-185B-1,-,1448.16,289.63,5,25,1,445,70,45,0,788.16,15,0,85,0,7481,6,0,,2026-06-27T00:00:00.000Z,,excel-seed
seed-8-gtx-500t-87,,,2026-02-27,白,,,8-gtx-500t,8# GTX-500T,CUP,TM-818A-1,-,1777.02,355.4,5,25,1,370,25,95,0,1177.02,30,0,80,0,3340,6,0,,2026-06-27T00:00:00.000Z,,excel-seed
seed-8-gtx-500t-88,,,2026-02-27,夜,,,8-gtx-500t,8# GTX-500T,OUTER,TM-865A-1,-,1707.64,341.53,5,20,1,390,0,95,0,1157.64,15,0,50,0,3470,5,0,,2026-06-27T00:00:00.000Z,,excel-seed
seed-8-gtx-500t-89,,,2026-02-28,白,,,8-gtx-500t,8# GTX-500T,OUTER,TM-865A-1,-,378.08,75.62,5,20,1,125,10,20,0,193.08,0,0,30,0,1748,3,0,,2026-06-27T00:00:00.000Z,,excel-seed
seed-8-gtx-500t-90,,,2026-02-28,白,,,8-gtx-500t,8# GTX-500T,ACTUATOR CUP,TM-867A-1,-,792,158.4,5,25,1,240,55,65,0,372,15,0,45,0,5000,6,0,,2026-06-27T00:00:00.000Z,,excel-seed
seed-8-gtx-500t-91,,,2026-02-28,夜,,,8-gtx-500t,8# GTX-500T,ACTUATOR CUP,TM-867A-1,-,1062.85,212.57,5,25,1,180,0,90,0,767.85,15,0,10,0,2227,3,0,,2026-06-27T00:00:00.000Z,,excel-seed
seed-8-gtx-500t-92,,,2026-03-02,白,,,8-gtx-500t,8# GTX-500T,ACTUATOR CUP,TM-867A-1,-,3047.02,609.4,5,25,1,25,0,10,0,2992.02,0,0,20,0,94,28,0,,2026-06-27T00:00:00.000Z,,excel-seed
seed-8-gtx-500t-93,,,2026-03-03,白,,,8-gtx-500t,8# GTX-500T,ACTIVE BRACKET UPPER,SB-092B-1-1,-,614.2,122.84,5,20,1,70,50,15,0,449.2,0,0,0,30,374,2,0,,2026-06-27T00:00:00.000Z,,excel-seed
seed-8-gtx-500t-94,,,2026-03-03,白,,,8-gtx-500t,8# GTX-500T,OUTER,TM-806A-1,-,687.77,137.55,5,20,1,200,55,45,0,327.77,10,0,50,0,3234,6,0,,2026-06-27T00:00:00.000Z,,excel-seed
seed-8-gtx-500t-95,,,2026-03-03,夜,,,8-gtx-500t,8# GTX-500T,OUTER,TM-806A-1,-,1257.57,251.51,5,20,1,320,0,70,65,792.57,0,0,10,0,3230,4,0,,2026-06-27T00:00:00.000Z,,excel-seed
seed-8-gtx-500t-96,,,2026-03-04,白,,,8-gtx-500t,8# GTX-500T,OUTER,TM-806A-1,-,657.55,131.51,5,20,1,220,10,75,0,297.55,10,0,45,0,3549,6,0,,2026-06-27T00:00:00.000Z,,excel-seed
seed-8-gtx-500t-97,,,2026-03-04,白,,,8-gtx-500t,8# GTX-500T,OUTER,TM-806A-1,-,504.72,100.94,5,20,1,170,10,25,0,249.72,15,0,35,0,2655,3,0,,2026-06-27T00:00:00.000Z,,excel-seed
seed-8-gtx-500t-98,,,2026-03-04,夜,,,8-gtx-500t,8# GTX-500T,OUTER,SN-185B-1,-,1332.58,266.52,5,25,1,355,0,50,50,852.58,15,0,10,0,4372,6,0,,2026-06-27T00:00:00.000Z,,excel-seed
seed-8-gtx-500t-99,,,2026-03-05,白,,,8-gtx-500t,8# GTX-500T,OUTER,SN-185B-1,-,309.7,61.94,5,25,1,95,10,20,0,154.7,0,0,30,0,1612,0,0,,2026-06-27T00:00:00.000Z,,excel-seed
seed-8-gtx-500t-100,,,2026-03-05,白,,,8-gtx-500t,8# GTX-500T,ACTUATOR CUP,TM-867A-1,-,1112.44,222.49,5,25,1,290,25,110,0,602.44,30,0,55,0,5957,12,0,,2026-06-27T00:00:00.000Z,,excel-seed
seed-8-gtx-500t-101,,,2026-03-06,白,,,8-gtx-500t,8# GTX-500T,ACTUATOR CUP,TM-867A-1,-,861.18,172.24,5,25,1,205,80,75,0,441.18,15,0,45,0,4182,3,0,,2026-06-27T00:00:00.000Z,,excel-seed
seed-8-gtx-500t-102,,,2026-03-06,夜,,,8-gtx-500t,8# GTX-500T,BRKT (FE),SB-104A-1-1,1/3,1333.75,266.75,5,25,1,140,0,40,0,1093.75,0,0,10,50,448,0,0,,2026-06-27T00:00:00.000Z,,excel-seed
seed-8-gtx-500t-103,,,2026-03-09,白,,,8-gtx-500t,8# GTX-500T,ACTUATOR CUP,TM-867A-1,-,1084.57,216.91,5,25,1,305,80,70,0,544.57,15,0,70,0,7281,0,0,,2026-06-27T00:00:00.000Z,,excel-seed
seed-8-gtx-500t-104,,,2026-03-09,夜,,,8-gtx-500t,8# GTX-500T,OUTER,TM-865A-1,-,1250.09,250.02,5,20,1,370,75,135,0,590.09,25,0,55,0,5894,9,0,,2026-06-27T00:00:00.000Z,,excel-seed
seed-8-gtx-500t-105,,,2026-03-10,白,,,8-gtx-500t,8# GTX-500T,OUTER,TM-865A-1,-,1178.3,235.66,5,20,1,370,0,125,55,518.3,40,0,70,0,6639,9,0,,2026-06-27T00:00:00.000Z,,excel-seed
seed-8-gtx-500t-106,,,2026-03-10,夜,,,8-gtx-500t,8# GTX-500T,OUTER,TM-860A-1,-,1026.83,205.37,5,25,1,270,95,45,0,601.83,15,0,0,0,4262,6,0,,2026-06-27T00:00:00.000Z,,excel-seed
seed-8-gtx-500t-107,,,2026-03-11,白,,,8-gtx-500t,8# GTX-500T,OUTER,TM-860A-1,-,1190.13,238.03,5,25,1,380,50,95,0,530.13,45,0,90,0,8512,9,0,,2026-06-27T00:00:00.000Z,,excel-seed
seed-8-gtx-500t-108,,,2026-03-11,夜,,,8-gtx-500t,8# GTX-500T,OUTER,TM-791A-1,-,1393.37,278.67,5,25,2,490,20,65,0,733.37,30,0,55,0,18040,18,0,,2026-06-27T00:00:00.000Z,,excel-seed
seed-8-gtx-500t-109,,,2026-03-12,白,,,8-gtx-500t,8# GTX-500T,OUTER,TM-791A-1,-,1011.25,202.25,5,25,2,145,110,30,0,686.25,0,0,40,0,2694,0,0,,2026-06-27T00:00:00.000Z,,excel-seed
seed-8-gtx-500t-110,,,2026-03-12,白,,,8-gtx-500t,8# GTX-500T,Diaphragm Outer,SB-064D-1,-,1092.74,218.55,5,20,1,235,175,15,0,592.74,0,0,45,30,3251,3,0,,2026-06-27T00:00:00.000Z,,excel-seed
seed-8-gtx-500t-111,,,2026-03-12,夜,,,8-gtx-500t,8# GTX-500T,RETAINER KNEE,1185578,-,366.58,73.32,5,20,1,60,45,15,0,246.58,0,0,0,0,511,3,0,,2026-06-27T00:00:00.000Z,,excel-seed
seed-8-gtx-500t-112,,,2026-03-13,白,,,8-gtx-500t,8# GTX-500T,BRKT (FE),SB-104A-1-1,1/3,835.16,167.03,5,20,1,135,40,150,0,435.16,40,0,35,0,1334,9,0,,2026-06-27T00:00:00.000Z,,excel-seed
seed-8-gtx-500t-113,,,2026-03-13,夜,,,8-gtx-500t,8# GTX-500T,Diaphragm Outer,SB-064D-1,-,1408.89,281.78,5,20,1,480,30,70,0,748.89,15,0,65,0,6730,6,0,,2026-06-27T00:00:00.000Z,,excel-seed
seed-8-gtx-500t-114,,,2026-03-14,白,,,8-gtx-500t,8# GTX-500T,RETIANER SIDE R,1185579-AB,-,588.05,117.61,5,25,1,50,65,105,0,278.05,0,0,10,80,517,3,0,,2026-06-27T00:00:00.000Z,,excel-seed
seed-8-gtx-500t-115,,,2026-03-14,白,,,8-gtx-500t,8# GTX-500T,RETIANER SIDE L,1185580-AB,-,588.05,117.61,5,25,1,50,65,105,0,278.05,0,0,10,80,517,3,0,,2026-06-27T00:00:00.000Z,,excel-seed
seed-8-gtx-500t-116,,,2026-03-14,白,,,8-gtx-500t,8# GTX-500T,RETIANER BRACKET R,1185581-AA,-,220,44,5,25,1,25,15,110,0,0,25,0,45,0,0,13,0,,2026-06-27T00:00:00.000Z,,excel-seed
seed-8-gtx-500t-117,,,2026-03-14,白,,,8-gtx-500t,8# GTX-500T,RETIANER BRACKET L,1185582-AA,-,220,44,5,25,1,25,15,110,0,0,25,0,45,0,0,13,0,,2026-06-27T00:00:00.000Z,,excel-seed
seed-8-gtx-500t-118,,,2026-03-14,夜,,,8-gtx-500t,8# GTX-500T,RETIANER BRACKET R,1185581-AA,-,467.74,93.55,5,25,1,85,35,5,0,342.74,0,0,0,0,744,0,0,,2026-06-27T00:00:00.000Z,,excel-seed
seed-8-gtx-500t-119,,,2026-03-14,夜,,,8-gtx-500t,8# GTX-500T,RETIANER BRACKET L,1185582-AA,-,467.74,93.55,5,25,1,85,35,5,0,342.74,0,0,0,0,744,0,0,,2026-06-27T00:00:00.000Z,,excel-seed
seed-8-gtx-500t-120,,,2026-03-14,夜,,,8-gtx-500t,8# GTX-500T,BRKT SUB ASSY,SB-104A-1-2,-,1126.63,225.33,5,25,1,180,115,105,0,706.63,20,0,0,0,2006,4,0,,2026-06-27T00:00:00.000Z,,excel-seed
seed-8-gtx-500t-121,,,2026-03-16,白,,,8-gtx-500t,8# GTX-500T,CJ BASE RH,1189790,-,624.71,124.94,5,25,1,45,75,15,0,264.71,0,0,25,200,510,0,0,,2026-06-27T00:00:00.000Z,,excel-seed
seed-8-gtx-500t-122,,,2026-03-16,白,,,8-gtx-500t,8# GTX-500T,OUTER,TM-771A-1,-,495.54,99.11,5,25,1,50,85,85,0,120.54,0,0,55,100,1400,3,0,,2026-06-27T00:00:00.000Z,,excel-seed
seed-8-gtx-500t-123,,,2026-03-16,夜,,,8-gtx-500t,8# GTX-500T,OUTER,TM-771A-1,-,1464.05,292.81,5,25,1,515,0,65,0,804.05,35,0,45,0,8807,6,0,,2026-06-27T00:00:00.000Z,,excel-seed
seed-8-gtx-500t-124,,,2026-03-17,白,,,8-gtx-500t,8# GTX-500T,OUTER,TM-771A-1,-,306.84,61.37,5,25,1,85,25,20,0,141.84,0,0,35,0,1648,0,0,,2026-06-27T00:00:00.000Z,,excel-seed
seed-8-gtx-500t-125,,,2026-03-17,白,,,8-gtx-500t,8# GTX-500T,ACTIVE BRACKET UPPER,SB-092B-1-1,-,956.21,191.24,5,20,1,120,65,70,0,621.21,20,0,10,50,792,6,0,,2026-06-27T00:00:00.000Z,,excel-seed
seed-8-gtx-500t-126,,,2026-03-18,白,,,8-gtx-500t,8# GTX-500T,OUTER,TM-865A-1,-,1038.42,207.68,5,20,1,215,0,160,25,378.42,30,0,55,175,3068,9,0,,2026-06-27T00:00:00.000Z,,excel-seed
seed-8-gtx-500t-127,,,2026-03-18,夜,,,8-gtx-500t,8# GTX-500T,OUTER,TM-865A-1,-,1681.07,336.21,5,20,1,470,0,120,0,1021.07,30,0,40,0,4603,12,0,,2026-06-27T00:00:00.000Z,,excel-seed
seed-8-gtx-500t-128,,,2026-03-19,白,,,8-gtx-500t,8# GTX-500T,OUTER,TM-865A-1,-,1428.39,285.68,5,20,1,400,0,105,25,768.39,15,0,115,0,4581,21,0,,2026-06-27T00:00:00.000Z,,excel-seed
seed-8-gtx-500t-129,,,2026-03-19,夜,,,8-gtx-500t,8# GTX-500T,OUTER,TM-865A-1,-,506.5,101.3,5,20,1,150,10,25,0,321.5,0,0,0,0,1493,3,0,,2026-06-27T00:00:00.000Z,,excel-seed
seed-8-gtx-500t-130,,,2026-03-19,夜,,,8-gtx-500t,8# GTX-500T,BRACKET,SB-068C-1-1,1/2,1685.69,337.14,5,25,1,195,20,15,0,1445.69,0,0,10,0,725,3,0,,2026-06-27T00:00:00.000Z,,excel-seed
seed-8-gtx-500t-131,,,2026-03-20,白,,,8-gtx-500t,8# GTX-500T,BRACKET,SB-068C-1-1,1/2,425.61,85.12,5,25,1,90,0,20,0,185.61,0,0,35,95,1091,0,0,,2026-06-27T00:00:00.000Z,,excel-seed
seed-8-gtx-500t-132,,,2026-03-20,白,,,8-gtx-500t,8# GTX-500T,OUTER,TM-860A-1,-,405.03,81.01,5,25,1,85,35,90,0,145.03,15,0,35,0,1978,6,0,,2026-06-27T00:00:00.000Z,,excel-seed
seed-8-gtx-500t-133,,,2026-03-20,夜,,,8-gtx-500t,8# GTX-500T,OUTER,TM-860A-1,-,1387.5,277.5,5,25,1,505,0,50,0,727.5,60,0,45,0,9805,12,0,,2026-06-27T00:00:00.000Z,,excel-seed
seed-8-gtx-500t-134,,,2026-03-21,白,,,8-gtx-500t,8# GTX-500T,UPPER BASE,SB-068C-1-2,-,933.44,186.69,5,20,1,180,125,60,0,528.44,15,0,25,0,2180,6,0,,2026-06-27T00:00:00.000Z,,excel-seed
seed-8-gtx-500t-135,,,2026-03-21,白,,,8-gtx-500t,8# GTX-500T,Upper Cup,SB-059C-2,1/4,827.69,165.54,5,25,1,130,65,60,0,527.69,0,0,45,0,1201,3,0,,2026-06-27T00:00:00.000Z,,excel-seed
seed-8-gtx-500t-136,,,2026-03-21,夜,,,8-gtx-500t,8# GTX-500T,Upper Cup,SB-059C-2,1/4,879,175.8,5,25,1,125,0,30,0,639,25,60,0,0,1027,3,0,,2026-06-27T00:00:00.000Z,,excel-seed
seed-8-gtx-500t-137,,,2026-03-23,白,,,8-gtx-500t,8# GTX-500T,ACTUATOR CUP,TM-867A-1,-,454.18,90.84,5,25,1,160,25,60,0,209.18,0,0,0,0,5163,3,0,,2026-06-27T00:00:00.000Z,,excel-seed
seed-8-gtx-500t-138,,,2026-03-23,夜,,,8-gtx-500t,8# GTX-500T,ACTIVE BRACKET LOWER,SB-092B-1-2,-,1610,322,5,25,1,240,30,30,0,1250,0,0,45,15,1296,3,0,,2026-06-27T00:00:00.000Z,,excel-seed
seed-8-gtx-500t-139,,,2026-03-24,白,,,8-gtx-500t,8# GTX-500T,ACTIVE BRACKET UPPER,SB-092B-1-1,-,2430.42,486.08,5,20,1,215,105,170,0,1890.42,15,0,35,0,762,5,0,,2026-06-27T00:00:00.000Z,,excel-seed
seed-8-gtx-500t-140,,,2026-03-24,夜,,,8-gtx-500t,8# GTX-500T,OUTER,TM-791A-1,-,1807.14,361.43,5,25,2,430,55,40,0,1147.14,0,0,135,0,9090,6,0,,2026-06-27T00:00:00.000Z,,excel-seed
seed-8-gtx-500t-141,,,2026-03-25,白,,,8-gtx-500t,8# GTX-500T,OUTER,TM-791A-1,-,2392.4,478.48,5,25,2,625,0,75,0,1492.4,35,0,105,60,13820,18,0,,2026-06-27T00:00:00.000Z,,excel-seed
seed-8-gtx-500t-142,,,2026-03-26,白,,,8-gtx-500t,8# GTX-500T,ACTUATOR CUP,TM-867A-1,-,1169.29,233.86,5,25,1,450,0,120,0,509.29,20,0,70,0,10382,9,0,,2026-06-27T00:00:00.000Z,,excel-seed
seed-8-gtx-500t-143,,,2026-03-26,夜,,,8-gtx-500t,8# GTX-500T,ACTUATOR CUP,TM-867A-1,-,1375.49,275.1,5,25,1,430,0,20,0,895.49,0,0,10,20,5162,2,0,,2026-06-27T00:00:00.000Z,,excel-seed
seed-8-gtx-500t-144,,,2026-03-27,白,,,8-gtx-500t,8# GTX-500T,OUTER,TM-865A-1,-,533.95,106.79,5,20,1,25,75,55,0,248.95,0,0,25,105,954,3,0,,2026-06-27T00:00:00.000Z,,excel-seed
seed-8-gtx-500t-145,,,2026-03-27,夜,,,8-gtx-500t,8# GTX-500T,OUTER,TM-771A-1,-,1340.98,268.2,5,25,1,445,20,95,25,680.98,15,0,60,0,8250,6,0,,2026-06-27T00:00:00.000Z,,excel-seed
seed-8-gtx-500t-146,,,2026-03-28,白,,,8-gtx-500t,8# GTX-500T,OUTER,TM-771A-1,-,791.31,158.26,5,25,1,250,10,100,0,396.31,15,0,20,0,4810,3,0,,2026-06-27T00:00:00.000Z,,excel-seed
seed-8-gtx-500t-147,,,2026-03-28,白,,,8-gtx-500t,8# GTX-500T,PLATE,TM-795A-1,-,300,60,5,30,2,80,25,30,0,120,0,0,45,0,4200,6,0,,2026-06-27T00:00:00.000Z,,excel-seed
seed-8-gtx-500t-148,,,2026-03-28,夜,,,8-gtx-500t,8# GTX-500T,PLATE,TM-795A-1,-,265.33,53.07,5,30,2,95,5,20,0,145.33,0,0,0,0,3922,0,0,,2026-06-27T00:00:00.000Z,,excel-seed
seed-8-gtx-500t-149,,,2026-03-28,夜,,,8-gtx-500t,8# GTX-500T,OUTER,SN-185B-1,-,923.55,184.71,5,25,1,180,105,5,50,563.55,0,0,20,0,2675,3,0,,2026-06-27T00:00:00.000Z,,excel-seed
seed-8-gtx-500t-150,,,2026-03-29,白,,,8-gtx-500t,8# GTX-500T,OUTER,SN-185B-1,-,404.58,80.92,5,25,1,145,10,25,0,209.58,0,0,10,5,2681,3,0,,2026-06-27T00:00:00.000Z,,excel-seed
seed-8-gtx-500t-151,,,2026-03-30,白,,,8-gtx-500t,8# GTX-500T,Upper Cup,SB-059C-2,1/4,3363.11,672.62,5,25,1,115,125,5,0,3108.11,0,0,10,0,222,3,0,,2026-06-27T00:00:00.000Z,,excel-seed
seed-8-gtx-500t-152,,,2026-03-30,白,,,8-gtx-500t,8# GTX-500T,OUTER,TM-806A-1,-,680,136,5,20,1,150,100,115,0,260,10,0,45,0,3000,6,0,,2026-06-27T00:00:00.000Z,,excel-seed
seed-8-gtx-500t-153,,,2026-03-30,夜,,,8-gtx-500t,8# GTX-500T,OUTER,TM-806A-1,-,1065.54,213.11,5,20,1,345,0,40,0,640.54,15,0,25,0,3878,3,0,,2026-06-27T00:00:00.000Z,,excel-seed
seed-8-gtx-500t-154,,,2026-03-31,白,,,8-gtx-500t,8# GTX-500T,Upper Cup,SB-059C-2,1/4,2767.59,553.52,5,25,1,185,135,50,205,2107.59,15,0,70,0,1185,4,0,,2026-06-27T00:00:00.000Z,,excel-seed
seed-8-gtx-500t-155,,,2026-03-31,夜,,,8-gtx-500t,8# GTX-500T,Upper Cup,SB-059C-2,1/4,597.35,119.47,5,25,1,145,0,20,45,357.35,25,0,5,0,2181,3,0,,2026-06-27T00:00:00.000Z,,excel-seed
seed-8-gtx-500t-156,,,2026-04-01,白,,,8-gtx-500t,8# GTX-500T,Upper Cup,SB-059C-2,1/4,1614.55,322.91,5,25,1,290,35,40,0,1194.55,35,0,20,0,2367,4,0,,2026-06-27T00:00:00.000Z,,excel-seed
seed-8-gtx-500t-157,,,2026-04-01,夜,,,8-gtx-500t,8# GTX-500T,OUTER,TM-860A-1,-,1706.14,341.23,5,25,1,325,110,120,25,1046.14,20,0,60,0,3728,6,0,,2026-06-27T00:00:00.000Z,,excel-seed
seed-8-gtx-500t-158,,,2026-04-02,白,,,8-gtx-500t,8# GTX-500T,OUTER,TM-860A-1,-,1240.36,248.07,5,25,1,390,0,125,0,580.36,60,0,85,0,7560,12,0,,2026-06-27T00:00:00.000Z,,excel-seed
seed-8-gtx-500t-159,,,2026-04-02,夜,,,8-gtx-500t,8# GTX-500T,OUTER,TM-791A-1,-,1408.61,281.72,5,25,2,440,35,120,0,748.61,15,0,50,0,14400,6,0,,2026-06-27T00:00:00.000Z,,excel-seed
seed-8-gtx-500t-160,,,2026-04-03,白,,,8-gtx-500t,8# GTX-500T,OUTER,TM-791A-1,-,451.41,90.28,5,25,2,90,10,140,0,151.41,0,0,55,5,2972,6,0,,2026-06-27T00:00:00.000Z,,excel-seed
seed-8-gtx-500t-161,,,2026-04-03,白,,,8-gtx-500t,8# GTX-500T,OUTER,TM-865A-1,-,759.7,151.94,5,20,1,145,45,90,0,429.7,15,0,35,0,1586,6,0,,2026-06-27T00:00:00.000Z,,excel-seed
seed-8-gtx-500t-162,,,2026-04-03,夜,,,8-gtx-500t,8# GTX-500T,OUTER,TM-865A-1,-,1741.49,348.3,5,20,1,435,0,60,0,1081.49,15,0,150,0,3620,4,0,,2026-06-27T00:00:00.000Z,,excel-seed
seed-8-gtx-500t-163,,,2026-04-04,白,,,8-gtx-500t,8# GTX-500T,OUTER,TM-865A-1,-,368.39,73.68,5,20,1,120,0,0,0,203.39,0,0,45,0,1416,0,0,,2026-06-27T00:00:00.000Z,,excel-seed
seed-8-gtx-500t-164,,,2026-04-04,白,,,8-gtx-500t,8# GTX-500T,Gland plate,BRU53717,1/3,990.16,198.03,5,5.6,1,310,40,75,0,510.16,0,0,55,0,1191,3,0,,2026-06-27T00:00:00.000Z,,excel-seed
seed-8-gtx-500t-165,,,2026-04-04,夜,,,8-gtx-500t,8# GTX-500T,Gland plate,BRU53717,1/3,773.16,154.63,5,5.6,1,355,0,75,0,293.16,20,0,30,0,2543,3,0,,2026-06-27T00:00:00.000Z,,excel-seed
seed-8-gtx-500t-166,,,2026-04-05,白,,,8-gtx-500t,8# GTX-500T,Gland plate,BRU53717,1/3,214.33,42.87,5,5.6,1,25,10,35,0,144.33,0,0,0,0,97,0,0,,2026-06-27T00:00:00.000Z,,excel-seed
seed-8-gtx-500t-167,,,2026-04-05,白,,,8-gtx-500t,8# GTX-500T,OUTER,TM-865A-1,-,723.26,144.65,5,20,1,210,30,40,0,398.26,0,0,45,0,2531,3,0,,2026-06-27T00:00:00.000Z,,excel-seed
seed-8-gtx-500t-168,,,2026-04-06,白,,,8-gtx-500t,8# GTX-500T,OUTER,TM-865A-1,-,1316.5,263.3,5,20,1,455,0,75,0,656.5,50,0,80,0,7000,6,0,,2026-06-27T00:00:00.000Z,,excel-seed
seed-8-gtx-500t-169,,,2026-04-06,夜,,,8-gtx-500t,8# GTX-500T,OUTER,TM-865A-1,-,959.77,191.95,5,20,1,205,0,50,0,299.77,15,0,45,345,3009,3,0,,2026-06-27T00:00:00.000Z,,excel-seed
seed-8-gtx-500t-170,,,2026-04-07,白,,,8-gtx-500t,8# GTX-500T,OUTER,TM-791A-1,-,545.85,109.17,5,25,2,175,55,40,0,255.85,0,0,20,0,7866,6,0,,2026-06-27T00:00:00.000Z,,excel-seed
seed-8-gtx-500t-171,,,2026-04-07,夜,,,8-gtx-500t,8# GTX-500T,ACTUATOR CUP,TM-867A-1,-,1252.19,250.44,5,25,1,490,0,85,0,592.19,10,0,75,0,10343,6,0,,2026-06-27T00:00:00.000Z,,excel-seed
seed-8-gtx-500t-172,,,2026-04-08,白,,,8-gtx-500t,8# GTX-500T,ACTUATOR CUP,TM-867A-1,-,779.08,155.82,5,25,1,295,5,25,0,434.08,0,0,20,0,5097,3,0,,2026-06-27T00:00:00.000Z,,excel-seed
seed-8-gtx-500t-173,,,2026-04-08,夜,,,8-gtx-500t,8# GTX-500T,PLATE,TM-795A-1,-,1242.01,248.4,5,30,2,530,0,60,0,582.01,15,0,55,0,29778,6,0,,2026-06-27T00:00:00.000Z,,excel-seed
seed-8-gtx-500t-174,,,2026-04-08,白,,,8-gtx-500t,8# GTX-500T,PLATE,TM-795A-1,-,453.91,90.78,5,30,2,120,75,30,0,193.91,0,35,0,0,8540,6,0,,2026-06-27T00:00:00.000Z,,excel-seed
seed-8-gtx-500t-175,,,2026-04-09,白,,,8-gtx-500t,8# GTX-500T,Inflator Bracket RH,5037025-AA,-,420,84,5,25,1,80,45,45,0,250,0,0,0,0,1000,5,0,,2026-06-27T00:00:00.000Z,,excel-seed
seed-8-gtx-500t-176,,,2026-04-09,白,,,8-gtx-500t,8# GTX-500T,Inflator Bracket LH,5036909-AA,-,420,84,5,25,1,80,45,45,0,250,0,0,0,0,1000,5,0,,2026-06-27T00:00:00.000Z,,excel-seed
seed-8-gtx-500t-177,,,2026-04-09,白,,,8-gtx-500t,8# GTX-500T,CG BASE,1121416,-,163,32.6,5,2.4,1,25,30,45,0,33,0,0,30,0,100,10,0,,2026-06-27T00:00:00.000Z,,excel-seed
seed-8-gtx-500t-178,,,2026-04-09,夜,,,8-gtx-500t,8# GTX-500T,OUTER,TM-791A-1,-,667.2,133.44,5,25,2,215,60,20,0,362.2,0,0,10,0,8162,6,0,,2026-06-27T00:00:00.000Z,,excel-seed
seed-8-gtx-500t-179,,,2026-04-09,夜,,,8-gtx-500t,8# GTX-500T,ACTUATOR CUP,TM-867A-1,-,668.8,133.76,5,25,1,220,10,25,0,368.8,0,0,45,0,3430,4,0,,2026-06-27T00:00:00.000Z,,excel-seed
seed-8-gtx-500t-180,,,2026-04-10,白,,,8-gtx-500t,8# GTX-500T,ACTUATOR CUP,TM-867A-1,-,481.72,96.34,5,25,1,140,5,0,0,301.72,0,0,35,0,1682,0,0,,2026-06-27T00:00:00.000Z,,excel-seed
seed-8-gtx-500t-181,,,2026-04-10,白,,,8-gtx-500t,8# GTX-500T,LOWER PLATE,SB-042C-2-1,-,1056.62,211.32,5,30,1,220,40,35,0,636.62,15,0,40,70,2851,6,0,,2026-06-27T00:00:00.000Z,,excel-seed
seed-8-gtx-500t-182,,,2026-04-10,夜,,,8-gtx-500t,8# GTX-500T,LOWER PLATE,SB-042C-2-1,-,950.38,190.08,5,30,1,275,15,55,0,595.38,10,0,0,0,4642,3,0,,2026-06-27T00:00:00.000Z,,excel-seed
seed-8-gtx-500t-183,,,2026-04-10,夜,,,8-gtx-500t,8# GTX-500T,ACTIVE BRACKET LOWER,SB-092B-1-2,-,1682.61,336.52,5,25,1,175,70,85,0,1292.61,15,0,45,0,880,4,0,,2026-06-27T00:00:00.000Z,,excel-seed
seed-8-gtx-500t-184,,,2026-04-11,白,,,8-gtx-500t,8# GTX-500T,ACTIVE BRACKET LOWER,SB-092B-1-2,-,391.78,78.36,5,25,1,85,5,40,0,241.78,0,0,20,0,791,3,0,,2026-06-27T00:00:00.000Z,,excel-seed
seed-8-gtx-500t-185,,,2026-04-11,白,,,8-gtx-500t,8# GTX-500T,OUTER,TM-771A-1,-,412.69,82.54,5,25,1,110,35,60,0,197.69,0,0,10,0,2017,3,0,,2026-06-27T00:00:00.000Z,,excel-seed
seed-8-gtx-500t-186,,,2026-04-11,夜,,,8-gtx-500t,8# GTX-500T,OUTER,TM-771A-1,-,779.15,155.83,5,25,1,195,0,35,0,419.15,0,0,10,120,2268,3,0,,2026-06-27T00:00:00.000Z,,excel-seed
seed-8-gtx-500t-187,,,2026-04-16,白,,,8-gtx-500t,8# GTX-500T,OUTER,TM-771A-1,-,1203.76,240.75,5,25,1,440,0,85,0,543.76,35,0,100,0,9609,9,0,,2026-06-27T00:00:00.000Z,,excel-seed
seed-8-gtx-500t-188,,,2026-04-17,白,,,8-gtx-500t,8# GTX-500T,OUTER,TM-771A-1,-,577.42,115.48,5,25,1,180,15,60,0,302.42,0,0,20,0,3348,3,0,,2026-06-27T00:00:00.000Z,,excel-seed
seed-8-gtx-500t-189,,,2026-04-17,白,,,8-gtx-500t,8# GTX-500T,UPPER BASE,SB-068C-1-2,-,619.69,123.94,5,25,1,130,30,135,0,289.69,0,0,35,0,1795,2,0,,2026-06-27T00:00:00.000Z,,excel-seed
seed-8-gtx-500t-190,,,2026-04-18,白,,,8-gtx-500t,8# GTX-500T,ACTIVE BRACKET UPPER,SB-092B-1-1,-,829.87,165.97,5,20,1,135,10,50,0,579.87,15,0,40,0,745,4,0,,2026-06-27T00:00:00.000Z,,excel-seed
seed-8-gtx-500t-191,,,2026-04-18,白,,,8-gtx-500t,8# GTX-500T,OUTER,TM-865A-1,-,791.24,158.25,5,20,1,225,20,35,0,456.24,15,0,40,0,2811,6,0,,2026-06-27T00:00:00.000Z,,excel-seed
seed-8-gtx-500t-192,,,2026-04-20,白,,,8-gtx-500t,8# GTX-500T,OUTER,TM-865A-1,-,1278.72,255.74,5,20,1,415,0,120,0,653.72,30,0,60,0,5650,9,0,,2026-06-27T00:00:00.000Z,,excel-seed
seed-8-gtx-500t-193,,,2026-04-20,夜,,,8-gtx-500t,8# GTX-500T,OUTER,TM-865A-1,-,608.69,121.74,5,20,1,225,0,10,0,363.69,0,0,10,0,2784,0,0,,2026-06-27T00:00:00.000Z,,excel-seed
seed-8-gtx-500t-194,,,2026-04-21,白,,,8-gtx-500t,8# GTX-500T,OUTER,TM-860A-1,-,1278.52,255.7,5,25,1,305,120,105,0,643.52,45,0,60,0,5569,9,0,,2026-06-27T00:00:00.000Z,,excel-seed
seed-8-gtx-500t-195,,,2026-04-21,夜,,,8-gtx-500t,8# GTX-500T,OUTER,TM-860A-1,-,1247.38,249.48,5,25,1,280,0,30,100,767.38,30,0,40,0,3740,60,0,,2026-06-27T00:00:00.000Z,,excel-seed
seed-8-gtx-500t-196,,,2026-04-22,白,,,8-gtx-500t,8# GTX-500T,OUTER,TM-860A-1,-,575.67,115.13,5,25,1,130,65,25,0,335.67,0,0,20,0,1888,3,0,,2026-06-27T00:00:00.000Z,,excel-seed
seed-8-gtx-500t-197,,,2026-04-22,白,,,8-gtx-500t,8# GTX-500T,OUTER,SN-185B-1,-,864.64,172.93,5,25,1,235,60,65,0,444.64,15,0,45,0,4096,6,0,,2026-06-27T00:00:00.000Z,,excel-seed
seed-8-gtx-500t-198,,,2026-04-22,夜,,,8-gtx-500t,8# GTX-500T,OUTER,SN-185B-1,-,1619.68,323.94,5,25,1,535,0,40,20,959.68,0,0,65,0,7735,3,0,,2026-06-27T00:00:00.000Z,,excel-seed
seed-8-gtx-500t-199,,,2026-04-23,白,,,8-gtx-500t,8# GTX-500T,OUTER,TM-865A-1,-,1089.45,217.89,5,20,1,350,20,85,0,549.45,30,0,55,0,5096,9,0,,2026-06-27T00:00:00.000Z,,excel-seed
seed-8-gtx-500t-200,,,2026-04-23,夜,,,8-gtx-500t,8# GTX-500T,OUTER,TM-865A-1,-,645.36,129.07,5,20,1,225,0,10,0,400.36,0,0,10,0,2529,0,0,,2026-06-27T00:00:00.000Z,,excel-seed
seed-8-gtx-500t-201,,,2026-04-24,白,,,8-gtx-500t,8# GTX-500T,Inflator Bracket RH,5037025-AA,-,1374.56,274.91,5,25,1,170,100,25,0,1059.56,0,0,20,0,1083,6,0,,2026-06-27T00:00:00.000Z,,excel-seed
seed-8-gtx-500t-202,,,2026-04-24,白,,,8-gtx-500t,8# GTX-500T,Inflator Bracket LH,5036909-AA,-,1374.56,274.91,5,25,1,170,100,25,0,1059.56,0,0,20,0,1083,6,0,,2026-06-27T00:00:00.000Z,,excel-seed
seed-8-gtx-500t-203,,,2026-04-24,白,,,8-gtx-500t,8# GTX-500T,PLATE,TM-795A-1,-,759.15,151.83,5,30,2,240,60,25,0,379.15,0,0,55,0,11394,6,0,,2026-06-27T00:00:00.000Z,,excel-seed
seed-8-gtx-500t-204,,,2026-04-24,夜,,,8-gtx-500t,8# GTX-500T,PLATE,TM-795A-1,-,1495.19,299.04,5,30,2,555,0,25,0,835.19,20,0,60,0,22926,6,0,,2026-06-27T00:00:00.000Z,,excel-seed
seed-8-gtx-500t-205,,,2026-04-25,白,,,8-gtx-500t,8# GTX-500T,PLATE,TM-795A-1,-,915.36,183.07,5,30,2,400,5,35,0,445.36,0,0,30,0,21825,6,0,,2026-06-27T00:00:00.000Z,,excel-seed
seed-8-gtx-500t-206,,,2026-04-25,夜,,,8-gtx-500t,8# GTX-500T,Diaphragm Outer,SB-064D-1,-,1743.06,348.61,5,20,1,390,0,10,20,1258.06,0,0,65,0,2542,3,0,,2026-06-27T00:00:00.000Z,,excel-seed
seed-8-gtx-500t-207,,,2026-04-27,白,,,8-gtx-500t,8# GTX-500T,UPPER BASE,SB-068C-1-2,-,871.24,174.25,5,20,1,195,55,85,0,451.24,30,0,55,0,2420,6,0,,2026-06-27T00:00:00.000Z,,excel-seed
seed-8-gtx-500t-208,,,2026-04-27,夜,,,8-gtx-500t,8# GTX-500T,UPPER BASE,SB-068C-1-2,-,401.61,80.32,5,20,1,100,5,0,0,296.61,0,0,0,0,708,0,0,,2026-06-27T00:00:00.000Z,,excel-seed
seed-8-gtx-500t-209,,,2026-04-27,夜,,,8-gtx-500t,8# GTX-500T,Diaphragm Outer,SB-064D-1,-,739.39,147.88,5,20,1,185,110,15,0,429.39,0,0,0,0,2542,3,0,,2026-06-27T00:00:00.000Z,,excel-seed
seed-8-gtx-500t-210,,,2026-04-28,白,,,8-gtx-500t,8# GTX-500T,ACTIVE BRACKET UPPER,SB-092B-1-1,-,1914.1,382.82,5,20,1,210,70,135,55,1364.1,45,0,35,0,1170,6,0,,2026-06-27T00:00:00.000Z,,excel-seed
seed-8-gtx-500t-211,,,2026-04-29,白,,,8-gtx-500t,8# GTX-500T,ACTUATOR CUP,TM-867A-1,-,973.65,194.73,5,25,1,115,0,135,0,648.65,15,0,60,0,2061,6,0,,2026-06-27T00:00:00.000Z,,excel-seed
seed-8-gtx-500t-212,,,2026-04-29,夜,,,8-gtx-500t,8# GTX-500T,ACTUATOR CUP,TM-867A-1,-,397.84,79.57,5,25,1,110,0,75,0,197.84,15,0,0,0,1807,3,0,,2026-06-27T00:00:00.000Z,,excel-seed
seed-8-gtx-500t-213,,,2026-04-30,白,,,8-gtx-500t,8# GTX-500T,OUTER,TM-806A-1,-,914.07,182.81,5,20,1,335,10,50,0,479.07,0,0,40,0,4825,6,0,,2026-06-27T00:00:00.000Z,,excel-seed
seed-8-gtx-500t-214,,,2026-04-30,白,,,8-gtx-500t,8# GTX-500T,ACTUATOR CUP,TM-867A-1,-,469.64,93.93,5,25,1,105,55,30,0,234.64,0,0,45,0,1790,3,0,,2026-06-27T00:00:00.000Z,,excel-seed
seed-8-gtx-500t-215,,,2026-04-30,夜,,,8-gtx-500t,8# GTX-500T,ACTUATOR CUP,TM-867A-1,-,663.33,132.67,5,25,1,50,0,30,0,583.33,0,0,0,0,975,3,0,,2026-06-27T00:00:00.000Z,,excel-seed
seed-8-gtx-500t-216,,,2026-04-30,夜,,,8-gtx-500t,8# GTX-500T,OUTER,TM-806A-1,-,655.1,131.02,5,20,1,205,20,20,0,380.1,0,0,30,0,2427,3,0,,2026-06-27T00:00:00.000Z,,excel-seed
seed-8-gtx-500t-217,,,2026-05-02,白,,,8-gtx-500t,8# GTX-500T,ACTUATOR CUP,TM-867A-1,-,1202.27,240.45,5,25,1,300,0,135,0,627.27,50,0,90,0,5500,12,0,,2026-06-27T00:00:00.000Z,,excel-seed
seed-8-gtx-500t-218,,,2026-05-02,夜,,,8-gtx-500t,8# GTX-500T,ACTUATOR CUP,TM-867A-1,-,782.3,156.46,5,25,1,280,5,80,0,392.3,15,0,10,0,5353,6,0,,2026-06-27T00:00:00.000Z,,excel-seed
seed-8-gtx-500t-219,,,2026-05-02,夜,,,8-gtx-500t,8# GTX-500T,OUTER,TM-806A-1,-,740,148,5,20,1,115,85,40,0,460,0,0,40,0,1000,3,0,,2026-06-27T00:00:00.000Z,,excel-seed
seed-8-gtx-500t-220,,,2026-05-04,白,,,8-gtx-500t,8# GTX-500T,OUTER,TM-865A-1,-,1165.49,233.1,5,20,1,355,0,140,0,585.49,15,0,70,0,5457,9,0,,2026-06-27T00:00:00.000Z,,excel-seed
seed-8-gtx-500t-221,,,2026-05-04,夜,,,8-gtx-500t,8# GTX-500T,OUTER,TM-865A-1,-,948.74,189.75,5,20,1,320,0,70,0,468.74,15,0,20,55,4574,3,0,,2026-06-27T00:00:00.000Z,,excel-seed
seed-8-gtx-500t-222,,,2026-05-05,白,,,8-gtx-500t,8# GTX-500T,OUTER,TM-865A-1,-,1036.28,207.26,5,20,1,360,5,120,0,456.28,30,0,65,0,6233,9,0,,2026-06-27T00:00:00.000Z,,excel-seed
seed-8-gtx-500t-223,,,2026-05-05,夜,,,8-gtx-500t,8# GTX-500T,OUTER,TM-860A-1,-,1341.91,268.38,5,25,1,390,85,75,0,681.91,45,0,65,0,7435,12,0,,2026-06-27T00:00:00.000Z,,excel-seed
seed-8-gtx-500t-224,,,2026-05-06,白,,,8-gtx-500t,8# GTX-500T,CJ BASE LH,1189791,-,2420,484,5,20,1,110,75,190,0,2035,0,0,10,0,200,1,0,,2026-06-27T00:00:00.000Z,,excel-seed
seed-8-gtx-500t-225,,,2026-05-06,白,,,8-gtx-500t,8# GTX-500T,CJ BASE RH,1189790,-,615,123,5,25,1,60,10,20,0,525,0,0,0,0,200,1,0,,2026-06-27T00:00:00.000Z,,excel-seed
seed-8-gtx-500t-226,,,2026-05-06,白,,,8-gtx-500t,8# GTX-500T,INNER,11-669A-2,-,483.17,96.63,5,25,1,80,0,90,0,308.17,0,0,5,0,649,3,0,,2026-06-27T00:00:00.000Z,,excel-seed
seed-8-gtx-500t-227,,,2026-05-06,夜,,,8-gtx-500t,8# GTX-500T,ACTUATOR CUP,TM-867A-1,-,703.62,140.72,5,25,1,30,80,35,0,253.62,0,0,10,295,414,3,0,,2026-06-27T00:00:00.000Z,,excel-seed
seed-8-gtx-500t-228,,,2026-05-07,白,,,8-gtx-500t,8# GTX-500T,ACTUATOR CUP,TM-867A-1,-,1484.48,296.9,5,25,1,380,0,80,0,929.48,45,0,50,0,5417,0,0,,2026-06-27T00:00:00.000Z,,excel-seed
seed-8-gtx-500t-229,,,2026-05-07,夜,,,8-gtx-500t,8# GTX-500T,ACTUATOR CUP,TM-867A-1,-,1238.36,247.67,5,25,1,405,0,155,0,578.36,55,0,45,0,8053,12,0,,2026-06-27T00:00:00.000Z,,excel-seed
seed-8-gtx-500t-230,,,2026-05-08,白,,,8-gtx-500t,8# GTX-500T,ACTUATOR CUP,TM-867A-1,-,552.64,110.53,5,25,1,200,5,45,0,267.64,15,0,20,0,4110,3,0,,2026-06-27T00:00:00.000Z,,excel-seed
seed-8-gtx-500t-231,,,2026-05-08,白,,,8-gtx-500t,8# GTX-500T,ACTUATOR CUP,TM-867A-1,-,421.58,84.32,5,25,1,120,10,85,0,171.58,0,0,35,0,2273,3,0,,2026-06-27T00:00:00.000Z,,excel-seed
seed-8-gtx-500t-232,,,2026-05-08,夜,,,8-gtx-500t,8# GTX-500T,Inflator Bracket RH,5037025-AA,-,1047.03,209.41,5,25,1,285,10,40,0,702.03,0,0,10,0,2994,3,0,,2026-06-27T00:00:00.000Z,,excel-seed
seed-8-gtx-500t-233,,,2026-05-08,夜,,,8-gtx-500t,8# GTX-500T,Inflator Bracket LH,5036909-AA,-,1047.03,209.41,5,25,1,285,10,40,0,702.03,0,0,10,0,2994,3,0,,2026-06-27T00:00:00.000Z,,excel-seed
seed-8-gtx-500t-234,,,2026-05-08,夜,,,8-gtx-500t,8# GTX-500T,ACTUATOR CUP,TM-867A-1,-,513.23,102.65,5,25,1,105,95,35,0,233.23,0,0,45,0,2251,3,0,,2026-06-27T00:00:00.000Z,,excel-seed
seed-8-gtx-500t-235,,,2026-05-09,白,,,8-gtx-500t,8# GTX-500T,ACTUATOR CUP,TM-867A-1,-,1020.97,204.19,5,25,1,290,0,225,0,360.97,40,0,105,0,6628,9,0,,2026-06-27T00:00:00.000Z,,excel-seed
seed-8-gtx-500t-236,,,2026-05-09,夜,,,8-gtx-500t,8# GTX-500T,ACTUATOR CUP,TM-867A-1,-,1462.72,292.54,5,25,1,420,0,145,0,837.72,0,0,60,0,5703,12,0,,2026-06-27T00:00:00.000Z,,excel-seed
seed-8-gtx-500t-237,,,2026-05-11,白,,,8-gtx-500t,8# GTX-500T,ACTUATOR CUP,TM-867A-1,-,1044.6,208.92,5,25,1,290,0,255,0,384.6,45,0,70,0,6315,9,0,,2026-06-27T00:00:00.000Z,,excel-seed
seed-8-gtx-500t-238,,,2026-05-11,夜,,,8-gtx-500t,8# GTX-500T,ACTUATOR CUP,TM-867A-1,-,578.85,115.77,5,25,1,180,10,90,0,248.85,0,0,10,40,3707,3,0,,2026-06-27T00:00:00.000Z,,excel-seed
seed-8-gtx-500t-239,,,2026-05-11,夜,,,8-gtx-500t,8# GTX-500T,OUTER,TM-860A-1,-,575.68,115.14,5,25,1,160,50,45,0,275.68,0,0,45,0,3047,3,0,,2026-06-27T00:00:00.000Z,,excel-seed
seed-8-gtx-500t-240,,,2026-05-12,白,,,8-gtx-500t,8# GTX-500T,OUTER,TM-860A-1,-,1465.56,293.11,5,25,1,435,0,110,0,805.56,45,0,70,0,6480,9,0,,2026-06-27T00:00:00.000Z,,excel-seed
seed-8-gtx-500t-241,,,2026-05-12,夜,,,8-gtx-500t,8# GTX-500T,OUTER,TM-860A-1,-,512.06,102.41,5,25,1,160,25,35,0,272.06,0,0,20,0,2720,0,0,,2026-06-27T00:00:00.000Z,,excel-seed
seed-8-gtx-500t-242,,,2026-05-12,夜,,,8-gtx-500t,8# GTX-500T,OUTER,TM-771A-1,-,195,39,5,25,1,25,30,105,0,0,0,0,35,0,0,14,0,,2026-06-27T00:00:00.000Z,,excel-seed
seed-8-gtx-500t-243,,,2026-05-13,白,,,8-gtx-500t,8# GTX-500T,OUTER,TM-771A-1,-,1223.65,244.73,5,25,1,400,0,150,0,563.65,45,0,65,0,7895,9,0,,2026-06-27T00:00:00.000Z,,excel-seed
seed-8-gtx-500t-244,,,2026-05-13,夜,,,8-gtx-500t,8# GTX-500T,OUTER,TM-771A-1,-,1374.92,274.98,5,25,1,475,0,105,0,719.92,5,0,70,0,8000,84,0,,2026-06-27T00:00:00.000Z,,excel-seed
seed-8-gtx-500t-245,,,2026-05-14,白,,,8-gtx-500t,8# GTX-500T,OUTER,TM-865A-1,-,1248.76,249.75,5,20,1,355,80,65,0,653.76,30,0,65,0,5050,6,0,,2026-06-27T00:00:00.000Z,,excel-seed
seed-8-gtx-500t-246,,,2026-05-14,夜,,,8-gtx-500t,8# GTX-500T,OUTER,TM-865A-1,-,1571.11,314.22,5,20,1,460,0,70,0,971.11,15,0,55,0,4500,3,0,,2026-06-27T00:00:00.000Z,,excel-seed
seed-8-gtx-500t-247,,,2026-05-15,白,,,8-gtx-500t,8# GTX-500T,OUTER,TM-865A-1,-,1147.9,229.58,5,20,1,410,0,130,0,487.9,30,0,90,0,7395,6,0,,2026-06-27T00:00:00.000Z,,excel-seed
seed-8-gtx-500t-248,,,2026-05-15,夜,,,8-gtx-500t,8# GTX-500T,OUTER,TM-865A-1,-,328.03,65.61,5,20,1,130,10,35,0,143.03,0,0,10,0,2545,0,0,,2026-06-27T00:00:00.000Z,,excel-seed
seed-8-gtx-500t-249,,,2026-05-16,白,,,8-gtx-500t,8# GTX-500T,BRACKET,SB-068C-1-1,1/2,1151.17,230.23,5,25,1,220,0,95,0,771.17,30,0,20,15,1783,3,0,,2026-06-27T00:00:00.000Z,,excel-seed
seed-8-gtx-500t-250,,,2026-05-16,白,,,8-gtx-500t,8# GTX-500T,BRACKET,SB-068C-1-1,1/2,820.49,164.1,5,25,1,175,10,55,0,505.49,15,0,45,15,1731,3,0,,2026-06-27T00:00:00.000Z,,excel-seed
seed-8-gtx-500t-251,,,2026-05-16,夜,,,8-gtx-500t,8# GTX-500T,ACTIVE BRACKET UPPER,SB-092B-1-1,-,2464.72,492.94,5,20,1,285,45,175,0,1864.72,40,0,55,0,1131,6,0,,2026-06-27T00:00:00.000Z,,excel-seed
seed-8-gtx-500t-252,,,2026-05-18,白,,,8-gtx-500t,8# GTX-500T,ACTIVE BRACKET UPPER,SB-092B-1-1,-,490.83,98.17,5,20,1,75,10,15,0,275.83,20,0,55,40,571,2,0,,2026-06-27T00:00:00.000Z,,excel-seed
seed-8-gtx-500t-253,,,2026-05-18,白,,,8-gtx-500t,8# GTX-500T,INNER,11-669A-2,-,75,15,5,25,1,25,40,10,0,0,0,0,0,0,0,19,0,,2026-06-27T00:00:00.000Z,,excel-seed
seed-8-gtx-500t-254,,,2026-05-18,白,,,8-gtx-500t,8# GTX-500T,OUTER,TM-865A-1,-,415,83,5,20,1,100,60,30,0,175,15,0,35,0,2000,3,0,,2026-06-27T00:00:00.000Z,,excel-seed
seed-8-gtx-500t-255,,,2026-05-18,夜,,,8-gtx-500t,8# GTX-500T,OUTER,TM-865A-1,-,765.33,153.07,5,20,1,280,5,65,0,390.33,15,0,10,0,4304,3,0,,2026-06-27T00:00:00.000Z,,excel-seed
seed-8-gtx-500t-256,,,2026-05-19,白,,,8-gtx-500t,8# GTX-500T,LOWER PLATE,SB-042C-2-1,-,785.63,157.13,5,30,1,230,20,75,0,395.63,20,0,45,0,4709,4,0,,2026-06-27T00:00:00.000Z,,excel-seed
seed-8-gtx-500t-257,,,2026-05-19,夜,,,8-gtx-500t,8# GTX-500T,ACTIVE BRACKET LOWER,SB-092B-1-2,-,1975.2,395.04,5,25,1,285,65,110,0,1460.2,15,0,40,0,1781,9,0,,2026-06-27T00:00:00.000Z,,excel-seed
seed-8-gtx-500t-258,,,2026-05-20,白,,,8-gtx-500t,8# GTX-500T,ACTIVE BRACKET LOWER,SB-092B-1-2,-,663.59,132.72,5,25,1,130,10,0,0,523.59,0,0,0,0,869,0,0,,2026-06-27T00:00:00.000Z,,excel-seed
seed-8-gtx-500t-259,,,2026-05-20,白,,,8-gtx-500t,8# GTX-500T,Diaphragm Outer,SB-064D-1,-,841.62,168.32,5,20,1,260,40,60,0,421.62,0,0,60,0,3700,6,0,,2026-06-27T00:00:00.000Z,,excel-seed
seed-8-gtx-500t-260,,,2026-05-20,夜,,,8-gtx-500t,8# GTX-500T,Diaphragm Outer,SB-064D-1,-,393.56,78.71,5,20,1,130,5,40,0,208.56,0,0,10,0,1683,0,0,,2026-06-27T00:00:00.000Z,,excel-seed
seed-8-gtx-500t-261,,,2026-05-20,夜,,,8-gtx-500t,8# GTX-500T,OUTER,TM-860A-1,-,608.29,121.66,5,25,1,140,5,155,0,273.29,0,0,35,0,1857,3,0,,2026-06-27T00:00:00.000Z,,excel-seed
seed-8-gtx-500t-262,,,2026-05-21,白,,,8-gtx-500t,8# GTX-500T,OUTER,TM-860A-1,-,799.32,159.86,5,25,1,300,10,70,0,349.32,30,0,10,30,7300,6,0,,2026-06-27T00:00:00.000Z,,excel-seed
seed-8-gtx-500t-263,,,2026-05-21,夜,,,8-gtx-500t,8# GTX-500T,OUTER,TM-860A-1,-,522.57,104.51,5,25,1,135,5,155,0,157.57,15,0,55,0,3320,6,0,,2026-06-27T00:00:00.000Z,,excel-seed
seed-8-gtx-500t-264,,,2026-05-22,白,,,8-gtx-500t,8# GTX-500T,OUTER,TM-860A-1,-,742.35,148.47,5,25,1,200,45,70,0,382.35,15,0,25,5,3400,6,0,,2026-06-27T00:00:00.000Z,,excel-seed
seed-8-gtx-500t-265,,,2026-05-24,白,,,8-gtx-500t,8# GTX-500T,CJ BASE LH,1189791,-,221.18,44.24,5,20,1,60,10,10,0,141.18,0,0,0,0,1020,0,0,,2026-06-27T00:00:00.000Z,,excel-seed
seed-8-gtx-500t-266,,,2026-05-24,白,,,8-gtx-500t,8# GTX-500T,CJ BASE RH,1189790,-,240.29,48.06,5,25,1,50,40,40,0,110.29,0,0,0,0,1020,1,0,,2026-06-27T00:00:00.000Z,,excel-seed
seed-8-gtx-500t-267,,,2026-05-25,夜,,,8-gtx-500t,8# GTX-500T,INNER,11-669A-2,-,1340.44,268.09,5,25,1,320,0,205,0,725.44,30,0,60,0,4356,6,0,,2026-06-27T00:00:00.000Z,,excel-seed
seed-8-gtx-500t-268,,,2026-05-26,白,,,8-gtx-500t,8# GTX-500T,INNER,11-669A-2,-,1781.41,356.28,5,25,1,295,105,70,0,1201.41,25,0,85,0,3100,2,0,,2026-06-27T00:00:00.000Z,,excel-seed
seed-8-gtx-500t-269,,,2026-05-26,夜,,,8-gtx-500t,8# GTX-500T,OUTER,TM-865A-1,-,955.26,191.05,5,20,1,360,5,55,0,510.26,15,0,10,0,5362,6,0,,2026-06-27T00:00:00.000Z,,excel-seed
seed-8-gtx-500t-270,,,2026-05-26,夜,,,8-gtx-500t,8# GTX-500T,OUTER,TM-865A-1,-,241.9,48.38,5,20,1,80,5,65,0,61.9,0,0,30,0,2197,3,0,,2026-06-27T00:00:00.000Z,,excel-seed
seed-8-gtx-500t-271,,,2026-05-27,白,,,8-gtx-500t,8# GTX-500T,OUTER,TM-865A-1,-,1135.4,227.08,5,20,1,440,0,90,0,475.4,30,0,100,0,8700,6,0,,2026-06-27T00:00:00.000Z,,excel-seed
seed-8-gtx-500t-272,,,2026-05-27,夜,,,8-gtx-500t,8# GTX-500T,OUTER,TM-865A-1,-,876.22,175.24,5,20,1,335,0,95,0,396.22,30,0,20,0,6172,6,0,,2026-06-27T00:00:00.000Z,,excel-seed
seed-8-gtx-500t-273,,,2026-05-28,白,,,8-gtx-500t,8# GTX-500T,OUTER,TM-865A-1,-,1141.82,228.36,5,20,1,370,95,75,0,481.82,15,0,105,0,7372,3,0,,2026-06-27T00:00:00.000Z,,excel-seed
seed-8-gtx-500t-274,,,2026-05-28,夜,,,8-gtx-500t,8# GTX-500T,Upper Cup,SB-059C-2,1/4,2386.84,477.37,5,25,1,460,5,80,0,1761.84,30,0,50,0,3231,9,0,,2026-06-27T00:00:00.000Z,,excel-seed
seed-8-gtx-500t-275,,,2026-05-29,白,,,8-gtx-500t,8# GTX-500T,ACTUATOR CUP,TM-867A-1,-,1210,242,5,25,1,440,25,80,0,550,30,0,85,0,9900,9,0,,2026-06-27T00:00:00.000Z,,excel-seed
seed-8-gtx-500t-276,,,2026-05-29,夜,,,8-gtx-500t,8# GTX-500T,ACTUATOR CUP,TM-867A-1,-,1165.76,233.15,5,25,1,410,0,145,0,505.76,40,0,65,0,9120,9,0,,2026-06-27T00:00:00.000Z,,excel-seed
seed-8-gtx-500t-277,,,2026-05-30,白,,,8-gtx-500t,8# GTX-500T,ACTUATOR CUP,TM-867A-1,-,1035.26,207.05,5,25,1,355,15,145,0,435.26,30,0,55,0,8156,6,0,,2026-06-27T00:00:00.000Z,,excel-seed
seed-8-gtx-500t-278,,,2026-05-30,夜,,,8-gtx-500t,8# GTX-500T,OUTER,TM-791A-1,-,1212.9,242.58,5,25,2,410,0,155,0,552.9,30,0,65,0,16314,18,0,,2026-06-27T00:00:00.000Z,,excel-seed
seed-8-gtx-500t-279,,,2026-05-31,白,,,8-gtx-500t,8# GTX-500T,OUTER,TM-791A-1,-,499.48,99.9,5,25,2,180,10,20,0,274.48,0,0,15,0,6230,0,0,,2026-06-27T00:00:00.000Z,,excel-seed
seed-8-gtx-500t-280,,,2026-06-02,白,,,8-gtx-500t,8# GTX-500T,Gland plate,BRU53717,1/3,382.85,76.57,5,5.6,1,95,0,85,0,192.85,0,0,10,0,400,24,0,,2026-06-27T00:00:00.000Z,,excel-seed
seed-8-gtx-500t-281,,,2026-06-02,白,,,8-gtx-500t,8# GTX-500T,"CJ UPPER STAY FR, RH",5038517,-,697.24,139.45,5,20,2,50,55,35,0,517.24,0,0,40,0,406,6,0,,2026-06-27T00:00:00.000Z,,excel-seed
seed-8-gtx-500t-282,,,2026-06-02,夜,,,8-gtx-500t,8# GTX-500T,OUTER,TM-860A-1,-,1322.95,264.59,5,25,1,375,90,120,0,662.95,30,0,45,0,7000,9,0,,2026-06-27T00:00:00.000Z,,excel-seed
seed-8-gtx-500t-283,,,2026-06-03,白,,,8-gtx-500t,8# GTX-500T,OUTER,TM-860A-1,-,316.72,63.34,5,25,1,95,5,65,0,131.72,0,0,20,0,1803,0,0,,2026-06-27T00:00:00.000Z,,excel-seed
seed-8-gtx-500t-284,,,2026-06-03,白,,,8-gtx-500t,8# GTX-500T,Retainer side plate R,1185579,-,617.5,123.5,5,25,1,90,5,65,0,427.5,0,0,30,0,500,3,0,,2026-06-27T00:00:00.000Z,,excel-seed
seed-8-gtx-500t-285,,,2026-06-03,白,,,8-gtx-500t,8# GTX-500T,Retainer side plate L,1185580,-,617.5,123.5,5,25,1,90,5,65,0,427.5,0,0,30,0,500,3,0,,2026-06-27T00:00:00.000Z,,excel-seed
seed-8-gtx-500t-286,,,2026-06-03,夜,,,8-gtx-500t,8# GTX-500T,Retainer side plate R,1185579,-,641.25,128.25,5,25,1,110,20,85,0,426.25,0,0,0,0,1000,0,0,,2026-06-27T00:00:00.000Z,,excel-seed
seed-8-gtx-500t-287,,,2026-06-03,夜,,,8-gtx-500t,8# GTX-500T,Retainer side plate L,1185580,-,641.25,128.25,5,25,1,110,20,85,0,426.25,0,0,0,0,1000,0,0,,2026-06-27T00:00:00.000Z,,excel-seed
seed-8-gtx-500t-288,,,2026-06-03,夜,,,8-gtx-500t,8# GTX-500T,RETAINER KNEE,1185578,-,1391.13,278.23,5,20,1,185,85,60,0,1016.13,0,0,45,0,1147,0,0,,2026-06-27T00:00:00.000Z,,excel-seed
seed-8-gtx-500t-289,,,2026-06-04,白,,,8-gtx-500t,8# GTX-500T,RETAINER KNEE,1185578,-,560,112,5,20,1,100,5,85,0,350,0,0,20,0,600,0,0,,2026-06-27T00:00:00.000Z,,excel-seed
seed-8-gtx-500t-290,,,2026-06-04,白,,,8-gtx-500t,8# GTX-500T,RETIANER BRACKET R,1185581-AA,-,388.81,77.76,5,25,1,105,0,15,0,208.81,0,0,30,30,1320,20,0,,2026-06-27T00:00:00.000Z,,excel-seed
seed-8-gtx-500t-291,,,2026-06-04,白,,,8-gtx-500t,8# GTX-500T,RETIANER BRACKET L,1185582-AA,-,388.81,77.76,5,25,1,105,0,15,0,208.81,0,0,30,30,1320,20,0,,2026-06-27T00:00:00.000Z,,excel-seed
seed-8-gtx-500t-292,,,2026-06-04,夜,,,8-gtx-500t,8# GTX-500T,OUTER,TM-860A-1,-,1398.11,279.62,5,25,1,375,55,70,0,783.11,15,0,55,45,5866,6,0,,2026-06-27T00:00:00.000Z,,excel-seed
seed-8-gtx-500t-293,,,2026-06-05,白,,,8-gtx-500t,8# GTX-500T,OUTER,TM-860A-1,-,1072.81,214.56,5,25,1,355,5,60,0,622.81,0,0,30,0,5130,3,0,,2026-06-27T00:00:00.000Z,,excel-seed
seed-8-gtx-500t-294,,,2026-06-05,夜,,,8-gtx-500t,8# GTX-500T,OUTER,TM-771A-1,-,1575.18,315.04,5,25,1,535,0,45,0,915.18,15,0,65,0,8038,6,0,,2026-06-27T00:00:00.000Z,,excel-seed
seed-8-gtx-500t-295,,,2026-06-08,白,,,8-gtx-500t,8# GTX-500T,OUTER,TM-771A-1,-,544.28,108.86,5,25,1,200,5,50,0,254.28,0,0,35,0,4031,3,0,,2026-06-27T00:00:00.000Z,,excel-seed
seed-8-gtx-500t-296,,,2026-06-08,白,,,8-gtx-500t,8# GTX-500T,OUTER,TM-806A-1,-,363.04,72.61,5,20,1,115,5,60,0,128.04,15,0,40,0,2425,3,0,,2026-06-27T00:00:00.000Z,,excel-seed
seed-8-gtx-500t-297,,,2026-06-08,夜,,,8-gtx-500t,8# GTX-500T,OUTER,TM-806A-1,-,395.92,79.18,5,20,1,150,10,25,0,195.92,0,0,15,0,2450,3,0,,2026-06-27T00:00:00.000Z,,excel-seed
seed-8-gtx-500t-298,,,2026-06-08,夜,,,8-gtx-500t,8# GTX-500T,PLATE,TM-795A-1,-,927.4,185.48,5,30,2,255,70,40,0,507.4,0,0,55,0,9800,6,0,,2026-06-27T00:00:00.000Z,,excel-seed
seed-8-gtx-500t-299,,,2026-06-09,白,,,8-gtx-500t,8# GTX-500T,PLATE,TM-795A-1,-,952.77,190.55,5,30,2,390,5,20,0,502.77,0,0,35,0,18384,0,0,,2026-06-27T00:00:00.000Z,,excel-seed
seed-8-gtx-500t-300,,,2026-06-09,夜,,,8-gtx-500t,8# GTX-500T,OUTER,TM-865A-1,-,814.48,162.9,5,20,1,230,35,30,0,454.48,15,0,10,40,2834,3,0,,2026-06-27T00:00:00.000Z,,excel-seed
seed-8-gtx-500t-301,,,2026-06-10,白,,,8-gtx-500t,8# GTX-500T,"CJ UPPER STAY FR, LH",5038515,-,1070.04,214.01,5,20,2,135,60,155,0,690.04,0,0,30,0,1526,6,0,,2026-06-27T00:00:00.000Z,,excel-seed
seed-8-gtx-500t-302,,,2026-06-10,白,,,8-gtx-500t,8# GTX-500T,"CJ UPPER STAY FR, RH",5038517,-,726,145.2,5,20,2,135,0,65,0,486,0,0,40,0,1500,6,0,,2026-06-27T00:00:00.000Z,,excel-seed
seed-8-gtx-500t-303,,,2026-06-10,夜,,,8-gtx-500t,8# GTX-500T,UPPER BASE,SB-068C-1-2,-,1042.94,208.59,5,20,1,230,90,130,0,562.94,30,0,0,0,2860,6,0,,2026-06-27T00:00:00.000Z,,excel-seed
seed-8-gtx-500t-304,,,2026-06-11,白,,,8-gtx-500t,8# GTX-500T,CJ BASE FRAME 8709,5038709,-,896.29,179.26,5,20,1,280,5,95,0,486.29,0,0,30,0,3282,3,0,,2026-06-27T00:00:00.000Z,,excel-seed
seed-8-gtx-500t-305,,,2026-06-11,白,,,8-gtx-500t,8# GTX-500T,OUTER,TM-771A-1,-,202.83,40.57,5,25,1,55,0,55,0,82.83,0,0,10,0,913,3,0,,2026-06-27T00:00:00.000Z,,excel-seed
seed-8-gtx-500t-306,,,2026-06-11,夜,,,8-gtx-500t,8# GTX-500T,OUTER,TM-771A-1,-,1580.13,316.03,5,25,1,520,0,50,0,920.13,25,0,65,0,7700,9,0,,2026-06-27T00:00:00.000Z,,excel-seed
seed-8-gtx-500t-307,,,2026-06-12,白,,,8-gtx-500t,8# GTX-500T,OUTER,TM-771A-1,-,370.93,74.19,5,25,1,140,5,25,0,180.93,0,0,20,0,2805,0,0,,2026-06-27T00:00:00.000Z,,excel-seed
seed-8-gtx-500t-308,,,2026-06-12,白,,,8-gtx-500t,8# GTX-500T,OUTER,TM-860A-1,-,346.04,69.21,5,25,1,105,0,30,0,166.04,0,0,45,0,1660,3,0,,2026-06-27T00:00:00.000Z,,excel-seed
seed-8-gtx-500t-309,,,2026-06-12,夜,,,8-gtx-500t,8# GTX-500T,OUTER,TM-860A-1,-,1191.66,238.33,5,25,1,360,0,65,0,531.66,30,0,40,165,6602,6,0,,2026-06-27T00:00:00.000Z,,excel-seed
seed-8-gtx-500t-310,,,2026-06-13,白,,,8-gtx-500t,8# GTX-500T,OUTER,TM-860A-1,-,269.92,53.98,5,25,1,90,0,30,0,124.92,0,0,20,5,1621,0,0,,2026-06-27T00:00:00.000Z,,excel-seed
seed-8-gtx-500t-311,,,2026-06-15,白,,,8-gtx-500t,8# GTX-500T,OUTER,TM-860A-1,-,1508.68,301.74,5,25,1,430,40,55,25,848.68,15,0,95,0,6460,6,0,,2026-06-27T00:00:00.000Z,,excel-seed
seed-8-gtx-500t-312,,,2026-06-15,夜,,,8-gtx-500t,8# GTX-500T,OUTER,TM-865A-1,-,752.09,150.42,5,20,1,230,10,15,0,452.09,0,0,45,0,2442,3,0,,2026-06-27T00:00:00.000Z,,excel-seed
seed-8-gtx-500t-313,,,2026-06-16,白,,,8-gtx-500t,8# GTX-500T,OUTER,TM-865A-1,-,228.51,45.7,5,20,1,55,25,25,0,108.51,0,0,15,0,811,0,0,,2026-06-27T00:00:00.000Z,,excel-seed
seed-8-gtx-500t-314,,,2026-06-16,白,,,8-gtx-500t,8# GTX-500T,Inflator Bracket RH,5037025-AA,-,1958.45,391.69,5,25,1,50,70,125,0,1678.45,0,0,35,0,283,0,0,,2026-06-27T00:00:00.000Z,,excel-seed
seed-8-gtx-500t-315,,,2026-06-16,白,,,8-gtx-500t,8# GTX-500T,Inflator Bracket LH,5036909-AA,-,1958.45,391.69,5,25,1,50,70,125,0,1678.45,0,0,35,0,283,0,0,,2026-06-27T00:00:00.000Z,,excel-seed
seed-8-gtx-500t-316,,,2026-06-16,夜,,,8-gtx-500t,8# GTX-500T,OUTER,TM-865A-1,-,1549.85,309.97,5,20,1,495,0,85,0,889.85,15,0,65,0,5674,6,0,,2026-06-27T00:00:00.000Z,,excel-seed
seed-8-gtx-500t-317,,,2026-06-17,白,,,8-gtx-500t,8# GTX-500T,Upper Cup,SB-059C-2,1/4,1609.07,321.81,5,25,1,235,65,80,0,1074.07,15,0,80,60,1723,6,0,,2026-06-27T00:00:00.000Z,,excel-seed
seed-8-gtx-500t-318,,,2026-06-17,白,,,8-gtx-500t,8# GTX-500T,Upper Cup,SB-059C-2,1/4,376.43,75.29,5,25,1,60,10,35,0,196.43,40,0,35,0,840,3,0,,2026-06-27T00:00:00.000Z,,excel-seed
seed-8-gtx-500t-319,,,2026-06-17,夜,,,8-gtx-500t,8# GTX-500T,Upper Cup,SB-059C-2,1/4,2052.02,410.4,5,25,1,390,10,70,0,1527.02,0,0,55,0,2554,9,0,,2026-06-27T00:00:00.000Z,,excel-seed
seed-8-gtx-500t-320,,,2026-06-18,白,,,8-gtx-500t,8# GTX-500T,ACTUATOR CUP,TM-867A-1,-,1273.21,254.64,5,25,1,280,155,95,0,613.21,20,0,65,45,5194,6,0,,2026-06-27T00:00:00.000Z,,excel-seed
seed-8-gtx-500t-321,,,2026-06-18,夜,,,8-gtx-500t,8# GTX-500T,ACTUATOR CUP,TM-867A-1,-,1234.55,246.91,5,25,1,270,120,45,0,754.55,15,0,30,0,3623,6,0,,2026-06-27T00:00:00.000Z,,excel-seed
seed-8-gtx-500t-322,,,2026-06-19,白,,,8-gtx-500t,8# GTX-500T,ACTUATOR CUP,TM-867A-1,-,265.31,53.06,5,25,1,85,0,25,0,145.31,0,0,10,0,1243,0,0,,2026-06-27T00:00:00.000Z,,excel-seed
seed-8-gtx-500t-323,,,2026-06-19,白,,,8-gtx-500t,8# GTX-500T,Gland plate,BRU53717,1/3,564.52,112.9,5,5.6,1,220,35,110,0,129.52,50,0,20,0,3900,6,0,,2026-06-27T00:00:00.000Z,,excel-seed
seed-8-gtx-500t-324,,,2026-06-19,夜,,,8-gtx-500t,8# GTX-500T,Gland plate,BRU53717,1/3,244.81,48.96,5,5.6,1,125,10,10,0,79.81,0,0,20,0,1184,0,0,,2026-06-27T00:00:00.000Z,,excel-seed
seed-8-gtx-500t-325,,,2026-06-19,夜,,,8-gtx-500t,8# GTX-500T,ACTUATOR CUP,TM-867A-1,-,1075.17,215.03,5,25,1,320,60,55,0,575.17,15,0,50,0,5494,6,0,,2026-06-27T00:00:00.000Z,,excel-seed
seed-8-gtx-500t-326,,,2026-06-20,白,,,8-gtx-500t,8# GTX-500T,ACTUATOR CUP,TM-867A-1,-,259.88,51.98,5,25,1,75,0,45,0,119.88,0,0,20,0,1173,0,0,,2026-06-27T00:00:00.000Z,,excel-seed
seed-8-gtx-500t-327,,,2026-06-20,白,,,8-gtx-500t,8# GTX-500T,Inflator Bracket RH,5037025-AA,-,1086.25,217.25,5,25,1,250,35,35,0,721.25,0,0,45,0,2513,6,0,,2026-06-27T00:00:00.000Z,,excel-seed
seed-8-gtx-500t-328,,,2026-06-20,白,,,8-gtx-500t,8# GTX-500T,Inflator Bracket LH,5036909-AA,-,1086.25,217.25,5,25,1,250,35,35,0,721.25,0,0,45,0,2513,6,0,,2026-06-27T00:00:00.000Z,,excel-seed
seed-8-gtx-500t-329,,,2026-06-20,夜,,,8-gtx-500t,8# GTX-500T,BRKT(FE),TH-538A-2-1,1/4,703.26,140.65,5,20,1,105,10,195,0,373.26,0,0,20,0,647,6,0,,2026-06-27T00:00:00.000Z,,excel-seed
seed-8-gtx-500t-330,,,2026-06-20,夜,,,8-gtx-500t,8# GTX-500T,BRKT(FE),TH-538A-2-2,-,638.64,127.73,5,25,1,110,90,20,0,373.64,0,0,45,0,1472,3,0,,2026-06-27T00:00:00.000Z,,excel-seed
seed-8-gtx-500t-331,,,2026-06-21,白,,,8-gtx-500t,8# GTX-500T,BRKT(FE),TH-538A-1,-,687.61,137.52,5,20,1,110,10,180,0,367.61,10,0,10,0,778,9,0,,2026-06-27T00:00:00.000Z,,excel-seed
seed-8-gtx-500t-332,,,2026-06-21,白,,,8-gtx-500t,8# GTX-500T,ACTUATOR CUP,TM-867A-1,-,669.16,133.83,5,25,1,215,0,25,0,369.16,10,0,50,0,3276,3,0,,2026-06-27T00:00:00.000Z,,excel-seed
seed-8-gtx-500t-333,,,2026-06-21,夜,,,8-gtx-500t,8# GTX-500T,ACTUATOR CUP,TM-867A-1,-,1063.73,212.75,5,25,1,385,10,45,0,583.73,10,0,30,0,6678,6,0,,2026-06-27T00:00:00.000Z,,excel-seed
seed-8-gtx-500t-334,,,2026-06-22,白,,,8-gtx-500t,8# GTX-500T,OUTER,TM-791A-1,-,1235.38,247.08,5,25,2,450,0,125,0,575.38,10,0,75,0,17988,12,0,,2026-06-27T00:00:00.000Z,,excel-seed
seed-8-gtx-500t-335,,,2026-06-22,夜,,,8-gtx-500t,8# GTX-500T,OUTER,TM-791A-1,-,1235.72,247.14,5,25,2,435,0,115,0,575.72,40,0,70,0,17945,9,0,,2026-06-27T00:00:00.000Z,,excel-seed
seed-8-gtx-500t-336,,,2026-06-23,白,,,8-gtx-500t,8# GTX-500T,OUTER,TM-791A-1,-,211.89,42.38,5,25,2,55,0,50,0,91.89,0,0,15,0,1646,0,0,,2026-06-27T00:00:00.000Z,,excel-seed
seed-8-gtx-500t-337,,,2026-06-23,白,,,8-gtx-500t,8# GTX-500T,OUTER,TM-860A-1,-,1005.5,201.1,5,25,1,315,5,70,0,535.5,20,0,60,0,5000,9,0,,2026-06-27T00:00:00.000Z,,excel-seed
seed-8-gtx-500t-338,,,2026-06-23,夜,,,8-gtx-500t,8# GTX-500T,OUTER,TM-860A-1,-,1415.54,283.11,5,25,1,430,0,75,0,810.54,25,0,75,0,6764,6,0,,2026-06-27T00:00:00.000Z,,excel-seed
seed-8-gtx-500t-339,,,2026-06-24,白,,,8-gtx-500t,8# GTX-500T,OUTER,TM-860A-1,-,891.25,178.25,5,25,1,255,30,55,0,531.25,0,0,20,0,3420,0,0,,2026-06-27T00:00:00.000Z,,excel-seed
seed-8-gtx-500t-340,,,2026-06-24,白,,,8-gtx-500t,8# GTX-500T,OUTER,TM-865A-1,-,550.85,110.17,5,20,1,185,35,20,0,250.85,0,0,60,0,3245,0,0,,2026-06-27T00:00:00.000Z,,excel-seed
seed-8-gtx-500t-341,,,2026-06-24,夜,,,8-gtx-500t,8# GTX-500T,OUTER,TM-865A-1,-,1459.32,291.86,5,20,1,500,0,70,0,799.32,15,0,75,0,6443,0,0,,2026-06-27T00:00:00.000Z,,excel-seed
seed-8-gtx-500t-342,,,2026-06-25,白,,,8-gtx-500t,8# GTX-500T,OUTER,TM-865A-1,-,1445.5,289.1,5,20,1,410,0,140,0,795.5,15,0,85,0,4484,9,0,,2026-06-27T00:00:00.000Z,,excel-seed
seed-8-gtx-500t-343,,,2026-06-25,夜,,,8-gtx-500t,8# GTX-500T,OUTER,TM-865A-1,-,1394.69,278.94,5,20,1,475,0,85,0,734.69,30,0,70,0,6530,6,0,,2026-06-27T00:00:00.000Z,,excel-seed
seed-8-gtx-500t-344,,,2026-06-26,白,,,8-gtx-500t,8# GTX-500T,OUTER,TM-865A-1,-,269.36,53.87,5,20,1,90,5,30,0,124.36,0,0,20,0,1375,0,0,,2026-06-27T00:00:00.000Z,,excel-seed
seed-8-gtx-500t-345,,,2026-06-26,白,,,8-gtx-500t,8# GTX-500T,LOWER PLATE,SB-042C-2-1,-,721.8,144.36,5,30,1,235,10,40,0,376.8,0,0,50,10,4584,6,0,,2026-06-27T00:00:00.000Z,,excel-seed
seed-8-gtx-500t-346,,,2026-06-26,夜,,,8-gtx-500t,8# GTX-500T,OUTER,TM-806A-1,-,1377.78,275.56,5,20,1,480,0,75,0,717.78,30,0,75,0,6821,9,0,,2026-06-27T00:00:00.000Z,,excel-seed
seed-9-ocp-110t-1,,,2026-01-08,白,,,9-ocp-110t,9# OCP-110T,BRKT(FE),TH-538A-2-1,2/4,988.53,197.71,5,25,1,80,60,15,0,823.53,0,0,0,10,340,9,0,,2026-06-27T00:00:00.000Z,,excel-seed
seed-9-ocp-110t-2,,,2026-01-08,白,,,9-ocp-110t,9# OCP-110T,BRKT(FE),TH-538A-2-1,3/4,826.84,165.37,5,25,1,55,100,10,0,626.84,0,0,30,5,340,0,0,,2026-06-27T00:00:00.000Z,,excel-seed
seed-9-ocp-110t-3,,,2026-01-08,白,,,9-ocp-110t,9# OCP-110T,BRKT(FE),TH-538A-2-1,4/4,753.53,150.71,5,25,1,60,70,10,0,573.53,0,0,30,10,340,0,0,,2026-06-27T00:00:00.000Z,,excel-seed
seed-9-ocp-110t-4,,,2026-01-08,夜,,,9-ocp-110t,9# OCP-110T,LC 600 Gland Plate,75170148,2/3,461.11,92.22,5,2.6,1,190,15,35,0,221.11,0,0,0,0,458,1,0,,2026-06-27T00:00:00.000Z,,excel-seed
seed-9-ocp-110t-5,,,2026-01-09,白,,,9-ocp-110t,9# OCP-110T,LC 600 Gland Plate,75170148,3/3,598.57,119.71,5,2.6,1,205,0,35,0,238.57,0,0,25,95,458,0,0,,2026-06-27T00:00:00.000Z,,excel-seed
seed-9-ocp-110t-6,,,2026-01-09,夜,,,9-ocp-110t,9# OCP-110T,LC 600 Gland Plate,75170148,2/3,788.43,157.69,5,2.6,1,325,0,75,0,333.43,0,0,0,55,887,7,0,,2026-06-27T00:00:00.000Z,,excel-seed
seed-9-ocp-110t-7,,,2026-01-10,夜,,,9-ocp-110t,9# OCP-110T,LC 600 Gland Plate,75170148,2/3,658.51,131.7,5,2.6,1,325,0,25,0,298.51,0,0,10,0,920,0,0,,2026-06-27T00:00:00.000Z,,excel-seed
seed-9-ocp-110t-8,,,2026-01-12,白,,,9-ocp-110t,9# OCP-110T,RETAINER RING ASSEMBLY,5036755-AA,2/2,452.2,90.44,5,2.4,1,135,70,20,0,212.2,0,0,15,0,313,1,0,,2026-06-27T00:00:00.000Z,,excel-seed
seed-9-ocp-110t-9,,,2026-01-12,白,,,9-ocp-110t,9# OCP-110T,Lower sheet metal assembly,10383086,2/3,731.14,146.23,5,2.4,1,370,0,25,0,311.14,0,0,25,0,1056,2,0,,2026-06-27T00:00:00.000Z,,excel-seed
seed-9-ocp-110t-10,,,2026-01-12,夜,,,9-ocp-110t,9# OCP-110T,LC 600 Gland Plate,75170148,2/3,647.63,129.53,5,2.6,1,175,0,30,0,167.63,0,0,0,275,475,0,0,,2026-06-27T00:00:00.000Z,,excel-seed
seed-9-ocp-110t-11,,,2026-01-13,夜,,,9-ocp-110t,9# OCP-110T,LC 600 Gland Plate,75170148,2/3,1195.67,239.13,5,2.6,1,325,30,45,0,535.67,0,0,45,215,560,0,0,,2026-06-27T00:00:00.000Z,,excel-seed
seed-9-ocp-110t-12,,,2026-01-13,白,,,9-ocp-110t,9# OCP-110T,Lower sheet metal assembly,10383086,3/3,268.98,53.8,5,2.4,1,150,5,0,0,108.98,0,0,5,0,512,0,0,,2026-06-27T00:00:00.000Z,,excel-seed
seed-9-ocp-110t-13,,,2026-01-14,白,,,9-ocp-110t,9# OCP-110T,Lower sheet metal assembly,10383086,3/3,3012.27,602.45,5,2.4,1,700,0,15,0,2227.27,0,0,70,0,528,0,0,,2026-06-27T00:00:00.000Z,,excel-seed
seed-9-ocp-110t-14,,,2026-01-14,夜,,,9-ocp-110t,9# OCP-110T,LC 600 Gland Plate,75170148,2/3,728.51,145.7,5,2.6,1,205,0,25,0,303.51,0,0,0,195,360,0,0,,2026-06-27T00:00:00.000Z,,excel-seed
seed-9-ocp-110t-15,,,2026-01-15,夜,,,9-ocp-110t,9# OCP-110T,LC 600 Gland Plate,75170148,2/3,201.54,40.31,5,2.6,1,65,0,15,0,91.54,0,0,0,30,120,0,0,,2026-06-27T00:00:00.000Z,,excel-seed
seed-9-ocp-110t-16,,,2026-01-16,白,,,9-ocp-110t,9# OCP-110T,LC 600 Gland Plate,75170148,2/3,852.54,170.51,5,2.6,1,260,0,5,0,547.54,0,0,40,0,321,0,0,,2026-06-27T00:00:00.000Z,,excel-seed
seed-9-ocp-110t-17,,,2026-01-16,夜,,,9-ocp-110t,9# OCP-110T,LC 600 Gland Plate,75170148,2/3,1556.88,311.38,5,2.6,1,450,0,5,0,1096.88,0,0,0,5,480,0,0,,2026-06-27T00:00:00.000Z,,excel-seed
seed-9-ocp-110t-18,,,2026-01-17,白,,,9-ocp-110t,9# OCP-110T,LC 600 Gland Plate,75170148,2/3,1188.89,237.78,5,2.6,1,370,0,10,0,528.89,0,0,40,240,673,0,0,,2026-06-27T00:00:00.000Z,,excel-seed
seed-9-ocp-110t-19,,,2026-01-17,夜,,,9-ocp-110t,9# OCP-110T,LC 600 Gland Plate,75170148,2/3,1705.87,341.17,5,2.6,1,445,0,10,0,1225.87,0,0,5,20,420,0,0,,2026-06-27T00:00:00.000Z,,excel-seed
seed-9-ocp-110t-20,,,2026-01-18,白,,,9-ocp-110t,9# OCP-110T,LC 600 Gland Plate,75170148,2/3,1208,241.6,5,2.6,1,220,0,10,0,968,0,0,10,0,130,0,0,,2026-06-27T00:00:00.000Z,,excel-seed
seed-9-ocp-110t-21,,,2026-01-20,夜,,,9-ocp-110t,9# OCP-110T,LC 600 Gland Plate,75170148,2/3,946.56,189.31,5,2.6,1,380,45,10,0,466.56,0,0,45,0,900,0,0,,2026-06-27T00:00:00.000Z,,excel-seed
seed-9-ocp-110t-22,,,2026-01-21,白,,,9-ocp-110t,9# OCP-110T,LC 600 Gland Plate,75170148,2/3,669.49,133.9,5,2.6,1,220,0,10,0,429.49,0,0,10,0,293,0,0,,2026-06-27T00:00:00.000Z,,excel-seed
seed-9-ocp-110t-23,,,2026-01-21,夜,,,9-ocp-110t,9# OCP-110T,LC600 COVER,75170154,3/3,1560.64,312.13,5,2.6,1,515,50,50,0,900.64,0,0,45,0,840,0,0,,2026-06-27T00:00:00.000Z,,excel-seed
seed-9-ocp-110t-24,,,2026-01-23,白,,,9-ocp-110t,9# OCP-110T,LC600 COVER,75170154,3/3,6607.91,1321.58,5,2.6,1,605,0,15,0,5947.91,0,0,40,0,160,0,0,,2026-06-27T00:00:00.000Z,,excel-seed
seed-9-ocp-110t-25,,,2026-01-29,白,,,9-ocp-110t,9# OCP-110T,LC 600 Gland Plate,75170148,2/3,413.86,82.77,5,2.6,1,85,45,55,0,148.86,0,0,35,45,193,0,0,,2026-06-27T00:00:00.000Z,,excel-seed
seed-9-ocp-110t-26,,,2026-01-29,白,,,9-ocp-110t,9# OCP-110T,LC 600 Gland Plate,75170148,3/3,414.89,82.98,5,2.6,1,105,55,25,0,229.89,0,0,0,0,190,3,0,,2026-06-27T00:00:00.000Z,,excel-seed
seed-9-ocp-110t-27,,,2026-01-30,白,,,9-ocp-110t,9# OCP-110T,LC600 COVER,75170154,3/3,981.94,196.39,5,2.6,1,190,35,30,0,581.94,0,0,0,145,191,0,0,,2026-06-27T00:00:00.000Z,,excel-seed
seed-9-ocp-110t-28,,,2026-02-03,白,,,9-ocp-110t,9# OCP-110T,Upper Cup,SB-059C-2,4/4,1282.79,256.56,5,5.2,1,380,35,15,0,742.79,0,0,40,70,1104,0,0,,2026-06-27T00:00:00.000Z,,excel-seed
seed-9-ocp-110t-29,,,2026-02-04,夜,,,9-ocp-110t,9# OCP-110T,Upper Cup,SB-059C-2,4/4,2037.7,407.54,5,5.2,1,500,0,5,0,1497.7,0,0,35,0,868,0,0,,2026-06-27T00:00:00.000Z,,excel-seed
seed-9-ocp-110t-30,,,2026-02-05,白,,,9-ocp-110t,9# OCP-110T,Upper Cup,SB-059C-2,4/4,1616.43,323.29,5,5.2,1,515,0,5,0,956.43,0,0,55,85,1442,0,0,,2026-06-27T00:00:00.000Z,,excel-seed
seed-9-ocp-110t-31,,,2026-02-05,夜,,,9-ocp-110t,9# OCP-110T,Upper Cup,SB-059C-2,4/4,1802.94,360.59,5,5.2,1,525,0,10,0,1142.94,0,0,125,0,1254,0,0,,2026-06-27T00:00:00.000Z,,excel-seed
seed-9-ocp-110t-32,,,2026-02-07,白,,,9-ocp-110t,9# OCP-110T,CG BASE,1185509,2/2,8006.81,1601.36,5,50,1,285,60,25,0,7586.81,0,0,50,0,648,0,0,,2026-06-27T00:00:00.000Z,,excel-seed
seed-9-ocp-110t-33,,,2026-02-07,夜,,,9-ocp-110t,9# OCP-110T,CG BASE,1185509,2/2,12367.18,2473.44,5,50,1,595,0,10,0,11707.18,0,0,55,0,1512,0,0,,2026-06-27T00:00:00.000Z,,excel-seed
seed-9-ocp-110t-34,,,2026-02-09,白,,,9-ocp-110t,9# OCP-110T,CG BASE,1185509,2/2,12330.52,2466.1,5,50,1,550,0,15,0,11670.52,0,0,95,0,1296,0,0,,2026-06-27T00:00:00.000Z,,excel-seed
seed-9-ocp-110t-35,,,2026-02-09,夜,,,9-ocp-110t,9# OCP-110T,CG BASE,1185509,2/2,8596.51,1719.3,5,50,1,400,0,30,0,7936.51,0,0,60,170,1008,0,0,,2026-06-27T00:00:00.000Z,,excel-seed
seed-9-ocp-110t-36,,,2026-02-10,夜,,,9-ocp-110t,9# OCP-110T,LC600 COVER,75170154,3/3,519.7,103.94,5,2.6,1,235,0,20,0,224.7,0,0,40,0,639,0,0,,2026-06-27T00:00:00.000Z,,excel-seed
seed-9-ocp-110t-37,,,2026-02-11,白,,,9-ocp-110t,9# OCP-110T,LC600 COVER,75170154,3/3,731.35,146.27,5,2.6,1,290,0,20,0,376.35,0,0,40,5,581,0,0,,2026-06-27T00:00:00.000Z,,excel-seed
seed-9-ocp-110t-38,,,2026-02-11,白,,,9-ocp-110t,9# OCP-110T,UPPER PLATE,TM-755A-1,2/2,446.88,89.38,5,2.4,1,225,10,20,0,146.88,0,0,45,0,864,0,0,,2026-06-27T00:00:00.000Z,,excel-seed
seed-9-ocp-110t-39,,,2026-02-11,夜,,,9-ocp-110t,9# OCP-110T,UPPER PLATE,TM-755A-1,2/2,809.39,161.88,5,2.4,1,385,0,50,0,329.39,0,0,45,0,1080,0,0,,2026-06-27T00:00:00.000Z,,excel-seed
seed-9-ocp-110t-40,,,2026-02-12,白,,,9-ocp-110t,9# OCP-110T,RETAINER RING ASSEMBLY,5036755-AA,2/2,240.93,48.19,5,2.4,1,70,0,20,0,60.93,0,0,40,50,193,0,0,,2026-06-27T00:00:00.000Z,,excel-seed
seed-9-ocp-110t-41,,,2026-02-13,白,,,9-ocp-110t,9# OCP-110T,UPPER PLATE,TM-755A-1,2/2,890.71,178.14,5,2.4,1,460,20,10,0,350.71,0,0,50,0,1511,1,0,,2026-06-27T00:00:00.000Z,,excel-seed
seed-9-ocp-110t-42,,,2026-02-14,白,,,9-ocp-110t,9# OCP-110T,BRKT(FE),TH-538A-2-1,4/4,936.88,187.38,5,25,1,30,55,20,0,796.88,0,0,35,0,80,0,0,,2026-06-27T00:00:00.000Z,,excel-seed
seed-9-ocp-110t-43,,,2026-02-14,白,,,9-ocp-110t,9# OCP-110T,BRKT(FE),TH-538A-2-1,3/4,778.54,155.71,5,25,1,75,35,20,0,638.54,0,0,10,0,323,0,0,,2026-06-27T00:00:00.000Z,,excel-seed
seed-9-ocp-110t-44,,,2026-02-14,白,,,9-ocp-110t,9# OCP-110T,BRKT(FE),TH-538A-2-1,2/4,1274.26,254.85,5,25,1,105,35,0,0,1134.26,0,0,0,0,324,0,0,,2026-06-27T00:00:00.000Z,,excel-seed
seed-9-ocp-110t-45,,,2026-02-21,夜,,,9-ocp-110t,9# OCP-110T,BRKT (FE),SB-104A-1-1,3/3,1751.8,350.36,5,5,1,340,0,25,0,1331.8,0,0,55,0,434,0,0,,2026-06-27T00:00:00.000Z,,excel-seed
seed-9-ocp-110t-46,,,2026-02-23,白,,,9-ocp-110t,9# OCP-110T,BRKT (FE),SB-104A-1-1,3/3,977.78,195.56,5,5,1,160,120,115,0,497.78,0,0,85,0,450,0,0,,2026-06-27T00:00:00.000Z,,excel-seed
seed-9-ocp-110t-47,,,2026-02-23,夜,,,9-ocp-110t,9# OCP-110T,UPPER PLATE,TM-755A-1,2/2,635.83,127.17,5,2.4,1,285,0,0,0,300.83,0,0,50,0,648,0,0,,2026-06-27T00:00:00.000Z,,excel-seed
seed-9-ocp-110t-48,,,2026-02-24,白,,,9-ocp-110t,9# OCP-110T,UPPER PLATE,TM-755A-1,2/2,653.21,130.64,5,2.4,1,230,0,40,0,173.21,0,0,75,135,733,0,0,,2026-06-27T00:00:00.000Z,,excel-seed
seed-9-ocp-110t-49,,,2026-02-24,白,,,9-ocp-110t,9# OCP-110T,Upper Cup,SB-059C-2,4/4,268.06,53.61,5,5.2,1,95,10,15,0,108.06,0,0,40,0,480,0,0,,2026-06-27T00:00:00.000Z,,excel-seed
seed-9-ocp-110t-50,,,2026-02-25,白,,,9-ocp-110t,9# OCP-110T,Upper Cup,SB-059C-2,4/4,372.71,74.54,5,5.2,1,70,0,15,0,132.71,0,0,30,125,192,0,0,,2026-06-27T00:00:00.000Z,,excel-seed
seed-9-ocp-110t-51,,,2026-02-25,白,,,9-ocp-110t,9# OCP-110T,CG BASE,1185509,2/2,4884.19,976.84,5,50,1,350,35,15,0,4419.19,0,0,65,0,1584,0,0,,2026-06-27T00:00:00.000Z,,excel-seed
seed-9-ocp-110t-52,,,2026-02-25,夜,,,9-ocp-110t,9# OCP-110T,CG BASE,1185509,2/2,9137.61,1827.52,5,50,1,595,0,5,0,8477.61,0,0,60,0,2088,0,0,,2026-06-27T00:00:00.000Z,,excel-seed
seed-9-ocp-110t-53,,,2026-02-26,白,,,9-ocp-110t,9# OCP-110T,CG BASE,1185509,2/2,2677.27,535.45,5,50,1,225,0,30,0,2197.27,0,0,40,185,1152,0,0,,2026-06-27T00:00:00.000Z,,excel-seed
seed-9-ocp-110t-54,,,2026-02-26,白,,,9-ocp-110t,9# OCP-110T,Upper Cup,SB-059C-2,4/4,754.33,150.87,5,5.2,1,260,20,25,0,394.33,0,0,55,0,960,0,0,,2026-06-27T00:00:00.000Z,,excel-seed
seed-9-ocp-110t-55,,,2026-02-26,夜,,,9-ocp-110t,9# OCP-110T,Upper Cup,SB-059C-2,4/4,1618.82,323.76,5,5.2,1,595,0,5,0,958.82,0,0,60,0,1920,0,0,,2026-06-27T00:00:00.000Z,,excel-seed
seed-9-ocp-110t-56,,,2026-02-27,白,,,9-ocp-110t,9# OCP-110T,Upper Cup,SB-059C-2,4/4,883.56,176.71,5,5.2,1,370,0,20,0,403.56,0,0,45,45,1764,0,0,,2026-06-27T00:00:00.000Z,,excel-seed
seed-9-ocp-110t-57,,,2026-03-02,白,,,9-ocp-110t,9# OCP-110T,LC 600 Gland Plate,75170148,2/3,1220.9,244.18,5,2.6,1,475,70,30,0,560.9,0,0,85,0,1200,0,0,,2026-06-27T00:00:00.000Z,,excel-seed
seed-9-ocp-110t-58,,,2026-03-02,夜,,,9-ocp-110t,9# OCP-110T,LC 600 Gland Plate,75170148,2/3,1200.69,240.14,5,2.6,1,525,0,15,0,600.69,0,0,60,0,1193,0,0,,2026-06-27T00:00:00.000Z,,excel-seed
seed-9-ocp-110t-59,,,2026-03-03,白,,,9-ocp-110t,9# OCP-110T,LC600 COVER,75170154,3/3,1002.59,200.52,5,2.6,1,260,0,0,0,522.59,50,0,40,130,401,1,0,,2026-06-27T00:00:00.000Z,,excel-seed
seed-9-ocp-110t-60,,,2026-03-03,白,,,9-ocp-110t,9# OCP-110T,LC 600 Gland Plate,75170148,3/3,622.85,124.57,5,2.6,1,210,0,15,0,362.85,0,0,35,0,316,0,0,,2026-06-27T00:00:00.000Z,,excel-seed
seed-9-ocp-110t-61,,,2026-03-04,白,,,9-ocp-110t,9# OCP-110T,LC 600 Gland Plate,75170148,3/3,757.82,151.56,5,2.6,1,295,0,25,0,392.82,0,0,40,5,576,1,0,,2026-06-27T00:00:00.000Z,,excel-seed
seed-9-ocp-110t-62,,,2026-03-04,白,,,9-ocp-110t,9# OCP-110T,LC600 COVER,75170154,3/3,424.12,84.82,5,2.6,1,145,5,15,0,199.12,0,0,45,15,284,0,0,,2026-06-27T00:00:00.000Z,,excel-seed
seed-9-ocp-110t-63,,,2026-03-05,白,,,9-ocp-110t,9# OCP-110T,LC600 COVER,75170154,3/3,376.98,75.4,5,2.6,1,110,0,30,0,151.98,0,0,40,45,207,0,0,,2026-06-27T00:00:00.000Z,,excel-seed
seed-9-ocp-110t-64,,,2026-03-05,夜,,,9-ocp-110t,9# OCP-110T,CG BASE,1185509,2/2,6641.45,1328.29,5,50,1,525,0,50,0,5981.45,0,0,85,0,2304,0,0,,2026-06-27T00:00:00.000Z,,excel-seed
seed-9-ocp-110t-65,,,2026-03-06,白,,,9-ocp-110t,9# OCP-110T,CG BASE,1185509,2/2,6477.51,1295.5,5,50,1,515,10,15,0,5867.51,0,0,70,0,2304,0,0,,2026-06-27T00:00:00.000Z,,excel-seed
seed-9-ocp-110t-66,,,2026-03-06,夜,,,9-ocp-110t,9# OCP-110T,BRKT (FE),SB-104A-1-1,3/3,508.14,101.63,5,5,1,155,0,5,0,268.14,0,0,10,70,448,0,0,,2026-06-27T00:00:00.000Z,,excel-seed
seed-9-ocp-110t-67,,,2026-03-09,白,,,9-ocp-110t,9# OCP-110T,UPPER PLATE,TM-755A-1,2/2,225.94,45.19,5,2.4,1,105,0,30,0,45.94,0,0,45,0,576,0,0,,2026-06-27T00:00:00.000Z,,excel-seed
seed-9-ocp-110t-68,,,2026-03-10,白,,,9-ocp-110t,9# OCP-110T,UPPER PLATE,TM-755A-1,2/2,442.9,88.58,5,2.4,1,110,65,15,0,212.9,0,0,35,5,217,0,0,,2026-06-27T00:00:00.000Z,,excel-seed
seed-9-ocp-110t-69,,,2026-03-13,白,,,9-ocp-110t,9# OCP-110T,BRKT (FE),SB-104A-1-1,2/3,745.78,149.16,5,5,1,205,0,30,0,325.78,0,0,35,150,645,0,0,,2026-06-27T00:00:00.000Z,,excel-seed
seed-9-ocp-110t-70,,,2026-03-13,夜,,,9-ocp-110t,9# OCP-110T,BRKT (FE),SB-104A-1-1,3/3,1006.42,201.28,5,5,1,265,0,5,0,526.42,0,0,30,180,667,0,0,,2026-06-27T00:00:00.000Z,,excel-seed
seed-9-ocp-110t-71,,,2026-03-16,白,,,9-ocp-110t,9# OCP-110T,LC 600 Gland Plate,75170148,3/3,780.53,156.11,5,2.6,1,260,60,15,0,360.53,0,0,45,40,600,0,0,,2026-06-27T00:00:00.000Z,,excel-seed
seed-9-ocp-110t-72,,,2026-03-16,夜,,,9-ocp-110t,9# OCP-110T,LC 600 Gland Plate,75170148,2/3,1327.39,265.48,5,2.6,1,555,0,35,0,667.39,0,0,70,0,1200,0,0,,2026-06-27T00:00:00.000Z,,excel-seed
seed-9-ocp-110t-73,,,2026-03-17,白,,,9-ocp-110t,9# OCP-110T,LC 600 Gland Plate,75170148,2/3,1156.12,231.22,5,2.6,1,535,0,35,0,496.12,0,0,85,5,1500,0,0,,2026-06-27T00:00:00.000Z,,excel-seed
seed-9-ocp-110t-74,,,2026-03-17,夜,,,9-ocp-110t,9# OCP-110T,LC 600 Gland Plate,75170148,2/3,519.38,103.88,5,2.6,1,225,0,10,0,219.38,0,0,65,0,600,0,0,,2026-06-27T00:00:00.000Z,,excel-seed
seed-9-ocp-110t-75,,,2026-03-18,白,,,9-ocp-110t,9# OCP-110T,LC 600 Gland Plate,75170148,2/3,217.5,43.5,5,2.6,1,50,25,35,0,97.5,0,0,0,10,100,0,0,,2026-06-27T00:00:00.000Z,,excel-seed
seed-9-ocp-110t-76,,,2026-03-19,白,,,9-ocp-110t,9# OCP-110T,LC600 COVER,75170154,3/3,1274.62,254.92,5,2.6,1,450,0,40,0,659.62,0,0,125,0,878,2,0,,2026-06-27T00:00:00.000Z,,excel-seed
seed-9-ocp-110t-77,,,2026-03-19,夜,,,9-ocp-110t,9# OCP-110T,LC600 COVER,75170154,3/3,1653.91,330.78,5,2.6,1,580,0,15,0,993.91,0,0,65,0,880,0,0,,2026-06-27T00:00:00.000Z,,excel-seed
seed-9-ocp-110t-78,,,2026-03-20,白,,,9-ocp-110t,9# OCP-110T,LC600 COVER,75170154,3/3,677.96,135.59,5,2.6,1,265,10,55,0,287.96,0,0,60,0,658,0,0,,2026-06-27T00:00:00.000Z,,excel-seed
seed-9-ocp-110t-79,,,2026-03-23,白,,,9-ocp-110t,9# OCP-110T,Upper Cup,SB-059C-2,4/4,1282.07,256.41,5,5.2,1,525,0,20,0,622.07,0,0,80,35,2304,0,0,,2026-06-27T00:00:00.000Z,,excel-seed
seed-9-ocp-110t-80,,,2026-03-23,夜,,,9-ocp-110t,9# OCP-110T,LC600 COVER,75170154,3/3,890.06,178.01,5,2.6,1,255,60,10,0,530.06,0,0,25,10,394,0,0,,2026-06-27T00:00:00.000Z,,excel-seed
seed-9-ocp-110t-81,,,2026-03-25,白,,,9-ocp-110t,9# OCP-110T,CG BASE,1185509,2/2,6374.46,1274.89,5,50,1,375,135,25,0,5774.46,0,0,65,0,1656,0,0,,2026-06-27T00:00:00.000Z,,excel-seed
seed-9-ocp-110t-82,,,2026-03-26,白,,,9-ocp-110t,9# OCP-110T,HEAT SHIELD,SB-070B-1,2/5,444.55,88.91,5,4.5,1,130,70,35,0,204.55,0,0,0,5,572,0,0,,2026-06-27T00:00:00.000Z,,excel-seed
seed-9-ocp-110t-83,,,2026-03-26,白,,,9-ocp-110t,9# OCP-110T,HEAT SHIELD,SB-070B-1,3/5,673.69,134.74,5,4.5,1,190,60,15,0,373.69,0,0,30,5,572,0,0,,2026-06-27T00:00:00.000Z,,excel-seed
seed-9-ocp-110t-84,,,2026-03-27,白,,,9-ocp-110t,9# OCP-110T,HEAT SHIELD,SB-070B-1,4/5,731.36,146.27,5,5.2,1,70,325,40,0,251.36,0,0,45,0,572,0,0,,2026-06-27T00:00:00.000Z,,excel-seed
seed-9-ocp-110t-85,,,2026-03-27,白,,,9-ocp-110t,9# OCP-110T,HEAT SHIELD,SB-070B-1,5/5,577.27,115.45,5,5.2,1,125,75,130,0,227.27,0,0,20,0,572,0,0,,2026-06-27T00:00:00.000Z,,excel-seed
seed-9-ocp-110t-86,,,2026-03-29,白,,,9-ocp-110t,9# OCP-110T,HEAT SHIELD,SB-070B-1,2/5,432.76,86.55,5,4.5,1,45,155,60,0,127.76,0,0,45,0,317,0,0,,2026-06-27T00:00:00.000Z,,excel-seed
seed-9-ocp-110t-87,,,2026-03-29,白,,,9-ocp-110t,9# OCP-110T,RETAINER RING ASSEMBLY,5036755-AA,2/2,555.84,111.17,5,2.4,1,195,10,40,0,255.84,0,0,55,0,375,0,0,,2026-06-27T00:00:00.000Z,,excel-seed
seed-9-ocp-110t-88,,,2026-03-30,白,,,9-ocp-110t,9# OCP-110T,RETAINER RING ASSEMBLY,5036755-AA,2/2,1083.83,216.77,5,2.4,1,165,265,20,0,603.83,0,0,30,0,282,0,0,,2026-06-27T00:00:00.000Z,,excel-seed
seed-9-ocp-110t-89,,,2026-03-30,白,,,9-ocp-110t,9# OCP-110T,HEAT SHIELD,SB-070B-1,3/5,513.49,102.7,5,4.5,1,70,170,25,0,238.49,0,0,10,0,317,0,0,,2026-06-27T00:00:00.000Z,,excel-seed
seed-9-ocp-110t-90,,,2026-03-30,白,,,9-ocp-110t,9# OCP-110T,HEAT SHIELD,SB-070B-1,4/5,322.52,64.5,5,5.2,1,50,75,50,0,102.52,0,0,45,0,317,0,0,,2026-06-27T00:00:00.000Z,,excel-seed
seed-9-ocp-110t-91,,,2026-03-31,白,,,9-ocp-110t,9# OCP-110T,HEAT SHIELD,SB-070B-1,5/5,1058.64,211.73,5,5.2,1,85,330,45,0,578.64,0,0,20,0,317,0,0,,2026-06-27T00:00:00.000Z,,excel-seed
seed-9-ocp-110t-92,,,2026-03-31,白,,,9-ocp-110t,9# OCP-110T,HEAT SHIELD,SB-070B-1,2/5,643.54,128.71,5,4.5,1,105,195,40,0,293.54,0,0,10,0,499,0,0,,2026-06-27T00:00:00.000Z,,excel-seed
seed-9-ocp-110t-93,,,2026-03-31,白,,,9-ocp-110t,9# OCP-110T,HEAT SHIELD,SB-070B-1,3/5,272.23,54.45,5,4.5,1,70,60,50,0,82.23,0,0,10,0,498,0,0,,2026-06-27T00:00:00.000Z,,excel-seed
seed-9-ocp-110t-94,,,2026-03-31,白,,,9-ocp-110t,9# OCP-110T,HEAT SHIELD,SB-070B-1,4/5,386.45,77.29,5,5.2,1,85,80,30,0,146.45,0,0,45,0,498,0,0,,2026-06-27T00:00:00.000Z,,excel-seed
seed-9-ocp-110t-95,,,2026-04-01,夜,,,9-ocp-110t,9# OCP-110T,LC600 COVER,75170154,3/3,389.21,77.84,5,2.6,1,150,10,10,0,164.21,0,0,45,10,380,0,0,,2026-06-27T00:00:00.000Z,,excel-seed
seed-9-ocp-110t-96,,,2026-04-02,白,,,9-ocp-110t,9# OCP-110T,HEAT SHIELD,SB-070B-1,5/5,927.95,185.59,5,5.2,1,110,280,50,0,447.95,0,0,40,0,498,0,0,,2026-06-27T00:00:00.000Z,,excel-seed
seed-9-ocp-110t-97,,,2026-04-03,白,,,9-ocp-110t,9# OCP-110T,CG BASE,1185509,2/2,4266.01,853.2,5,50,1,375,0,35,0,3756.01,0,0,100,0,1872,0,0,,2026-06-27T00:00:00.000Z,,excel-seed
seed-9-ocp-110t-98,,,2026-04-03,夜,,,9-ocp-110t,9# OCP-110T,CG BASE,1185509,2/2,2180,436,5,50,1,120,0,20,0,2000,0,0,40,0,360,0,0,,2026-06-27T00:00:00.000Z,,excel-seed
seed-9-ocp-110t-99,,,2026-04-04,夜,,,9-ocp-110t,9# OCP-110T,CG BASE,1185509,2/2,6370.62,1274.12,5,50,1,390,45,20,0,5890.62,0,0,25,0,1440,0,0,,2026-06-27T00:00:00.000Z,,excel-seed
seed-9-ocp-110t-100,,,2026-04-06,白,,,9-ocp-110t,9# OCP-110T,CG BASE,1185509,2/2,5380,1076,5,50,1,420,0,15,0,4900,0,0,45,0,1800,0,0,,2026-06-27T00:00:00.000Z,,excel-seed
seed-9-ocp-110t-101,,,2026-04-07,白,,,9-ocp-110t,9# OCP-110T,UPPER PLATE,TM-755A-1,2/2,944.83,188.97,5,2.4,1,435,0,10,0,464.83,0,0,35,0,977,0,0,,2026-06-27T00:00:00.000Z,,excel-seed
seed-9-ocp-110t-102,,,2026-04-07,夜,,,9-ocp-110t,9# OCP-110T,Upper Cup,SB-059C-2,4/4,1220.37,244.07,5,5.2,1,385,50,55,0,680.37,0,0,50,0,1280,0,0,,2026-06-27T00:00:00.000Z,,excel-seed
seed-9-ocp-110t-103,,,2026-04-08,白,,,9-ocp-110t,9# OCP-110T,CG BASE,1185509,2/2,5136.88,1027.38,5,50,1,325,30,15,0,4716.88,0,0,50,0,1223,1,0,,2026-06-27T00:00:00.000Z,,excel-seed
seed-9-ocp-110t-104,,,2026-04-09,白,,,9-ocp-110t,9# OCP-110T,CG BASE,1185509,2/2,3707.96,741.59,5,50,1,265,0,45,0,3047.96,0,0,75,275,1152,0,0,,2026-06-27T00:00:00.000Z,,excel-seed
seed-9-ocp-110t-105,,,2026-04-09,夜,,,9-ocp-110t,9# OCP-110T,CG BASE,1185509,2/2,2950.06,590.01,5,50,1,215,0,15,0,2675.06,0,0,45,0,864,0,0,,2026-06-27T00:00:00.000Z,,excel-seed
seed-9-ocp-110t-106,,,2026-04-10,白,,,9-ocp-110t,9# OCP-110T,CG BASE,1185509,2/2,4125.42,825.08,5,50,1,285,0,50,0,3760.42,0,0,25,5,1080,0,0,,2026-06-27T00:00:00.000Z,,excel-seed
seed-9-ocp-110t-107,,,2026-04-11,夜,,,9-ocp-110t,9# OCP-110T,CG BASE,1185509,2/2,1870.1,374.02,5,50,1,125,0,10,0,1550.1,0,0,10,175,504,0,0,,2026-06-27T00:00:00.000Z,,excel-seed
seed-9-ocp-110t-108,,,2026-04-16,白,,,9-ocp-110t,9# OCP-110T,CG BASE,1185509,2/2,5065.81,1013.16,5,50,1,430,0,20,0,4585.81,0,0,30,0,2016,0,0,,2026-06-27T00:00:00.000Z,,excel-seed
seed-9-ocp-110t-109,,,2026-04-17,白,,,9-ocp-110t,9# OCP-110T,CG BASE,1185509,2/2,1437.03,287.41,5,50,1,105,0,35,0,957.03,0,0,25,315,576,0,0,,2026-06-27T00:00:00.000Z,,excel-seed
seed-9-ocp-110t-110,,,2026-04-17,白,,,9-ocp-110t,9# OCP-110T,Upper Cup,SB-059C-2,4/4,578.75,115.75,5,5.2,1,200,25,25,0,243.75,0,0,55,30,960,0,0,,2026-06-27T00:00:00.000Z,,excel-seed
seed-9-ocp-110t-111,,,2026-04-18,白,,,9-ocp-110t,9# OCP-110T,LC 600 Gland Plate,75170148,2/3,985.06,197.01,5,2.6,1,370,0,90,0,325.06,0,0,75,125,1095,0,0,,2026-06-27T00:00:00.000Z,,excel-seed
seed-9-ocp-110t-112,,,2026-04-20,白,,,9-ocp-110t,9# OCP-110T,LC 600 Gland Plate,75170148,2/3,1088.82,217.76,5,2.6,1,485,20,50,0,428.82,0,0,95,10,1485,0,0,,2026-06-27T00:00:00.000Z,,excel-seed
seed-9-ocp-110t-113,,,2026-04-20,夜,,,9-ocp-110t,9# OCP-110T,LC 600 Gland Plate,75170148,2/3,159,31.8,5,2.6,1,25,0,15,0,104,0,0,15,0,75,1,0,,2026-06-27T00:00:00.000Z,,excel-seed
seed-9-ocp-110t-114,,,2026-04-21,白,,,9-ocp-110t,9# OCP-110T,LC 600 Gland Plate,75170148,2/3,987.02,197.4,5,2.6,1,275,20,65,0,327.02,0,0,80,220,645,0,0,,2026-06-27T00:00:00.000Z,,excel-seed
seed-9-ocp-110t-115,,,2026-04-22,白,,,9-ocp-110t,9# OCP-110T,Upper Cup,SB-059C-2,4/4,1260.21,252.04,5,5.2,1,335,95,60,0,600.21,0,0,75,95,1248,0,0,,2026-06-27T00:00:00.000Z,,excel-seed
seed-9-ocp-110t-116,,,2026-04-23,白,,,9-ocp-110t,9# OCP-110T,HEAT SHIELD,SB-070B-1,2/5,867.44,173.49,5,4.5,1,85,195,55,0,522.44,0,0,10,0,205,0,0,,2026-06-27T00:00:00.000Z,,excel-seed
seed-9-ocp-110t-117,,,2026-04-23,白,,,9-ocp-110t,9# OCP-110T,HEAT SHIELD,SB-070B-1,3/5,562,112.4,5,4.5,1,40,120,155,0,192,0,0,55,0,150,0,0,,2026-06-27T00:00:00.000Z,,excel-seed
seed-9-ocp-110t-118,,,2026-04-23,白,,,9-ocp-110t,9# OCP-110T,HEAT SHIELD,SB-070B-1,4/5,201.27,40.25,5,5.2,1,40,15,60,0,76.27,0,0,10,0,150,0,0,,2026-06-27T00:00:00.000Z,,excel-seed
seed-9-ocp-110t-119,,,2026-04-23,夜,,,9-ocp-110t,9# OCP-110T,CG BASE,1185509,2/2,3668.01,733.6,5,50,1,285,0,15,0,3318.01,0,0,50,0,1224,0,0,,2026-06-27T00:00:00.000Z,,excel-seed
seed-9-ocp-110t-120,,,2026-04-24,白,,,9-ocp-110t,9# OCP-110T,HEAT SHIELD,SB-070B-1,5/5,1309.4,261.88,5,5.2,1,55,380,15,0,829.4,0,0,30,0,150,0,0,,2026-06-27T00:00:00.000Z,,excel-seed
seed-9-ocp-110t-121,,,2026-04-24,白,,,9-ocp-110t,9# OCP-110T,Upper Cup,SB-059C-2,4/4,1105.39,221.08,5,5.2,1,470,5,65,0,500.39,0,0,65,0,2320,0,0,,2026-06-27T00:00:00.000Z,,excel-seed
seed-9-ocp-110t-122,,,2026-04-25,白,,,9-ocp-110t,9# OCP-110T,CG BASE,1185509,2/2,5428.52,1085.7,5,50,1,480,35,20,0,4768.52,0,0,75,50,2592,0,0,,2026-06-27T00:00:00.000Z,,excel-seed
seed-9-ocp-110t-123,,,2026-04-27,白,,,9-ocp-110t,9# OCP-110T,LC 600 Gland Plate,75170148,2/3,981.96,196.39,5,2.6,1,395,0,120,0,321.96,0,0,115,30,1260,0,0,,2026-06-27T00:00:00.000Z,,excel-seed
seed-9-ocp-110t-124,,,2026-04-28,白,,,9-ocp-110t,9# OCP-110T,LC600 COVER,75170155,3/3,865.23,173.05,5,2.6,1,270,20,25,0,510.23,0,0,30,10,399,0,0,,2026-06-27T00:00:00.000Z,,excel-seed
seed-9-ocp-110t-125,,,2026-05-02,白,,,9-ocp-110t,9# OCP-110T,LC 600 Gland Plate,75170148,2/3,1069.86,213.97,5,2.6,1,335,30,95,0,529.86,0,0,80,0,600,0,0,,2026-06-27T00:00:00.000Z,,excel-seed
seed-9-ocp-110t-126,,,2026-05-02,夜,,,9-ocp-110t,9# OCP-110T,LC 600 Gland Plate,75170148,2/3,1388.87,277.77,5,2.6,1,580,0,15,0,728.87,0,0,65,0,1200,0,0,,2026-06-27T00:00:00.000Z,,excel-seed
seed-9-ocp-110t-127,,,2026-05-04,白,,,9-ocp-110t,9# OCP-110T,LC 600 Gland Plate,75170148,2/3,519.89,103.98,5,2.6,1,230,10,15,0,234.89,0,0,30,0,611,0,0,,2026-06-27T00:00:00.000Z,,excel-seed
seed-9-ocp-110t-128,,,2026-05-05,白,,,9-ocp-110t,9# OCP-110T,LC 600 Gland Plate,75170148,2/3,1173.44,234.69,5,2.6,1,405,0,15,0,693.44,0,0,60,0,615,0,0,,2026-06-27T00:00:00.000Z,,excel-seed
seed-9-ocp-110t-129,,,2026-05-07,白,,,9-ocp-110t,9# OCP-110T,LC600 COVER,75170154,3/3,1272.35,254.47,5,2.6,1,495,10,70,0,627.35,0,0,70,0,1036,4,0,,2026-06-27T00:00:00.000Z,,excel-seed
seed-9-ocp-110t-130,,,2026-05-07,夜,,,9-ocp-110t,9# OCP-110T,HEAT SHIELD,SB-070C-1,2/5,1328.31,265.66,5,4.5,1,545,0,55,0,668.31,0,0,60,0,2000,10,0,,2026-06-27T00:00:00.000Z,,excel-seed
seed-9-ocp-110t-131,,,2026-05-08,白,,,9-ocp-110t,9# OCP-110T,HEAT SHIELD,SB-070C-1,3/5,621,124.2,5,4.5,1,240,50,40,0,261,0,0,25,5,1200,0,0,,2026-06-27T00:00:00.000Z,,excel-seed
seed-9-ocp-110t-132,,,2026-05-08,白,,,9-ocp-110t,9# OCP-110T,HEAT SHIELD,SB-070C-1,4/5,529.83,105.97,5,5.2,1,200,30,55,0,199.83,0,0,45,0,1197,3,0,,2026-06-27T00:00:00.000Z,,excel-seed
seed-9-ocp-110t-133,,,2026-05-08,夜,,,9-ocp-110t,9# OCP-110T,HEAT SHIELD,SB-070C-1,5/5,832.86,166.57,5,5.2,1,285,0,95,0,352.86,0,0,20,80,1197,0,0,,2026-06-27T00:00:00.000Z,,excel-seed
seed-9-ocp-110t-134,,,2026-05-09,白,,,9-ocp-110t,9# OCP-110T,RETAINER RING ASSEMBLY,5036755-AA,2/2,1009.91,201.98,5,2.4,1,165,40,400,0,349.91,0,0,55,0,232,0,0,,2026-06-27T00:00:00.000Z,,excel-seed
seed-9-ocp-110t-135,,,2026-05-09,夜,,,9-ocp-110t,9# OCP-110T,RETAINER RING ASSEMBLY,5036755-AA,2/2,1812.44,362.49,5,2.4,1,525,0,65,0,1152.44,0,0,70,0,574,0,0,,2026-06-27T00:00:00.000Z,,excel-seed
seed-9-ocp-110t-136,,,2026-05-11,白,,,9-ocp-110t,9# OCP-110T,RETAINER RING ASSEMBLY,5036755-AA,2/2,1222.26,244.45,5,2.4,1,425,0,135,0,562.26,0,0,100,0,771,0,0,,2026-06-27T00:00:00.000Z,,excel-seed
seed-9-ocp-110t-137,,,2026-05-11,夜,,,9-ocp-110t,9# OCP-110T,RETAINER RING ASSEMBLY,5036755-AA,2/2,967.41,193.48,5,2.4,1,205,220,35,0,487.41,0,0,20,0,429,2,0,,2026-06-27T00:00:00.000Z,,excel-seed
seed-9-ocp-110t-138,,,2026-05-11,夜,,,9-ocp-110t,9# OCP-110T,LC600 COVER,75170154,3/3,769.69,153.94,5,2.6,1,280,45,20,0,369.69,0,0,55,0,640,0,0,,2026-06-27T00:00:00.000Z,,excel-seed
seed-9-ocp-110t-139,,,2026-05-12,白,,,9-ocp-110t,9# OCP-110T,LC600 COVER,75170154,3/3,305.25,61.05,5,2.6,1,60,35,10,0,185.25,0,0,15,0,80,0,0,,2026-06-27T00:00:00.000Z,,excel-seed
seed-9-ocp-110t-140,,,2026-05-12,白,,,9-ocp-110t,9# OCP-110T,HEAT SHIELD,SB-070C-1,2/5,399.5,79.9,5,4.5,1,85,35,50,0,229.5,0,0,0,0,200,0,0,,2026-06-27T00:00:00.000Z,,excel-seed
seed-9-ocp-110t-141,,,2026-05-12,白,,,9-ocp-110t,9# OCP-110T,HEAT SHIELD,SB-070C-1,3/5,445.61,89.12,5,4.5,1,180,30,20,0,170.61,0,0,45,0,997,1,0,,2026-06-27T00:00:00.000Z,,excel-seed
seed-9-ocp-110t-142,,,2026-05-12,白,,,9-ocp-110t,9# OCP-110T,HEAT SHIELD,SB-070C-1,4/5,243.8,48.76,5,5.2,1,80,15,45,0,98.8,0,0,5,0,400,0,0,,2026-06-27T00:00:00.000Z,,excel-seed
seed-9-ocp-110t-143,,,2026-05-12,夜,,,9-ocp-110t,9# OCP-110T,HEAT SHIELD,SB-070C-1,4/5,765.35,153.07,5,5.2,1,85,320,40,0,300.35,0,0,20,0,596,0,0,,2026-06-27T00:00:00.000Z,,excel-seed
seed-9-ocp-110t-144,,,2026-05-12,夜,,,9-ocp-110t,9# OCP-110T,HEAT SHIELD,SB-070C-1,5/5,696.51,139.3,5,5.2,1,260,10,50,0,366.51,0,0,10,0,996,0,0,,2026-06-27T00:00:00.000Z,,excel-seed
seed-9-ocp-110t-145,,,2026-05-12,夜,,,9-ocp-110t,9# OCP-110T,HEAT SHIELD,SB-070C-1,2/5,238.85,47.77,5,4.5,1,30,5,35,0,123.85,0,0,45,0,109,0,0,,2026-06-27T00:00:00.000Z,,excel-seed
seed-9-ocp-110t-146,,,2026-05-13,白,,,9-ocp-110t,9# OCP-110T,HEAT SHIELD,SB-070C-1,2/5,882.84,176.57,5,4.5,1,360,25,40,0,412.84,0,0,45,0,1550,0,0,,2026-06-27T00:00:00.000Z,,excel-seed
seed-9-ocp-110t-147,,,2026-05-13,白,,,9-ocp-110t,9# OCP-110T,HEAT SHIELD,SB-070C-1,3/5,299.92,59.98,5,4.5,1,125,10,30,0,94.92,0,0,40,0,800,2,0,,2026-06-27T00:00:00.000Z,,excel-seed
seed-9-ocp-110t-148,,,2026-05-13,夜,,,9-ocp-110t,9# OCP-110T,HEAT SHIELD,SB-070C-1,4/5,830.24,166.05,5,5.2,1,130,285,45,0,350.24,0,0,20,0,801,0,0,,2026-06-27T00:00:00.000Z,,excel-seed
seed-9-ocp-110t-149,,,2026-05-13,夜,,,9-ocp-110t,9# OCP-110T,HEAT SHIELD,SB-070C-1,5/5,455.02,91,5,5.2,1,145,25,115,0,160.02,0,0,10,0,801,0,0,,2026-06-27T00:00:00.000Z,,excel-seed
seed-9-ocp-110t-150,,,2026-05-13,夜,,,9-ocp-110t,9# OCP-110T,LC600 COVER,75170154,3/3,303.5,60.7,5,2.6,1,95,25,15,0,123.5,0,0,45,0,240,0,0,,2026-06-27T00:00:00.000Z,,excel-seed
seed-9-ocp-110t-151,,,2026-05-14,白,,,9-ocp-110t,9# OCP-110T,LC 600 Gland Plate,75170148,2/3,1182.3,236.46,5,2.6,1,515,35,25,0,522.3,0,0,85,0,1410,0,0,,2026-06-27T00:00:00.000Z,,excel-seed
seed-9-ocp-110t-152,,,2026-05-14,夜,,,9-ocp-110t,9# OCP-110T,LC 600 Gland Plate,75170148,2/3,1274.8,254.96,5,2.6,1,565,0,30,0,614.8,0,0,65,0,1350,0,0,,2026-06-27T00:00:00.000Z,,excel-seed
seed-9-ocp-110t-153,,,2026-05-15,白,,,9-ocp-110t,9# OCP-110T,CG BASE,1185509,2/2,5368.33,1073.67,5,50,1,480,85,15,0,4708.33,0,0,80,0,2880,0,0,,2026-06-27T00:00:00.000Z,,excel-seed
seed-9-ocp-110t-154,,,2026-05-15,夜,,,9-ocp-110t,9# OCP-110T,CG BASE,1185509,2/2,6300.62,1260.12,5,50,1,570,0,25,0,5640.62,0,0,65,0,2880,0,0,,2026-06-27T00:00:00.000Z,,excel-seed
seed-9-ocp-110t-155,,,2026-05-16,白,,,9-ocp-110t,9# OCP-110T,LC600 COVER,75170154,3/3,1088.25,217.65,5,2.6,1,395,15,25,0,603.25,0,0,50,0,698,0,0,,2026-06-27T00:00:00.000Z,,excel-seed
seed-9-ocp-110t-156,,,2026-05-16,夜,,,9-ocp-110t,9# OCP-110T,CG BASE,1185509,2/2,6927.36,1385.47,5,50,1,570,0,20,0,6267.36,0,0,70,0,2592,0,0,,2026-06-27T00:00:00.000Z,,excel-seed
seed-9-ocp-110t-157,,,2026-05-18,白,,,9-ocp-110t,9# OCP-110T,CG BASE,1185509,2/2,5845.19,1169.04,5,50,1,560,0,15,0,5185.19,0,0,85,0,3024,0,0,,2026-06-27T00:00:00.000Z,,excel-seed
seed-9-ocp-110t-158,,,2026-05-18,夜,,,9-ocp-110t,9# OCP-110T,CG BASE,1185509,2/2,6126.68,1225.34,5,50,1,575,0,15,0,5466.68,0,0,70,0,3024,0,0,,2026-06-27T00:00:00.000Z,,excel-seed
seed-9-ocp-110t-159,,,2026-05-19,白,,,9-ocp-110t,9# OCP-110T,HEAT SHIELD,SB-070C-1,2/5,879,175.8,5,4.5,1,245,135,50,0,399,0,0,50,0,1050,38,0,,2026-06-27T00:00:00.000Z,,excel-seed
seed-9-ocp-110t-160,,,2026-05-19,白,,,9-ocp-110t,9# OCP-110T,HEAT SHIELD,SB-070C-1,3/5,394.5,78.9,5,4.5,1,80,25,140,0,94.5,0,0,55,0,400,0,0,,2026-06-27T00:00:00.000Z,,excel-seed
seed-9-ocp-110t-161,,,2026-05-19,夜,,,9-ocp-110t,9# OCP-110T,HEAT SHIELD,SB-070C-1,3/5,713.43,142.69,5,4.5,1,320,0,60,0,308.43,0,0,25,0,1494,0,0,,2026-06-27T00:00:00.000Z,,excel-seed
seed-9-ocp-110t-162,,,2026-05-20,白,,,9-ocp-110t,9# OCP-110T,LC 600 Gland Plate,75170148,3/3,1157.89,231.58,5,2.6,1,510,50,5,0,527.89,0,0,65,0,1482,0,0,,2026-06-27T00:00:00.000Z,,excel-seed
seed-9-ocp-110t-163,,,2026-05-20,夜,,,9-ocp-110t,9# OCP-110T,HEAT SHIELD,SB-070C-1,4/5,520.25,104.05,5,5.2,1,280,0,10,0,215.25,0,0,15,0,1894,0,0,,2026-06-27T00:00:00.000Z,,excel-seed
seed-9-ocp-110t-164,,,2026-05-20,夜,,,9-ocp-110t,9# OCP-110T,HEAT SHIELD,SB-070C-1,5/5,545.75,109.15,5,5.2,1,230,0,55,0,215.75,0,0,45,0,1275,0,0,,2026-06-27T00:00:00.000Z,,excel-seed
seed-9-ocp-110t-165,,,2026-05-21,白,,,9-ocp-110t,9# OCP-110T,HEAT SHIELD,SB-070C-1,5/5,824.01,164.8,5,5.2,1,105,285,55,0,344.01,0,0,35,0,619,0,0,,2026-06-27T00:00:00.000Z,,excel-seed
seed-9-ocp-110t-166,,,2026-05-21,白,,,9-ocp-110t,9# OCP-110T,RETAINER RING ASSEMBLY,5036755-AA,2/2,691.36,138.27,5,2.4,1,125,55,110,0,271.36,0,0,55,75,199,1,0,,2026-06-27T00:00:00.000Z,,excel-seed
seed-9-ocp-110t-167,,,2026-05-21,夜,,,9-ocp-110t,9# OCP-110T,RETAINER RING ASSEMBLY,5036755-AA,2/2,383.35,76.67,5,2.4,1,100,0,75,0,198.35,0,0,10,0,121,0,0,,2026-06-27T00:00:00.000Z,,excel-seed
seed-9-ocp-110t-168,,,2026-05-22,白,,,9-ocp-110t,9# OCP-110T,RETAINER RING ASSEMBLY,5036755-AA,2/2,1223.02,244.6,5,2.4,1,460,0,105,0,563.02,0,0,95,0,902,4,0,,2026-06-27T00:00:00.000Z,,excel-seed
seed-9-ocp-110t-169,,,2026-05-22,夜,,,9-ocp-110t,9# OCP-110T,RETAINER RING ASSEMBLY,5036755-AA,2/2,1319.63,263.93,5,2.4,1,560,0,30,0,659.63,0,0,70,0,1141,0,0,,2026-06-27T00:00:00.000Z,,excel-seed
seed-9-ocp-110t-170,,,2026-05-23,白,,,9-ocp-110t,9# OCP-110T,RETAINER RING ASSEMBLY,5036755-AA,2/2,953.95,190.79,5,2.4,1,295,110,50,0,473.95,0,0,25,0,605,4,0,,2026-06-27T00:00:00.000Z,,excel-seed
seed-9-ocp-110t-171,,,2026-05-23,白,,,9-ocp-110t,9# OCP-110T,UPPER PLATE,TM-755A-1,2/2,495.78,99.16,5,2.4,1,205,25,15,0,195.78,0,0,55,0,578,6,0,,2026-06-27T00:00:00.000Z,,excel-seed
seed-9-ocp-110t-172,,,2026-05-23,夜,,,9-ocp-110t,9# OCP-110T,UPPER PLATE,TM-755A-1,2/2,157.29,31.46,5,2.4,1,65,0,25,0,22.29,0,0,35,10,455,0,0,,2026-06-27T00:00:00.000Z,,excel-seed
seed-9-ocp-110t-173,,,2026-05-29,夜,,,9-ocp-110t,9# OCP-110T,Upper Cup,SB-059C-2,4/4,272.96,54.59,5,5.2,1,110,0,10,0,112.96,0,0,40,0,557,0,0,,2026-06-27T00:00:00.000Z,,excel-seed
seed-9-ocp-110t-174,,,2026-05-30,白,,,9-ocp-110t,9# OCP-110T,Upper Cup,SB-059C-2,4/4,888.98,177.8,5,5.2,1,380,0,55,0,408.98,0,0,45,0,1836,0,0,,2026-06-27T00:00:00.000Z,,excel-seed
seed-9-ocp-110t-175,,,2026-05-31,白,,,9-ocp-110t,9# OCP-110T,Upper Cup,SB-059C-2,4/4,317.31,63.46,5,5.2,1,130,0,5,0,137.31,0,0,45,0,640,0,0,,2026-06-27T00:00:00.000Z,,excel-seed
seed-9-ocp-110t-176,,,2026-06-01,白,,,9-ocp-110t,9# OCP-110T,Upper Cup,SB-059C-2,4/4,157.28,31.46,5,5.2,1,30,0,65,0,32.28,0,0,30,0,145,0,0,,2026-06-27T00:00:00.000Z,,excel-seed
seed-9-ocp-110t-177,,,2026-06-01,白,,,9-ocp-110t,9# OCP-110T,Upper Cup,SB-059C-2,4/4,113.49,22.7,5,5.2,1,35,0,0,0,68.49,0,0,10,0,93,1,0,,2026-06-27T00:00:00.000Z,,excel-seed
seed-9-ocp-110t-178,,,2026-06-02,白,,,9-ocp-110t,9# OCP-110T,Lower sheet metal assembly,10383086,2/3,731.56,146.31,5,2.4,1,395,0,75,0,211.56,0,0,50,0,1770,0,0,,2026-06-27T00:00:00.000Z,,excel-seed
seed-9-ocp-110t-179,,,2026-06-02,夜,,,9-ocp-110t,9# OCP-110T,Lower sheet metal assembly,10383086,2/3,261.12,52.23,5,2.4,1,115,0,35,0,66.12,0,0,45,0,480,0,0,,2026-06-27T00:00:00.000Z,,excel-seed
seed-9-ocp-110t-180,,,2026-06-03,白,,,9-ocp-110t,9# OCP-110T,Lower sheet metal assembly,10383086,2/3,618.64,123.73,5,2.4,1,355,0,25,0,193.64,0,0,45,0,1562,0,0,,2026-06-27T00:00:00.000Z,,excel-seed
seed-9-ocp-110t-181,,,2026-06-03,白,,,9-ocp-110t,9# OCP-110T,LC600 COVER,75170154,3/3,440,88,5,2.6,1,100,0,40,0,260,0,0,40,0,100,0,0,,2026-06-27T00:00:00.000Z,,excel-seed
seed-9-ocp-110t-182,,,2026-06-04,白,,,9-ocp-110t,9# OCP-110T,LC600 COVER,75170154,3/3,1377.05,275.41,5,2.6,1,555,0,25,0,732.05,0,0,65,0,1094,0,0,,2026-06-27T00:00:00.000Z,,excel-seed
seed-9-ocp-110t-183,,,2026-06-05,白,,,9-ocp-110t,9# OCP-110T,LC 600 Gland Plate,75170148,2/3,1081.2,216.24,5,2.6,1,540,0,35,0,421.2,0,0,85,0,1800,0,0,,2026-06-27T00:00:00.000Z,,excel-seed
seed-9-ocp-110t-184,,,2026-06-05,白,,,9-ocp-110t,9# OCP-110T,LC 600 Gland Plate,75170148,2/3,937.6,187.52,5,2.6,1,120,320,15,0,457.6,0,0,25,0,300,0,0,,2026-06-27T00:00:00.000Z,,excel-seed
seed-9-ocp-110t-185,,,2026-06-08,白,,,9-ocp-110t,9# OCP-110T,LC 600 Gland Plate,75170148,3/3,1183.25,236.65,5,2.6,1,525,50,10,0,523.25,0,0,75,0,1500,3,0,,2026-06-27T00:00:00.000Z,,excel-seed
seed-9-ocp-110t-186,,,2026-06-08,夜,,,9-ocp-110t,9# OCP-110T,LC 600 Gland Plate,75170148,3/3,894.59,178.92,5,2.6,1,215,230,10,0,414.59,0,0,25,0,600,0,0,,2026-06-27T00:00:00.000Z,,excel-seed
seed-9-ocp-110t-187,,,2026-06-08,夜,,,9-ocp-110t,9# OCP-110T,UPPER PLATE,TM-755A-1,2/2,658.81,131.76,5,2.4,1,295,45,25,0,238.81,0,0,55,0,1008,6,0,,2026-06-27T00:00:00.000Z,,excel-seed
seed-9-ocp-110t-188,,,2026-06-09,白,,,9-ocp-110t,9# OCP-110T,UPPER PLATE,TM-755A-1,2/2,653.38,130.68,5,2.4,1,305,0,30,0,293.38,0,0,25,0,761,0,0,,2026-06-27T00:00:00.000Z,,excel-seed
seed-9-ocp-110t-189,,,2026-06-12,白,,,9-ocp-110t,9# OCP-110T,HEAT SHIELD,SB-070C-1,2/5,629,125.8,5,4.5,1,240,0,30,0,324,0,0,35,0,800,0,0,,2026-06-27T00:00:00.000Z,,excel-seed
seed-9-ocp-110t-190,,,2026-06-12,白,,,9-ocp-110t,9# OCP-110T,RETAINER RING ASSEMBLY,5036755-AA,2/2,532.5,106.5,5,2.4,1,225,0,55,0,202.5,0,0,50,0,600,0,0,,2026-06-27T00:00:00.000Z,,excel-seed
seed-9-ocp-110t-191,,,2026-06-12,夜,,,9-ocp-110t,9# OCP-110T,RETAINER RING ASSEMBLY,5036755-AA,2/2,996.6,199.32,5,2.4,1,105,305,45,0,516.6,0,0,25,0,200,4,0,,2026-06-27T00:00:00.000Z,,excel-seed
seed-9-ocp-110t-192,,,2026-06-12,夜,,,9-ocp-110t,9# OCP-110T,HEAT SHIELD,SB-070C-1,3/5,562.81,112.56,5,4.5,1,160,115,30,0,247.81,0,0,10,0,799,0,0,,2026-06-27T00:00:00.000Z,,excel-seed
seed-9-ocp-110t-193,,,2026-06-12,夜,,,9-ocp-110t,9# OCP-110T,HEAT SHIELD,SB-070C-1,4/5,509.29,101.86,5,5.2,1,180,20,30,0,234.29,0,0,45,0,799,0,0,,2026-06-27T00:00:00.000Z,,excel-seed
seed-9-ocp-110t-194,,,2026-06-13,白,,,9-ocp-110t,9# OCP-110T,HEAT SHIELD,SB-070C-1,5/5,416.45,83.29,5,5.2,1,155,10,65,0,166.45,0,0,20,0,799,0,0,,2026-06-27T00:00:00.000Z,,excel-seed
seed-9-ocp-110t-195,,,2026-06-13,白,,,9-ocp-110t,9# OCP-110T,RETAINER RING ASSEMBLY,5036755-AA,2/2,687.6,137.52,5,2.4,1,300,10,25,0,297.6,0,0,55,0,750,0,0,,2026-06-27T00:00:00.000Z,,excel-seed
seed-9-ocp-110t-196,,,2026-06-13,夜,,,9-ocp-110t,9# OCP-110T,RETAINER RING ASSEMBLY,5036755-AA,2/2,1351.43,270.29,5,2.4,1,550,0,40,0,691.43,0,0,70,0,1050,4,0,,2026-06-27T00:00:00.000Z,,excel-seed
seed-9-ocp-110t-197,,,2026-06-15,夜,,,9-ocp-110t,9# OCP-110T,RETAINER RING ASSEMBLY,5036755-AA,2/2,1362.66,272.53,5,2.4,1,580,0,10,0,702.66,0,0,70,0,1149,0,0,,2026-06-27T00:00:00.000Z,,excel-seed
seed-9-ocp-110t-198,,,2026-06-16,白,,,9-ocp-110t,9# OCP-110T,RETAINER RING ASSEMBLY,5036755-AA,2/2,934.98,187,5,2.4,1,110,295,45,0,454.98,0,0,30,0,235,2,0,,2026-06-27T00:00:00.000Z,,excel-seed
seed-9-ocp-110t-199,,,2026-06-16,白,,,9-ocp-110t,9# OCP-110T,HEAT SHIELD,SB-070C-1,2/5,577.5,115.5,5,4.5,1,65,35,170,0,97.5,0,0,55,155,300,8,0,,2026-06-27T00:00:00.000Z,,excel-seed
seed-9-ocp-110t-200,,,2026-06-16,夜,,,9-ocp-110t,9# OCP-110T,HEAT SHIELD,SB-070C-1,2/5,1506.17,301.23,5,4.5,1,580,0,10,0,846.17,0,0,70,0,1789,32,0,,2026-06-27T00:00:00.000Z,,excel-seed
seed-9-ocp-110t-201,,,2026-06-17,白,,,9-ocp-110t,9# OCP-110T,HEAT SHIELD,SB-070C-1,2/5,1230.62,246.12,5,4.5,1,475,0,55,0,605.62,0,0,95,0,1800,29,0,,2026-06-27T00:00:00.000Z,,excel-seed
seed-9-ocp-110t-202,,,2026-06-17,夜,,,9-ocp-110t,9# OCP-110T,HEAT SHIELD,SB-070C-1,2/5,1416.06,283.21,5,4.5,1,565,0,25,0,756.06,0,0,70,0,1900,12,0,,2026-06-27T00:00:00.000Z,,excel-seed
seed-9-ocp-110t-203,,,2026-06-18,白,,,9-ocp-110t,9# OCP-110T,Upper Cup,SB-059C-2,4/4,1031.48,206.3,5,5.2,1,380,10,85,0,491.48,0,0,65,0,1568,0,0,,2026-06-27T00:00:00.000Z,,excel-seed
seed-9-ocp-110t-204,,,2026-06-18,夜,,,9-ocp-110t,9# OCP-110T,Upper Cup,SB-059C-2,4/4,1538.28,307.66,5,5.2,1,550,0,40,0,878.28,0,0,70,0,1791,0,0,,2026-06-27T00:00:00.000Z,,excel-seed
seed-9-ocp-110t-205,,,2026-06-19,白,,,9-ocp-110t,9# OCP-110T,CG BASE,1185509,2/2,5215.64,1043.13,5,50,1,515,20,45,0,4555.64,0,0,80,0,3024,0,0,,2026-06-27T00:00:00.000Z,,excel-seed
seed-9-ocp-110t-206,,,2026-06-19,夜,,,9-ocp-110t,9# OCP-110T,CG BASE,1185509,2/2,5456.92,1091.38,5,50,1,545,0,45,0,4796.92,0,0,70,0,3096,0,0,,2026-06-27T00:00:00.000Z,,excel-seed
seed-9-ocp-110t-207,,,2026-06-20,白,,,9-ocp-110t,9# OCP-110T,CG BASE,1185509,2/2,3630.83,726.17,5,50,1,310,35,50,0,2970.83,0,0,85,180,1800,0,0,,2026-06-27T00:00:00.000Z,,excel-seed
seed-9-ocp-110t-208,,,2026-06-20,白,,,9-ocp-110t,9# OCP-110T,Cover LUG100 450mm 12w,BRU53724,2/3,199.72,39.94,5,1.7,1,80,5,35,0,79.72,0,0,0,0,145,0,0,,2026-06-27T00:00:00.000Z,,excel-seed
seed-9-ocp-110t-209,,,2026-06-20,夜,,,9-ocp-110t,9# OCP-110T,CG BASE,1185509,2/2,2046.85,409.37,5,50,1,150,10,20,0,1851.85,0,0,15,0,648,0,0,,2026-06-27T00:00:00.000Z,,excel-seed
seed-9-ocp-110t-210,,,2026-06-20,夜,,,9-ocp-110t,9# OCP-110T,BRKT (FE),TH-538A-2-1,2/4,2276.9,455.38,5,25,1,215,25,30,0,1996.9,0,0,10,0,646,0,1,,2026-06-27T00:00:00.000Z,,excel-seed
seed-9-ocp-110t-211,,,2026-06-20,夜,,,9-ocp-110t,9# OCP-110T,BRKT (FE),TH-538A-2-1,3/4,953.72,190.74,5,25,1,135,10,5,0,758.72,0,0,45,0,645,0,1,,2026-06-27T00:00:00.000Z,,excel-seed
seed-9-ocp-110t-212,,,2026-06-21,白,,,9-ocp-110t,9# OCP-110T,BRKT (FE),TH-538A-2-1,3/4,989.53,197.91,5,25,1,150,20,90,0,719.53,0,0,10,0,886,0,0,,2026-06-27T00:00:00.000Z,,excel-seed
seed-9-ocp-110t-213,,,2026-06-21,白,,,9-ocp-110t,9# OCP-110T,Upper Cup,SB-059C-2,4/4,590.21,118.04,5,5.2,1,210,5,40,0,290.21,0,0,45,0,809,0,0,,2026-06-27T00:00:00.000Z,,excel-seed
seed-9-ocp-110t-214,,,2026-06-21,夜,,,9-ocp-110t,9# OCP-110T,Upper Cup,SB-059C-2,4/4,748.41,149.68,5,5.2,1,245,45,25,0,418.41,0,0,15,0,883,0,0,,2026-06-27T00:00:00.000Z,,excel-seed
seed-9-ocp-110t-215,,,2026-06-21,夜,,,9-ocp-110t,9# OCP-110T,RETAINER RING ASSEMBLY,5036755-AA,2/2,624.53,124.91,5,2.4,1,235,0,40,0,294.53,0,0,55,0,450,0,0,,2026-06-27T00:00:00.000Z,,excel-seed
seed-9-ocp-110t-216,,,2026-06-22,白,,,9-ocp-110t,9# OCP-110T,RETAINER RING ASSEMBLY,5036755-AA,2/2,301.52,60.3,5,2.4,1,115,5,40,0,111.52,0,0,30,0,297,0,6,,2026-06-27T00:00:00.000Z,,excel-seed
seed-9-ocp-110t-217,,,2026-06-22,白,,,9-ocp-110t,9# OCP-110T,HEAT SHIELD,SB-070C-1,3/5,703.94,140.79,5,4.5,1,185,90,145,0,228.94,0,0,55,0,1000,0,0,,2026-06-27T00:00:00.000Z,,excel-seed
seed-9-ocp-110t-218,,,2026-06-22,夜,,,9-ocp-110t,9# OCP-110T,HEAT SHIELD,SB-070C-1,4/5,403.16,80.63,5,5.2,1,180,5,30,0,173.16,0,0,15,0,1000,0,0,,2026-06-27T00:00:00.000Z,,excel-seed
seed-9-ocp-110t-219,,,2026-06-22,夜,,,9-ocp-110t,9# OCP-110T,HEAT SHIELD,SB-070C-1,5/5,405.86,81.17,5,5.2,1,165,5,80,0,145.86,0,0,10,0,1000,0,0,,2026-06-27T00:00:00.000Z,,excel-seed
seed-9-ocp-110t-220,,,2026-06-23,白,,,9-ocp-110t,9# OCP-110T,HEAT SHIELD,SB-070C-1,3/5,1060.79,212.16,5,4.5,1,485,20,70,0,400.79,0,0,85,0,2750,0,0,,2026-06-27T00:00:00.000Z,,excel-seed
seed-9-ocp-110t-221,,,2026-06-23,夜,,,9-ocp-110t,9# OCP-110T,HEAT SHIELD,SB-070C-1,3/5,873.44,174.69,5,4.5,1,420,5,20,0,403.44,0,0,25,0,1991,0,0,,2026-06-27T00:00:00.000Z,,excel-seed
seed-9-ocp-110t-222,,,2026-06-23,夜,,,9-ocp-110t,9# OCP-110T,HEAT SHIELD,SB-070C-1,4/5,221.51,44.3,5,5.2,1,60,0,75,0,41.51,0,0,45,0,451,0,0,,2026-06-27T00:00:00.000Z,,excel-seed
seed-9-ocp-110t-223,,,2026-06-24,白,,,9-ocp-110t,9# OCP-110T,HEAT SHIELD,SB-070C-1,4/5,1159.67,231.93,5,5.2,1,520,0,60,0,499.67,0,0,80,0,2814,0,0,,2026-06-27T00:00:00.000Z,,excel-seed
seed-9-ocp-110t-224,,,2026-06-24,夜,,,9-ocp-110t,9# OCP-110T,HEAT SHIELD,SB-070C-1,4/5,787.2,157.44,5,5.2,1,315,35,30,0,382.2,0,0,25,0,1500,0,0,,2026-06-27T00:00:00.000Z,,excel-seed
seed-9-ocp-110t-225,,,2026-06-24,夜,,,9-ocp-110t,9# OCP-110T,HEAT SHIELD,SB-070C-1,5/5,336.44,67.29,5,5.2,1,105,0,110,0,76.44,0,0,45,0,750,0,0,,2026-06-27T00:00:00.000Z,,excel-seed
seed-9-ocp-110t-226,,,2026-06-25,白,,,9-ocp-110t,9# OCP-110T,HEAT SHIELD,SB-070C-1,5/5,1060.45,212.09,5,5.2,1,440,0,140,0,400.45,0,0,80,0,2514,0,0,,2026-06-27T00:00:00.000Z,,excel-seed
seed-9-ocp-110t-227,,,2026-06-25,夜,,,9-ocp-110t,9# OCP-110T,HEAT SHIELD,SB-070C-1,5/5,641.58,128.32,5,5.2,1,285,0,60,0,281.58,0,0,15,0,1500,0,1,,2026-06-27T00:00:00.000Z,,excel-seed
seed-9-ocp-110t-228,,,2026-06-25,夜,,,9-ocp-110t,9# OCP-110T,RETAINER RING ASSEMBLY,5036755-AA,2/2,601.91,120.38,5,2.4,1,200,5,25,0,326.91,0,0,45,0,301,0,3,,2026-06-27T00:00:00.000Z,,excel-seed
seed-9-ocp-110t-229,,,2026-06-26,白,,,9-ocp-110t,9# OCP-110T,RETAINER RING ASSEMBLY,5036755-AA,2/2,1295.91,259.18,5,2.4,1,545,0,40,0,635.91,0,0,75,0,1121,0,4,,2026-06-27T00:00:00.000Z,,excel-seed
seed-9-ocp-110t-230,,,2026-06-26,夜,,,9-ocp-110t,9# OCP-110T,RETAINER RING ASSEMBLY,5036755-AA,2/2,1329.01,265.8,5,2.4,1,560,0,30,0,669.01,0,0,70,0,1125,4,0,,2026-06-27T00:00:00.000Z,,excel-seed
seed-10-ocp-260-t-1,,,2026-01-09,夜,,,10-ocp-260-t,10# OCP-260 T,METAL BOX,DBF45-8-U,2/2,1233.3,246.66,5,2.6,1,210,0,10,0,573.3,0,0,50,390,200,0,0,,2026-06-27T00:00:00.000Z,,excel-seed
seed-10-ocp-260-t-2,,,2026-01-10,白,,,10-ocp-260-t,10# OCP-260 T,METAL BOX,DBF45-8-U,2/2,587.65,117.53,5,2.6,1,185,10,60,0,312.65,0,0,20,0,300,0,0,,2026-06-27T00:00:00.000Z,,excel-seed
seed-10-ocp-260-t-3,,,2026-01-10,白,,,10-ocp-260-t,10# OCP-260 T,METAL BOX,DBF60-8-U,2/2,323.33,64.67,5,2.6,1,105,0,30,0,143.33,0,0,45,0,200,0,0,,2026-06-27T00:00:00.000Z,,excel-seed
seed-10-ocp-260-t-4,,,2026-01-12,白,,,10-ocp-260-t,10# OCP-260 T,BRACKET,SB-068C-1-1,2/2,1195.71,239.14,5,4,1,375,0,5,0,535.71,0,0,40,240,1050,0,0,,2026-06-27T00:00:00.000Z,,excel-seed
seed-10-ocp-260-t-5,,,2026-01-12,夜,,,10-ocp-260-t,10# OCP-260 T,BRACKET,SB-068C-1-1,2/2,353.57,70.71,5,4,1,135,0,0,0,173.57,0,0,45,0,420,0,0,,2026-06-27T00:00:00.000Z,,excel-seed
seed-10-ocp-260-t-6,,,2026-01-13,白,,,10-ocp-260-t,10# OCP-260 T,BRACKET,SB-068C-1-1,2/2,1642.14,328.43,5,4,1,600,0,115,0,857.14,0,0,70,0,1680,0,0,,2026-06-27T00:00:00.000Z,,excel-seed
seed-10-ocp-260-t-7,,,2026-01-14,白,,,10-ocp-260-t,10# OCP-260 T,BRACKET,SB-068C-1-1,2/2,555.61,111.12,5,4,1,210,0,35,0,290.61,0,0,20,0,607,0,0,,2026-06-27T00:00:00.000Z,,excel-seed
seed-10-ocp-260-t-8,,,2026-01-14,白,,,10-ocp-260-t,10# OCP-260 T,METAL BOX WH CSL,DBS45-8-U,2/2,578.97,115.79,5,2.6,1,155,25,25,0,338.97,0,0,35,0,214,0,0,,2026-06-27T00:00:00.000Z,,excel-seed
seed-10-ocp-260-t-9,,,2026-01-15,白,,,10-ocp-260-t,10# OCP-260 T,LC 600 Box,75170145,2/2,896.13,179.23,5,2.6,1,85,0,35,0,776.13,0,0,0,0,84,0,0,,2026-06-27T00:00:00.000Z,,excel-seed
seed-10-ocp-260-t-10,,,2026-01-18,白,,,10-ocp-260-t,10# OCP-260 T,LC 600 Box,75170145,2/2,840.18,168.04,5,2.6,1,275,0,25,0,540.18,0,0,0,0,364,0,0,,2026-06-27T00:00:00.000Z,,excel-seed
seed-10-ocp-260-t-11,,,2026-01-19,白,,,10-ocp-260-t,10# OCP-260 T,LC 600 Box,75170145,2/2,1082.37,216.47,5,2.6,1,110,0,15,0,887.37,0,0,70,0,224,0,0,,2026-06-27T00:00:00.000Z,,excel-seed
seed-10-ocp-260-t-12,,,2026-01-19,夜,,,10-ocp-260-t,10# OCP-260 T,LC 600 Box,75170145,2/2,1892.62,378.52,5,2.6,1,460,0,20,0,1352.62,15,0,45,0,420,4,0,,2026-06-27T00:00:00.000Z,,excel-seed
seed-10-ocp-260-t-13,,,2026-01-20,白,,,10-ocp-260-t,10# OCP-260 T,LC 600 Box,75170145,2/2,417.92,83.58,5,2.6,1,55,0,40,0,297.92,0,0,25,0,84,0,0,,2026-06-27T00:00:00.000Z,,excel-seed
seed-10-ocp-260-t-14,,,2026-01-20,白,,,10-ocp-260-t,10# OCP-260 T,LC 600 Flat Door,75170162,-,1067.03,213.41,5,2.6,1,425,0,20,0,587.03,0,0,35,0,800,0,0,,2026-06-27T00:00:00.000Z,,excel-seed
seed-10-ocp-260-t-15,,,2026-01-20,夜,,,10-ocp-260-t,10# OCP-260 T,LC 600 Flat Door,75170162,-,1777.48,355.5,5,2.6,1,615,0,10,0,1117.48,0,0,30,5,880,0,0,,2026-06-27T00:00:00.000Z,,excel-seed
seed-10-ocp-260-t-16,,,2026-01-21,白,,,10-ocp-260-t,10# OCP-260 T,LC 600 Flat Door,75170162,-,1444,288.8,5,2.6,1,560,0,40,0,784,0,0,60,0,1040,3,0,,2026-06-27T00:00:00.000Z,,excel-seed
seed-10-ocp-260-t-17,,,2026-01-21,夜,,,10-ocp-260-t,10# OCP-260 T,LC 600 Flat Door,75170162,-,951.11,190.22,5,2.6,1,345,0,10,0,586.11,0,0,5,5,528,0,0,,2026-06-27T00:00:00.000Z,,excel-seed
seed-10-ocp-260-t-18,,,2026-01-22,白,,,10-ocp-260-t,10# OCP-260 T,METAL BOX WH CSL,DBS45-8-U,2/2,631.3,126.26,5,2.6,1,140,75,25,0,391.3,0,0,0,0,200,0,0,,2026-06-27T00:00:00.000Z,,excel-seed
seed-10-ocp-260-t-19,,,2026-01-22,白,,,10-ocp-260-t,10# OCP-260 T,METAL BOX WH CSL,DBS30-8-U,2/2,590.05,118.01,5,2.6,1,185,55,25,0,290.05,0,0,35,0,398,0,0,,2026-06-27T00:00:00.000Z,,excel-seed
seed-10-ocp-260-t-20,,,2026-01-22,夜,,,10-ocp-260-t,10# OCP-260 T,METAL COVER 6 WAY,NMS/BRU30891,2/2,1068.59,213.72,5,2.6,1,490,0,10,0,528.59,0,0,40,0,1181,0,0,,2026-06-27T00:00:00.000Z,,excel-seed
seed-10-ocp-260-t-21,,,2026-01-23,白,,,10-ocp-260-t,10# OCP-260 T,METAL COVER 6 WAY,NMS/BRU30891,2/2,1227.95,245.59,5,2.6,1,580,0,25,0,567.95,0,0,55,0,1540,4,0,,2026-06-27T00:00:00.000Z,,excel-seed
seed-10-ocp-260-t-22,,,2026-01-23,夜,,,10-ocp-260-t,10# OCP-260 T,METAL COVER 6 WAY,NMS/BRU30891,2/2,496.29,99.26,5,2.6,1,255,0,5,0,221.29,0,0,15,0,764,2,0,,2026-06-27T00:00:00.000Z,,excel-seed
seed-10-ocp-260-t-23,,,2026-01-23,夜,,,10-ocp-260-t,10# OCP-260 T,METAL COVER 4 WAY,NMS/BRU30890,2/2,786.9,157.38,5,2.6,1,345,0,5,0,401.9,0,0,35,0,770,0,0,,2026-06-27T00:00:00.000Z,,excel-seed
seed-10-ocp-260-t-24,,,2026-01-24,白,,,10-ocp-260-t,10# OCP-260 T,LC 600 Box,75170145,2/2,636.19,127.24,5,2.6,1,160,0,35,0,396.19,0,0,45,0,168,0,0,,2026-06-27T00:00:00.000Z,,excel-seed
seed-10-ocp-260-t-25,,,2026-01-24,夜,,,10-ocp-260-t,10# OCP-260 T,LC 600 Box,75170145,2/2,2728.74,545.75,5,2.6,1,465,0,10,0,2248.74,0,0,5,0,250,2,0,,2026-06-27T00:00:00.000Z,,excel-seed
seed-10-ocp-260-t-26,,,2026-01-26,白,,,10-ocp-260-t,10# OCP-260 T,LC 600 Box,75170145,2/2,992.47,198.49,5,2.6,1,95,0,75,0,742.47,0,0,80,0,168,0,0,,2026-06-27T00:00:00.000Z,,excel-seed
seed-10-ocp-260-t-27,,,2026-01-27,白,,,10-ocp-260-t,10# OCP-260 T,ACTIVE BRACKET UPPER,SB-092B-1-1,2/4,659.41,131.88,5,4,1,150,40,220,0,224.41,0,0,25,0,508,0,0,,2026-06-27T00:00:00.000Z,,excel-seed
seed-10-ocp-260-t-28,,,2026-01-27,白,,,10-ocp-260-t,10# OCP-260 T,ACTIVE BRACKET UPPER,SB-092B-1-1,4/4,523.95,104.79,5,4,1,45,30,35,0,378.95,0,0,35,0,76,0,0,,2026-06-27T00:00:00.000Z,,excel-seed
seed-10-ocp-260-t-29,,,2026-01-27,夜,,,10-ocp-260-t,10# OCP-260 T,ACTIVE BRACKET UPPER,SB-092B-1-1,4/4,2510.77,502.15,5,4,1,375,0,20,0,2070.77,0,0,45,0,431,0,0,,2026-06-27T00:00:00.000Z,,excel-seed
seed-10-ocp-260-t-30,,,2026-01-28,夜,,,10-ocp-260-t,10# OCP-260 T,Metal Box8-10WAY,NMS/BRU30888,2/5,1619.4,323.88,5,2.6,1,540,75,5,0,959.4,0,0,40,0,900,0,0,,2026-06-27T00:00:00.000Z,,excel-seed
seed-10-ocp-260-t-31,,,2026-01-29,白,,,10-ocp-260-t,10# OCP-260 T,Metal Box8-10WAY,NMS/BRU30888,2/5,190.2,38.04,5,2.6,1,30,60,20,0,70.2,0,0,10,0,100,0,0,,2026-06-27T00:00:00.000Z,,excel-seed
seed-10-ocp-260-t-32,,,2026-01-29,白,,,10-ocp-260-t,10# OCP-260 T,LC 600 Box,75170145,2/2,1055,211,5,2.6,1,120,25,95,0,780,0,0,35,0,196,61,0,,2026-06-27T00:00:00.000Z,,excel-seed
seed-10-ocp-260-t-33,,,2026-01-30,白,,,10-ocp-260-t,10# OCP-260 T,LC 600 Box,75170145,2/2,561.7,112.34,5,2.6,1,190,0,40,0,286.7,0,0,45,0,336,0,0,,2026-06-27T00:00:00.000Z,,excel-seed
seed-10-ocp-260-t-34,,,2026-01-30,夜,,,10-ocp-260-t,10# OCP-260 T,LC 600 Box,75170145,2/2,1055.43,211.09,5,2.6,1,235,0,5,0,815.43,0,0,0,0,266,0,0,,2026-06-27T00:00:00.000Z,,excel-seed
seed-10-ocp-260-t-35,,,2026-01-31,白,,,10-ocp-260-t,10# OCP-260 T,LC 600 Box,75170145,2/2,1748.09,349.62,5,2.6,1,535,0,0,0,1208.09,0,0,0,5,616,0,0,,2026-06-27T00:00:00.000Z,,excel-seed
seed-10-ocp-260-t-36,,,2026-01-31,夜,,,10-ocp-260-t,10# OCP-260 T,LC 600 Box,75170145,2/2,890,178,5,2.6,1,150,0,25,0,715,0,0,0,0,90,0,0,,2026-06-27T00:00:00.000Z,,excel-seed
seed-10-ocp-260-t-37,,,2026-02-02,白,,,10-ocp-260-t,10# OCP-260 T,LC 600 Box,75170145,2/2,2401.27,480.25,5,2.6,1,410,25,20,0,1861.27,0,0,85,0,252,0,0,,2026-06-27T00:00:00.000Z,,excel-seed
seed-10-ocp-260-t-38,,,2026-02-02,白,,,10-ocp-260-t,10# OCP-260 T,Metal Box 14WAY,NMS/BRU30889,2/5,182.68,36.54,5,2.6,1,45,30,35,0,62.68,0,0,10,0,140,0,0,,2026-06-27T00:00:00.000Z,,excel-seed
seed-10-ocp-260-t-39,,,2026-02-02,白,,,10-ocp-260-t,10# OCP-260 T,Metal Box 14WAY,NMS/BRU30889,2/5,1371.37,274.27,5,2.6,1,610,0,0,0,711.37,0,0,50,0,1360,6,0,,2026-06-27T00:00:00.000Z,,excel-seed
seed-10-ocp-260-t-40,,,2026-02-03,白,,,10-ocp-260-t,10# OCP-260 T,Upper Cup,SB-059C-2,3/4,1324.03,264.81,5,5,1,445,30,20,0,784.03,0,0,45,0,1348,0,0,,2026-06-27T00:00:00.000Z,,excel-seed
seed-10-ocp-260-t-41,,,2026-02-04,白,,,10-ocp-260-t,10# OCP-260 T,Metal Box 14WAY,NMS/BRU30889,3/5,930.16,186.03,5,2.6,1,375,20,35,0,500.16,0,0,0,0,770,2,0,,2026-06-27T00:00:00.000Z,,excel-seed
seed-10-ocp-260-t-42,,,2026-02-04,白,,,10-ocp-260-t,10# OCP-260 T,METAL BOX WH CSL,DBS30-8-U,2/2,393.9,78.78,5,2.6,1,170,10,15,0,198.9,0,0,0,0,400,0,0,,2026-06-27T00:00:00.000Z,,excel-seed
seed-10-ocp-260-t-43,,,2026-02-04,夜,,,10-ocp-260-t,10# OCP-260 T,Upper Cup,SB-059C-2,3/4,1375.49,275.1,5,5,1,415,0,10,0,905.49,0,0,45,0,951,0,0,,2026-06-27T00:00:00.000Z,,excel-seed
seed-10-ocp-260-t-44,,,2026-02-05,白,,,10-ocp-260-t,10# OCP-260 T,Upper Cup,SB-059C-2,3/4,1726.16,345.23,5,5,1,505,0,15,0,1066.16,0,0,55,85,1196,1,0,,2026-06-27T00:00:00.000Z,,excel-seed
seed-10-ocp-260-t-45,,,2026-02-05,夜,,,10-ocp-260-t,10# OCP-260 T,Upper Cup,SB-059C-2,3/4,996.96,199.39,5,5,1,360,0,10,0,551.96,0,0,20,55,1174,0,0,,2026-06-27T00:00:00.000Z,,excel-seed
seed-10-ocp-260-t-46,,,2026-02-06,白,,,10-ocp-260-t,10# OCP-260 T,METAL BOX WH CSL,DBS60-8-U,2/2,1207.72,241.54,5,2.6,1,245,40,10,0,907.73,0,0,0,5,200,0,0,,2026-06-27T00:00:00.000Z,,excel-seed
seed-10-ocp-260-t-47,,,2026-02-06,夜,,,10-ocp-260-t,10# OCP-260 T,METAL BOX WH CSL,DBS60-8-U,2/2,840.92,168.19,5,2.6,1,215,0,5,0,600.92,0,0,20,0,200,0,0,,2026-06-27T00:00:00.000Z,,excel-seed
seed-10-ocp-260-t-48,,,2026-02-07,夜,,,10-ocp-260-t,10# OCP-260 T,Metal Cover 8 WAY,NMS/BRU30892,2/2,778.72,155.74,5,2.6,1,320,0,25,0,378.72,0,0,30,25,703,0,0,,2026-06-27T00:00:00.000Z,,excel-seed
seed-10-ocp-260-t-49,,,2026-02-09,白,,,10-ocp-260-t,10# OCP-260 T,Metal Cover 8 WAY,NMS/BRU30892,2/2,1241.54,248.31,5,2.6,1,405,0,30,0,761.54,0,0,45,0,560,0,0,,2026-06-27T00:00:00.000Z,,excel-seed
seed-10-ocp-260-t-50,,,2026-02-09,白,,,10-ocp-260-t,10# OCP-260 T,Metal Cover 10 WAY,NMS/BRU30893,2/2,351.6,70.32,5,2.6,1,55,65,20,0,171.6,0,0,40,0,100,0,0,,2026-06-27T00:00:00.000Z,,excel-seed
seed-10-ocp-260-t-51,,,2026-02-09,夜,,,10-ocp-260-t,10# OCP-260 T,Metal Cover 10 WAY,NMS/BRU30893,2/2,1332.8,266.56,5,2.6,1,580,0,5,0,672.8,0,0,75,0,1300,0,0,,2026-06-27T00:00:00.000Z,,excel-seed
seed-10-ocp-260-t-52,,,2026-02-10,白,,,10-ocp-260-t,10# OCP-260 T,Metal Cover 10 WAY,NMS/BRU30893,2/2,1197.27,239.45,5,2.6,1,575,0,10,0,537.27,0,0,75,0,1600,0,0,,2026-06-27T00:00:00.000Z,,excel-seed
seed-10-ocp-260-t-53,,,2026-02-10,夜,,,10-ocp-260-t,10# OCP-260 T,Metal Cover 8 WAY,NMS/BRU30892,2/2,1295.5,259.1,5,2.6,1,500,35,5,0,695.5,0,0,60,0,1000,0,0,,2026-06-27T00:00:00.000Z,,excel-seed
seed-10-ocp-260-t-54,,,2026-02-11,白,,,10-ocp-260-t,10# OCP-260 T,METAL BOX,DBF45-8-U,2/2,977.93,195.59,5,2.6,1,355,0,30,0,547.93,0,0,45,0,598,2,0,,2026-06-27T00:00:00.000Z,,excel-seed
seed-10-ocp-260-t-55,,,2026-02-11,夜,,,10-ocp-260-t,10# OCP-260 T,METAL COVER 14WAY,NMS/BRU30894,2/2,1513.76,302.75,5,2.6,1,530,40,5,0,853.76,0,0,85,0,920,0,0,,2026-06-27T00:00:00.000Z,,excel-seed
seed-10-ocp-260-t-56,,,2026-02-12,夜,,,10-ocp-260-t,10# OCP-260 T,Metal Box8-10WAY,NMS/BRU30888,2/5,1315.42,263.08,5,2.6,1,550,0,25,0,655.42,0,0,85,0,1200,0,0,,2026-06-27T00:00:00.000Z,,excel-seed
seed-10-ocp-260-t-57,,,2026-02-13,白,,,10-ocp-260-t,10# OCP-260 T,Metal Box8-10WAY,NMS/BRU30888,2/5,1319.51,263.9,5,2.6,1,480,0,70,40,659.51,0,0,70,0,984,0,0,,2026-06-27T00:00:00.000Z,,excel-seed
seed-10-ocp-260-t-58,,,2026-02-13,夜,,,10-ocp-260-t,10# OCP-260 T,Metal Box8-10WAY,NMS/BRU30888,2/5,1307.11,261.42,5,2.6,1,560,0,10,0,647.11,0,0,90,0,1260,0,0,,2026-06-27T00:00:00.000Z,,excel-seed
seed-10-ocp-260-t-59,,,2026-02-14,白,,,10-ocp-260-t,10# OCP-260 T,Metal Box8-10WAY,NMS/BRU30888,2/5,376.3,75.26,5,2.6,1,60,20,0,0,271.3,0,0,25,0,46,1,0,,2026-06-27T00:00:00.000Z,,excel-seed
seed-10-ocp-260-t-60,,,2026-02-14,夜,,,10-ocp-260-t,10# OCP-260 T,METAL COVER 14WAY,NMS/BRU30894,2/2,1186.62,237.32,5,2.6,1,475,0,5,0,586.62,0,0,75,45,1000,0,0,,2026-06-27T00:00:00.000Z,,excel-seed
seed-10-ocp-260-t-61,,,2026-02-16,夜,,,10-ocp-260-t,10# OCP-260 T,METAL COVER 14WAY,NMS/BRU30894,2/2,304.35,60.87,5,2.6,1,95,20,5,0,119.35,0,0,10,55,238,0,0,,2026-06-27T00:00:00.000Z,,excel-seed
seed-10-ocp-260-t-62,,,2026-02-20,夜,,,10-ocp-260-t,10# OCP-260 T,BRACKET,SB-068C-1-1,2/2,849.29,169.86,5,4,1,280,55,30,0,429.29,0,0,55,0,874,0,0,,2026-06-27T00:00:00.000Z,,excel-seed
seed-10-ocp-260-t-63,,,2026-02-20,白,,,10-ocp-260-t,10# OCP-260 T,ACTIVE BRACKET UPPER,SB-092B-1-1,4/4,431.2,86.24,5,4,1,145,0,75,0,201.2,0,0,10,0,418,0,0,,2026-06-27T00:00:00.000Z,,excel-seed
seed-10-ocp-260-t-64,,,2026-02-21,白,,,10-ocp-260-t,10# OCP-260 T,BRACKET,SB-068C-1-1,2/2,942.86,188.57,5,4,1,360,0,75,0,462.86,0,0,45,0,1120,0,0,,2026-06-27T00:00:00.000Z,,excel-seed
seed-10-ocp-260-t-65,,,2026-02-21,夜,,,10-ocp-260-t,10# OCP-260 T,BRACKET,SB-068C-1-1,2/2,390,78,5,4,1,105,0,10,0,210,0,0,45,20,210,0,0,,2026-06-27T00:00:00.000Z,,excel-seed
seed-10-ocp-260-t-66,,,2026-02-21,夜,,,10-ocp-260-t,10# OCP-260 T,ACTIVE BRACKET UPPER,SB-092B-1-1,4/4,1282.78,256.56,5,4,1,170,0,35,0,802.78,0,0,25,250,144,0,0,,2026-06-27T00:00:00.000Z,,excel-seed
seed-10-ocp-260-t-67,,,2026-02-23,白,,,10-ocp-260-t,10# OCP-260 T,BRACKET,SB-068C-1-1,2/2,948.03,189.61,5,4,1,345,0,60,0,348.03,0,0,120,75,1368,0,0,,2026-06-27T00:00:00.000Z,,excel-seed
seed-10-ocp-260-t-68,,,2026-02-23,白,,,10-ocp-260-t,10# OCP-260 T,ACTIVE BRACKET UPPER,SB-092B-1-1,2/4,258.93,51.79,5,4,1,50,25,40,0,133.93,0,0,10,0,112,0,0,,2026-06-27T00:00:00.000Z,,excel-seed
seed-10-ocp-260-t-69,,,2026-02-23,夜,,,10-ocp-260-t,10# OCP-260 T,ACTIVE BRACKET UPPER,SB-092B-1-1,2/4,804.28,160.86,5,4,1,275,0,5,0,494.28,0,0,25,5,612,0,0,,2026-06-27T00:00:00.000Z,,excel-seed
seed-10-ocp-260-t-70,,,2026-02-24,白,,,10-ocp-260-t,10# OCP-260 T,ACTIVE BRACKET UPPER,SB-092B-1-1,4/4,914.35,182.87,5,4,1,280,0,50,0,434.35,0,0,115,35,722,0,0,,2026-06-27T00:00:00.000Z,,excel-seed
seed-10-ocp-260-t-71,,,2026-02-24,白,,,10-ocp-260-t,10# OCP-260 T,Upper Cup,SB-059C-2,3/4,342.5,68.5,5,5,1,120,10,10,0,162.5,0,0,40,0,480,0,0,,2026-06-27T00:00:00.000Z,,excel-seed
seed-10-ocp-260-t-72,,,2026-02-24,夜,,,10-ocp-260-t,10# OCP-260 T,Upper Cup,SB-059C-2,3/4,1671.09,334.22,5,5,1,575,0,5,0,1011.09,0,0,80,0,1635,0,0,,2026-06-27T00:00:00.000Z,,excel-seed
seed-10-ocp-260-t-73,,,2026-02-25,夜,,,10-ocp-260-t,10# OCP-260 T,Upper Cup,SB-059C-2,3/4,1807.21,361.44,5,5,1,575,0,5,0,1147.21,0,0,80,0,1441,0,0,,2026-06-27T00:00:00.000Z,,excel-seed
seed-10-ocp-260-t-74,,,2026-02-26,白,,,10-ocp-260-t,10# OCP-260 T,Upper Cup,SB-059C-2,3/4,2473.43,494.69,5,5,1,540,0,35,0,1813.43,0,0,85,0,804,0,0,,2026-06-27T00:00:00.000Z,,excel-seed
seed-10-ocp-260-t-75,,,2026-02-26,夜,,,10-ocp-260-t,10# OCP-260 T,Upper Cup,SB-059C-2,3/4,1512.94,302.59,5,5,1,440,0,5,0,997.94,0,0,70,0,970,0,0,,2026-06-27T00:00:00.000Z,,excel-seed
seed-10-ocp-260-t-76,,,2026-02-27,白,,,10-ocp-260-t,10# OCP-260 T,METAL BOX,DBF45-8-U,2/2,839.86,167.97,5,2.6,1,235,0,5,0,359.86,0,0,60,180,399,1,0,,2026-06-27T00:00:00.000Z,,excel-seed
seed-10-ocp-260-t-77,,,2026-02-28,夜,,,10-ocp-260-t,10# OCP-260 T,METAL BOX,DBF60-8-U,2/2,646.2,129.24,5,2.6,1,180,0,20,0,421.2,0,0,25,0,200,0,0,,2026-06-27T00:00:00.000Z,,excel-seed
seed-10-ocp-260-t-78,,,2026-03-02,白,,,10-ocp-260-t,10# OCP-260 T,METAL BOX WH CSL,DBS30-8-U,2/2,707.5,141.5,5,2.6,1,175,25,20,0,227.5,0,0,60,200,400,0,0,,2026-06-27T00:00:00.000Z,,excel-seed
seed-10-ocp-260-t-79,,,2026-03-02,白,,,10-ocp-260-t,10# OCP-260 T,LC600 COVER,75170153,2/3,559.92,111.98,5,2.6,1,95,5,55,0,349.92,0,0,55,0,180,0,0,,2026-06-27T00:00:00.000Z,,excel-seed
seed-10-ocp-260-t-80,,,2026-03-03,白,,,10-ocp-260-t,10# OCP-260 T,LC600 COVER,75170153,2/3,614.63,122.93,5,2.6,1,100,0,25,0,219.63,0,0,50,220,219,0,0,,2026-06-27T00:00:00.000Z,,excel-seed
seed-10-ocp-260-t-81,,,2026-03-03,白,,,10-ocp-260-t,10# OCP-260 T,ACTIVE BRACKET UPPER,SB-092B-1-1,2/4,545.75,109.15,5,4,1,155,25,15,0,305.75,0,0,20,25,365,0,0,,2026-06-27T00:00:00.000Z,,excel-seed
seed-10-ocp-260-t-82,,,2026-03-03,白,,,10-ocp-260-t,10# OCP-260 T,ACTIVE BRACKET UPPER,SB-092B-1-1,4/4,401.85,80.37,5,4,1,110,10,15,0,221.85,0,0,45,0,238,0,0,,2026-06-27T00:00:00.000Z,,excel-seed
seed-10-ocp-260-t-83,,,2026-03-03,夜,,,10-ocp-260-t,10# OCP-260 T,ACTIVE BRACKET UPPER,SB-092B-1-1,4/4,404.25,80.85,5,4,1,95,0,10,0,284.25,0,0,15,0,127,0,0,,2026-06-27T00:00:00.000Z,,excel-seed
seed-10-ocp-260-t-84,,,2026-03-04,白,,,10-ocp-260-t,10# OCP-260 T,LC 600 Box,75170145,2/2,1650.62,330.12,5,2.6,1,200,0,55,0,1340.62,0,0,55,0,128,0,0,,2026-06-27T00:00:00.000Z,,excel-seed
seed-10-ocp-260-t-85,,,2026-03-05,白,,,10-ocp-260-t,10# OCP-260 T,LC 600 Box,75170145,2/2,823.81,164.76,5,2.6,1,40,0,30,0,643.81,0,0,110,0,84,0,0,,2026-06-27T00:00:00.000Z,,excel-seed
seed-10-ocp-260-t-86,,,2026-03-06,夜,,,10-ocp-260-t,10# OCP-260 T,METAL COVER 4 WAY,NMS/BRU30890,2/2,949.35,189.87,5,2.6,1,375,0,5,0,469.35,0,0,35,65,779,0,0,,2026-06-27T00:00:00.000Z,,excel-seed
seed-10-ocp-260-t-87,,,2026-03-11,夜,,,10-ocp-260-t,10# OCP-260 T,METAL COVER 4 WAY,NMS/BRU30890,2/2,796.41,159.28,5,2.6,1,385,0,30,0,316.41,0,0,30,35,1218,0,0,,2026-06-27T00:00:00.000Z,,excel-seed
seed-10-ocp-260-t-88,,,2026-03-17,白,,,10-ocp-260-t,10# OCP-260 T,ACTIVE BRACKET UPPER,SB-092B-1-1,2/4,1010.55,202.11,5,4,1,340,0,25,0,590.55,0,0,55,0,783,1,0,,2026-06-27T00:00:00.000Z,,excel-seed
seed-10-ocp-260-t-89,,,2026-03-17,夜,,,10-ocp-260-t,10# OCP-260 T,ACTIVE BRACKET UPPER,SB-092B-1-1,4/4,1227.15,245.43,5,4,1,330,30,45,0,822.15,0,0,0,0,578,0,0,,2026-06-27T00:00:00.000Z,,excel-seed
seed-10-ocp-260-t-90,,,2026-03-18,白,,,10-ocp-260-t,10# OCP-260 T,ACTIVE BRACKET UPPER,SB-092B-1-1,4/4,514.29,102.86,5,4,1,120,0,30,0,274.29,0,0,35,55,210,0,0,,2026-06-27T00:00:00.000Z,,excel-seed
seed-10-ocp-260-t-91,,,2026-03-18,白,,,10-ocp-260-t,10# OCP-260 T,Metal Box8-10WAY,NMS/BRU30888,2/5,561.2,112.24,5,2.6,1,160,50,15,0,291.2,0,0,45,0,300,0,0,,2026-06-27T00:00:00.000Z,,excel-seed
seed-10-ocp-260-t-92,,,2026-03-18,夜,,,10-ocp-260-t,10# OCP-260 T,LC600 COVER,75170153,2/3,1603.16,320.63,5,2.6,1,565,0,35,0,943.16,0,0,60,0,880,0,0,,2026-06-27T00:00:00.000Z,,excel-seed
seed-10-ocp-260-t-93,,,2026-03-19,白,,,10-ocp-260-t,10# OCP-260 T,LC600 COVER,75170153,2/3,1867.61,373.52,5,2.6,1,510,0,25,0,1207.61,0,0,125,0,560,0,0,,2026-06-27T00:00:00.000Z,,excel-seed
seed-10-ocp-260-t-94,,,2026-03-19,夜,,,10-ocp-260-t,10# OCP-260 T,LC600 COVER,75170153,2/3,1772.23,354.45,5,2.6,1,585,0,15,0,1112.23,0,0,60,0,800,0,0,,2026-06-27T00:00:00.000Z,,excel-seed
seed-10-ocp-260-t-95,,,2026-03-20,白,,,10-ocp-260-t,10# OCP-260 T,LC600 COVER,75170153,2/3,263.98,52.8,5,2.6,1,90,0,20,0,118.98,0,0,20,15,177,1,0,,2026-06-27T00:00:00.000Z,,excel-seed
seed-10-ocp-260-t-96,,,2026-03-20,夜,,,10-ocp-260-t,10# OCP-260 T,BRACKET,SB-068C-1-1,2/2,1427.59,285.52,5,4,1,590,0,5,0,767.59,0,0,65,0,1814,0,0,,2026-06-27T00:00:00.000Z,,excel-seed
seed-10-ocp-260-t-97,,,2026-03-21,夜,,,10-ocp-260-t,10# OCP-260 T,Upper Cup,SB-059C-2,3/4,2047.66,409.53,5,5,1,395,35,90,0,1387.66,0,0,65,75,612,0,0,,2026-06-27T00:00:00.000Z,,excel-seed
seed-10-ocp-260-t-98,,,2026-03-23,白,,,10-ocp-260-t,10# OCP-260 T,Upper Cup,SB-059C-2,3/4,1252.37,250.47,5,5,1,465,10,30,0,657.37,0,0,90,0,1680,0,0,,2026-06-27T00:00:00.000Z,,excel-seed
seed-10-ocp-260-t-99,,,2026-03-24,白,,,10-ocp-260-t,10# OCP-260 T,ACTIVE BRACKET UPPER,SB-092B-1-1,2/4,475.53,95.11,5,4,1,165,35,60,0,175.53,0,0,40,0,752,0,0,,2026-06-27T00:00:00.000Z,,excel-seed
seed-10-ocp-260-t-100,,,2026-03-24,夜,,,10-ocp-260-t,10# OCP-260 T,ACTIVE BRACKET UPPER,SB-092B-1-1,2/4,919.71,183.94,5,4,1,305,40,5,0,559.71,0,0,10,0,752,0,0,,2026-06-27T00:00:00.000Z,,excel-seed
seed-10-ocp-260-t-101,,,2026-04-01,夜,,,10-ocp-260-t,10# OCP-260 T,LC 600 Box,75170145,2/2,1416.83,283.37,5,2.6,1,410,0,25,0,891.83,0,0,45,45,508,2,0,,2026-06-27T00:00:00.000Z,,excel-seed
seed-10-ocp-260-t-102,,,2026-04-02,白,,,10-ocp-260-t,10# OCP-260 T,LC 600 Box,75170145,2/2,1975.97,395.19,5,2.6,1,530,0,10,0,1370.97,0,0,65,0,588,0,0,,2026-06-27T00:00:00.000Z,,excel-seed
seed-10-ocp-260-t-103,,,2026-04-02,夜,,,10-ocp-260-t,10# OCP-260 T,LC 600 Box,75170145,2/2,2046.67,409.33,5,2.6,1,560,0,40,0,1386.67,0,0,60,0,588,0,0,,2026-06-27T00:00:00.000Z,,excel-seed
seed-10-ocp-260-t-104,,,2026-04-03,白,,,10-ocp-260-t,10# OCP-260 T,LC 600 Box,75170145,2/2,670.95,134.19,5,2.6,1,160,10,25,0,420.95,0,0,40,15,168,0,0,,2026-06-27T00:00:00.000Z,,excel-seed
seed-10-ocp-260-t-105,,,2026-04-03,白,,,10-ocp-260-t,10# OCP-260 T,U BOX 450mm,BRU53714,2/3,800.8,160.16,5,1.7,1,275,50,40,0,380.8,0,0,55,0,399,1,0,,2026-06-27T00:00:00.000Z,,excel-seed
seed-10-ocp-260-t-106,,,2026-04-03,夜,,,10-ocp-260-t,10# OCP-260 T,U BOX 450mm,BRU53714,2/3,760.81,152.16,5,1.7,1,325,0,25,0,400.81,0,0,10,0,448,0,0,,2026-06-27T00:00:00.000Z,,excel-seed
seed-10-ocp-260-t-107,,,2026-04-04,白,,,10-ocp-260-t,10# OCP-260 T,U BOX 450mm,BRU53714,2/3,616.5,123.3,5,1.7,1,190,10,35,0,161.5,0,0,40,180,400,0,0,,2026-06-27T00:00:00.000Z,,excel-seed
seed-10-ocp-260-t-108,,,2026-04-06,夜,,,10-ocp-260-t,10# OCP-260 T,U BOX 450mm,BRU53714,3/3,842.41,168.48,5,1.7,1,315,0,45,0,457.41,0,0,25,0,480,0,0,,2026-06-27T00:00:00.000Z,,excel-seed
seed-10-ocp-260-t-109,,,2026-04-07,白,,,10-ocp-260-t,10# OCP-260 T,U BOX 450mm,BRU53714,3/3,1126.67,225.33,5,1.7,1,410,55,15,0,566.67,0,0,80,0,615,0,0,,2026-06-27T00:00:00.000Z,,excel-seed
seed-10-ocp-260-t-110,,,2026-04-07,白,,,10-ocp-260-t,10# OCP-260 T,Cover EZ100 450mm 12w,BRU53718,2/2,309.09,61.82,5,1.7,1,65,60,15,0,129.09,0,0,40,0,107,2,0,,2026-06-27T00:00:00.000Z,,excel-seed
seed-10-ocp-260-t-111,,,2026-04-07,夜,,,10-ocp-260-t,10# OCP-260 T,Upper Cup,SB-059C-2,3/4,1132.21,226.44,5,5,1,390,30,45,0,602.21,0,0,65,0,1360,0,0,,2026-06-27T00:00:00.000Z,,excel-seed
seed-10-ocp-260-t-112,,,2026-04-07,夜,,,10-ocp-260-t,10# OCP-260 T,Cover EZ100 450mm 12w,BRU53718,2/2,744.77,148.95,5,1.7,1,105,340,15,0,264.77,0,0,20,0,300,0,0,,2026-06-27T00:00:00.000Z,,excel-seed
seed-10-ocp-260-t-113,,,2026-04-08,白,,,10-ocp-260-t,10# OCP-260 T,Cover EZ100 450mm 12w,BRU53718,2/2,836.73,167.35,5,1.7,1,395,30,10,0,356.73,0,0,45,0,800,0,0,,2026-06-27T00:00:00.000Z,,excel-seed
seed-10-ocp-260-t-114,,,2026-04-08,白,,,10-ocp-260-t,10# OCP-260 T,LC 600 Box,75170145,2/2,166.43,33.29,5,2.6,1,25,20,45,0,46.43,0,0,30,0,63,0,0,,2026-06-27T00:00:00.000Z,,excel-seed
seed-10-ocp-260-t-115,,,2026-04-08,夜,,,10-ocp-260-t,10# OCP-260 T,LC 600 Box,75170145,2/2,1246.27,249.25,5,2.6,1,415,0,20,0,791.27,0,0,20,0,600,0,0,,2026-06-27T00:00:00.000Z,,excel-seed
seed-10-ocp-260-t-116,,,2026-04-09,白,,,10-ocp-260-t,10# OCP-260 T,U BOX 600mm,BRU53715,2/3,893.1,178.62,5,1.7,1,360,45,20,0,413.1,0,0,55,0,600,0,0,,2026-06-27T00:00:00.000Z,,excel-seed
seed-10-ocp-260-t-117,,,2026-04-09,夜,,,10-ocp-260-t,10# OCP-260 T,Cover EZ100 600mm 18w,BRU53719,2/2,1285.88,257.18,5,1.7,1,470,0,10,0,625.88,0,0,65,115,600,0,0,,2026-06-27T00:00:00.000Z,,excel-seed
seed-10-ocp-260-t-118,,,2026-04-10,白,,,10-ocp-260-t,10# OCP-260 T,U BOX 750mm,BRU53716,2/3,778.6,155.72,5,1.7,1,115,130,45,0,428.6,0,0,60,0,130,0,0,,2026-06-27T00:00:00.000Z,,excel-seed
seed-10-ocp-260-t-119,,,2026-04-10,白,,,10-ocp-260-t,10# OCP-260 T,U BOX 750mm,BRU53716,2/3,553.62,110.72,5,1.7,1,95,90,25,0,303.62,0,0,40,0,125,5,0,,2026-06-27T00:00:00.000Z,,excel-seed
seed-10-ocp-260-t-120,,,2026-04-10,夜,,,10-ocp-260-t,10# OCP-260 T,Cover EZ100 750mm 36w,BRU53722,2/2,1141.94,228.39,5,1.7,1,105,340,15,0,661.94,0,0,20,0,120,0,0,,2026-06-27T00:00:00.000Z,,excel-seed
seed-10-ocp-260-t-121,,,2026-04-10,夜,,,10-ocp-260-t,10# OCP-260 T,Door 750mm,BRU53747,2/2,554.06,110.81,5,1.7,1,115,20,115,0,194.06,0,0,10,100,136,0,0,,2026-06-27T00:00:00.000Z,,excel-seed
seed-10-ocp-260-t-122,,,2026-04-11,白,,,10-ocp-260-t,10# OCP-260 T,Upper Cup,SB-059C-2,3/4,812.86,162.57,5,5,1,185,50,85,0,452.86,0,0,40,0,480,0,0,,2026-06-27T00:00:00.000Z,,excel-seed
seed-10-ocp-260-t-123,,,2026-04-16,白,,,10-ocp-260-t,10# OCP-260 T,Upper Cup,SB-059C-2,3/4,1105,221,5,5,1,400,0,30,0,625,0,0,50,0,1280,0,0,,2026-06-27T00:00:00.000Z,,excel-seed
seed-10-ocp-260-t-124,,,2026-04-17,白,,,10-ocp-260-t,10# OCP-260 T,Upper Cup,SB-059C-2,3/4,1321.64,264.33,5,5,1,535,0,35,0,661.64,0,0,90,0,2163,0,0,,2026-06-27T00:00:00.000Z,,excel-seed
seed-10-ocp-260-t-125,,,2026-04-18,白,,,10-ocp-260-t,10# OCP-260 T,LC 600 Box,75170145,2/2,1695.2,339.04,5,2.6,1,495,60,35,0,1035.2,0,0,70,0,690,0,0,,2026-06-27T00:00:00.000Z,,excel-seed
seed-10-ocp-260-t-126,,,2026-04-20,白,,,10-ocp-260-t,10# OCP-260 T,LC 600 Box,75170145,2/2,1393.56,278.71,5,2.6,1,490,0,70,0,733.56,0,0,100,0,851,2,0,,2026-06-27T00:00:00.000Z,,excel-seed
seed-10-ocp-260-t-127,,,2026-04-21,白,,,10-ocp-260-t,10# OCP-260 T,LC 600 Box,75170145,2/2,1388,277.6,5,2.6,1,560,0,5,0,728,0,0,95,0,1120,0,0,,2026-06-27T00:00:00.000Z,,excel-seed
seed-10-ocp-260-t-128,,,2026-04-22,白,,,10-ocp-260-t,10# OCP-260 T,Upper Cup,SB-059C-2,3/4,1204.07,240.81,5,5,1,230,110,5,0,724.07,0,0,135,0,540,0,0,,2026-06-27T00:00:00.000Z,,excel-seed
seed-10-ocp-260-t-129,,,2026-04-22,白,,,10-ocp-260-t,10# OCP-260 T,ACTIVE BRACKET UPPER,SB-092B-1-1,2/4,504.16,100.83,5,4,1,130,40,85,0,204.16,0,0,45,0,433,0,0,,2026-06-27T00:00:00.000Z,,excel-seed
seed-10-ocp-260-t-130,,,2026-04-23,白,,,10-ocp-260-t,10# OCP-260 T,ACTIVE BRACKET UPPER,SB-092B-1-1,2/4,297.02,59.4,5,4,1,55,0,40,0,72.02,0,0,25,105,168,0,0,,2026-06-27T00:00:00.000Z,,excel-seed
seed-10-ocp-260-t-131,,,2026-04-24,白,,,10-ocp-260-t,10# OCP-260 T,ACTIVE BRACKET UPPER,SB-092B-1-1,2/4,336.77,67.35,5,4,1,60,35,40,0,201.77,0,0,0,0,113,0,0,,2026-06-27T00:00:00.000Z,,excel-seed
seed-10-ocp-260-t-132,,,2026-04-24,白,,,10-ocp-260-t,10# OCP-260 T,ACTIVE BRACKET UPPER,SB-092B-1-1,4/4,791.74,158.35,5,4,1,265,25,20,0,431.74,0,0,50,0,712,0,0,,2026-06-27T00:00:00.000Z,,excel-seed
seed-10-ocp-260-t-133,,,2026-04-25,白,,,10-ocp-260-t,10# OCP-260 T,LC 600 Box,75170145,2/2,1203.63,240.73,5,2.6,1,435,0,75,0,543.63,0,0,150,0,905,2,0,,2026-06-27T00:00:00.000Z,,excel-seed
seed-10-ocp-260-t-134,,,2026-04-27,白,,,10-ocp-260-t,10# OCP-260 T,LC 600 Box,75170145,2/2,1278.13,255.63,5,2.6,1,400,0,45,0,618.13,0,0,90,125,673,0,0,,2026-06-27T00:00:00.000Z,,excel-seed
seed-10-ocp-260-t-135,,,2026-04-27,夜,,,10-ocp-260-t,10# OCP-260 T,LC 600 Box,75170145,2/2,1836.57,367.31,5,2.6,1,560,0,30,0,1176.57,0,0,70,0,693,0,0,,2026-06-27T00:00:00.000Z,,excel-seed
seed-10-ocp-260-t-136,,,2026-04-28,白,,,10-ocp-260-t,10# OCP-260 T,METAL BOX,DBF45-8-U,2/2,755.03,151.01,5,2.6,1,225,90,50,0,370.03,0,0,20,0,498,2,0,,2026-06-27T00:00:00.000Z,,excel-seed
seed-10-ocp-260-t-137,,,2026-04-28,白,,,10-ocp-260-t,10# OCP-260 T,METAL BOX WH CSL,DBS30-8-U,2/2,455.09,91.02,5,2.6,1,155,10,45,0,205.09,0,0,40,0,393,7,0,,2026-06-27T00:00:00.000Z,,excel-seed
seed-10-ocp-260-t-138,,,2026-04-28,夜,,,10-ocp-260-t,10# OCP-260 T,ACTIVE BRACKET UPPER,SB-092B-1-1,2/4,1438.72,287.74,5,4,1,475,30,30,0,838.72,0,0,65,0,1144,0,0,,2026-06-27T00:00:00.000Z,,excel-seed
seed-10-ocp-260-t-139,,,2026-04-29,白,,,10-ocp-260-t,10# OCP-260 T,ACTIVE BRACKET UPPER,SB-092B-1-1,3/4,889.09,177.82,5,4,1,325,35,70,0,409.09,0,0,50,0,1144,0,0,,2026-06-27T00:00:00.000Z,,excel-seed
seed-10-ocp-260-t-140,,,2026-04-29,夜,,,10-ocp-260-t,10# OCP-260 T,ACTIVE BRACKET UPPER,SB-092B-1-1,4/4,1846.19,369.24,5,4,1,575,15,5,0,1186.19,0,0,65,0,1144,0,0,,2026-06-27T00:00:00.000Z,,excel-seed
seed-10-ocp-260-t-141,,,2026-04-30,白,,,10-ocp-260-t,10# OCP-260 T,BOX 2+10，10 WAY,NVE96528,2/3,781.48,156.3,5,2.6,1,355,35,45,0,301.48,0,0,45,0,1194,0,0,,2026-06-27T00:00:00.000Z,,excel-seed
seed-10-ocp-260-t-142,,,2026-05-02,白,,,10-ocp-260-t,10# OCP-260 T,BOX 2+10，10 WAY,NVE96528,3/3,1140.31,228.06,5,2.6,1,305,0,40,0,720.31,0,0,75,0,600,0,0,,2026-06-27T00:00:00.000Z,,excel-seed
seed-10-ocp-260-t-143,,,2026-05-04,白,,,10-ocp-260-t,10# OCP-260 T,BOX 2+10，10 WAY,NVE96528,3/3,474.61,94.92,5,2.6,1,75,35,20,0,299.61,0,0,45,0,192,0,0,,2026-06-27T00:00:00.000Z,,excel-seed
seed-10-ocp-260-t-144,,,2026-05-04,白,,,10-ocp-260-t,10# OCP-260 T,Metal Cover 10-Way,NVE96526,2/4,301,60.2,5,2.6,1,110,0,30,0,121,0,0,40,0,260,1,0,,2026-06-27T00:00:00.000Z,,excel-seed
seed-10-ocp-260-t-145,,,2026-05-04,夜,,,10-ocp-260-t,10# OCP-260 T,Metal Cover 10-Way,NVE96526,2/4,940,188,5,2.6,1,295,165,0,0,460,0,0,20,0,767,0,0,,2026-06-27T00:00:00.000Z,,excel-seed
seed-10-ocp-260-t-146,,,2026-05-04,夜,,,10-ocp-260-t,10# OCP-260 T,Metal Cover 10-Way,NVE96526,4/4,731.58,146.32,5,2.6,1,245,35,25,0,371.58,0,0,55,0,480,0,0,,2026-06-27T00:00:00.000Z,,excel-seed
seed-10-ocp-260-t-147,,,2026-05-05,白,,,10-ocp-260-t,10# OCP-260 T,Metal Cover 10-Way,NVE96526,4/4,869.2,173.84,5,2.6,1,320,10,0,0,499.2,0,0,40,0,550,3,0,,2026-06-27T00:00:00.000Z,,excel-seed
seed-10-ocp-260-t-148,,,2026-05-05,白,,,10-ocp-260-t,10# OCP-260 T,Metal Box 14WAY,NMS/BRU30889,2/5,536.04,107.21,5,2.6,1,155,50,45,0,236.04,0,0,50,0,350,0,0,,2026-06-27T00:00:00.000Z,,excel-seed
seed-10-ocp-260-t-149,,,2026-05-05,夜,,,10-ocp-260-t,10# OCP-260 T,Metal Box 14WAY,NMS/BRU30889,2/5,1273.05,254.61,5,2.6,1,560,0,35,0,613.05,0,0,65,0,1330,0,0,,2026-06-27T00:00:00.000Z,,excel-seed
seed-10-ocp-260-t-150,,,2026-05-06,白,,,10-ocp-260-t,10# OCP-260 T,Metal Box 14WAY,NMS/BRU30889,2/5,467.8,93.56,5,2.6,1,155,10,55,0,207.8,0,0,40,0,320,0,0,,2026-06-27T00:00:00.000Z,,excel-seed
seed-10-ocp-260-t-151,,,2026-05-06,白,,,10-ocp-260-t,10# OCP-260 T,Resi Box Bracket,NVE96549,3/4,319.87,63.97,5,2.6,1,115,45,70,0,79.87,0,0,10,0,599,1,0,,2026-06-27T00:00:00.000Z,,excel-seed
seed-10-ocp-260-t-152,,,2026-05-06,夜,,,10-ocp-260-t,10# OCP-260 T,LC600 COVER,75170154,2/3,1539.94,307.99,5,2.6,1,570,0,25,0,879.94,0,0,65,0,960,0,0,,2026-06-27T00:00:00.000Z,,excel-seed
seed-10-ocp-260-t-153,,,2026-05-07,白,,,10-ocp-260-t,10# OCP-260 T,LC600 COVER,75170154,2/3,1351.65,270.33,5,2.6,1,565,0,10,0,691.65,0,0,85,0,1200,1,0,,2026-06-27T00:00:00.000Z,,excel-seed
seed-10-ocp-260-t-154,,,2026-05-07,夜,,,10-ocp-260-t,10# OCP-260 T,LC600 COVER,75170154,2/3,729.93,145.99,5,2.6,1,290,0,15,0,404.93,0,0,20,0,540,0,0,,2026-06-27T00:00:00.000Z,,excel-seed
seed-10-ocp-260-t-155,,,2026-05-08,白,,,10-ocp-260-t,10# OCP-260 T,Metal Box4-6WAY,NMS/BRU30887,3/5,1317.97,263.59,5,2.6,1,365,155,65,0,657.97,0,0,75,0,750,0,0,,2026-06-27T00:00:00.000Z,,excel-seed
seed-10-ocp-260-t-156,,,2026-05-08,夜,,,10-ocp-260-t,10# OCP-260 T,Metal Box4-6WAY,NMS/BRU30887,3/5,1101.05,220.21,5,2.6,1,100,0,40,0,821.05,0,0,20,120,95,1,0,,2026-06-27T00:00:00.000Z,,excel-seed
seed-10-ocp-260-t-157,,,2026-05-11,夜,,,10-ocp-260-t,10# OCP-260 T,Metal Box4-6WAY,NMS/BRU30887,2/5,2037.91,407.58,5,2.6,1,480,50,15,0,1437.91,0,0,50,5,460,0,0,,2026-06-27T00:00:00.000Z,,excel-seed
seed-10-ocp-260-t-158,,,2026-05-12,白,,,10-ocp-260-t,10# OCP-260 T,Metal Box4-6WAY,NMS/BRU30887,3/5,831.86,166.37,5,2.6,1,330,10,20,0,406.86,0,0,65,0,717,0,0,,2026-06-27T00:00:00.000Z,,excel-seed
seed-10-ocp-260-t-159,,,2026-05-13,白,,,10-ocp-260-t,10# OCP-260 T,Metal Box4-6WAY,NMS/BRU30887,2/5,1138.75,227.75,5,2.6,1,505,0,55,0,478.75,0,0,100,0,1385,2,0,,2026-06-27T00:00:00.000Z,,excel-seed
seed-10-ocp-260-t-160,,,2026-05-13,夜,,,10-ocp-260-t,10# OCP-260 T,Metal Box4-6WAY,NMS/BRU30887,2/5,1205.92,241.18,5,2.6,1,295,30,0,0,830.92,0,0,50,0,300,0,0,,2026-06-27T00:00:00.000Z,,excel-seed
seed-10-ocp-260-t-161,,,2026-05-14,白,,,10-ocp-260-t,10# OCP-260 T,Metal Box4-6WAY,NMS/BRU30887,2/5,842.59,168.52,5,2.6,1,365,25,65,0,312.59,0,0,75,0,1184,0,0,,2026-06-27T00:00:00.000Z,,excel-seed
seed-10-ocp-260-t-162,,,2026-05-15,白,,,10-ocp-260-t,10# OCP-260 T,LC 600 Box,75170145,2/2,1194.21,238.84,5,2.6,1,390,15,35,0,714.21,0,0,40,0,575,2,0,,2026-06-27T00:00:00.000Z,,excel-seed
seed-10-ocp-260-t-163,,,2026-05-16,白,,,10-ocp-260-t,10# OCP-260 T,Metal Box4-6WAY,NMS/BRU30887,3/5,581.67,116.33,5,2.6,1,240,10,35,0,266.67,0,0,30,0,585,0,0,,2026-06-27T00:00:00.000Z,,excel-seed
seed-10-ocp-260-t-164,,,2026-05-16,白,,,10-ocp-260-t,10# OCP-260 T,METAL BOX,DBF60-8-U,2/2,704.5,140.9,5,2.6,1,90,85,85,0,409.5,0,0,35,0,100,0,0,,2026-06-27T00:00:00.000Z,,excel-seed
seed-10-ocp-260-t-165,,,2026-05-16,夜,,,10-ocp-260-t,10# OCP-260 T,Door 750mm,BRU53747,2/2,1998.24,399.65,5,1.7,1,575,0,25,0,1338.24,0,0,60,0,420,2,0,,2026-06-27T00:00:00.000Z,,excel-seed
seed-10-ocp-260-t-166,,,2026-05-18,白,,,10-ocp-260-t,10# OCP-260 T,Door 750mm,BRU53747,2/2,528.53,105.71,5,1.7,1,100,85,35,0,288.53,0,0,20,0,109,3,0,,2026-06-27T00:00:00.000Z,,excel-seed
seed-10-ocp-260-t-167,,,2026-05-18,白,,,10-ocp-260-t,10# OCP-260 T,U BOX 750mm,BRU53716,2/3,610.54,122.11,5,1.7,1,220,10,30,0,310.54,0,0,40,0,277,3,0,,2026-06-27T00:00:00.000Z,,excel-seed
seed-10-ocp-260-t-168,,,2026-05-19,白,,,10-ocp-260-t,10# OCP-260 T,Cover EZ100 750mm 36w,BRU53722,2/2,1037.87,207.57,5,2,1,305,5,125,0,567.87,0,0,35,0,333,5,0,,2026-06-27T00:00:00.000Z,,excel-seed
seed-10-ocp-260-t-169,,,2026-05-20,白,,,10-ocp-260-t,10# OCP-260 T,METAL BOX WH CSL,DBS45-8-U,2/2,356.25,71.25,5,2.6,1,125,5,15,0,211.25,0,0,0,0,200,0,0,,2026-06-27T00:00:00.000Z,,excel-seed
seed-10-ocp-260-t-170,,,2026-05-20,白,,,10-ocp-260-t,10# OCP-260 T,U BOX 750mm,BRU53716,3/3,1267.89,253.58,5,1.7,1,265,35,75,0,837.89,0,0,55,0,207,3,0,,2026-06-27T00:00:00.000Z,,excel-seed
seed-10-ocp-260-t-171,,,2026-05-21,白,,,10-ocp-260-t,10# OCP-260 T,Cover EZ100 750mm 42w,BRU53723,3/3,756.8,151.36,5,2,1,170,20,20,0,516.8,0,0,20,10,125,0,0,,2026-06-27T00:00:00.000Z,,excel-seed
seed-10-ocp-260-t-172,,,2026-05-21,夜,,,10-ocp-260-t,10# OCP-260 T,U BOX 600mm,BRU53715,2/3,1425.7,285.14,5,1.7,1,595,0,5,0,765.7,0,0,60,0,786,0,0,,2026-06-27T00:00:00.000Z,,excel-seed
seed-10-ocp-260-t-173,,,2026-05-22,白,,,10-ocp-260-t,10# OCP-260 T,U BOX 600mm,BRU53715,2/3,1234.6,246.92,5,1.7,1,520,0,25,0,574.6,0,0,115,0,800,0,0,,2026-06-27T00:00:00.000Z,,excel-seed
seed-10-ocp-260-t-174,,,2026-05-22,夜,,,10-ocp-260-t,10# OCP-260 T,U BOX 750mm,BRU53716,2/3,192.74,38.55,5,1.7,1,60,20,25,0,87.74,0,0,0,0,93,0,0,,2026-06-27T00:00:00.000Z,,excel-seed
seed-10-ocp-260-t-175,,,2026-05-23,白,,,10-ocp-260-t,10# OCP-260 T,U BOX 600mm,BRU53715,3/3,915.74,183.15,5,1.7,1,305,0,30,0,495.74,0,0,55,30,319,0,0,,2026-06-27T00:00:00.000Z,,excel-seed
seed-10-ocp-260-t-176,,,2026-05-23,夜,,,10-ocp-260-t,10# OCP-260 T,U BOX 600mm,BRU53715,3/3,865.86,173.17,5,1.7,1,355,0,20,0,470.86,0,0,10,10,455,14,0,,2026-06-27T00:00:00.000Z,,excel-seed
seed-10-ocp-260-t-177,,,2026-05-24,白,,,10-ocp-260-t,10# OCP-260 T,Metal Box4-6WAY,NMS/BRU30887,2/5,1230.15,246.03,5,2.6,1,540,20,25,0,570.15,0,0,75,0,1379,1,0,,2026-06-27T00:00:00.000Z,,excel-seed
seed-10-ocp-260-t-178,,,2026-05-24,夜,,,10-ocp-260-t,10# OCP-260 T,Metal Box4-6WAY,NMS/BRU30887,2/5,1295.57,259.11,5,2.6,1,545,0,30,0,655.57,0,0,55,10,1178,0,0,,2026-06-27T00:00:00.000Z,,excel-seed
seed-10-ocp-260-t-179,,,2026-05-25,白,,,10-ocp-260-t,10# OCP-260 T,Cover EZ100 600mm 30w,BRU53721,3/3,638.41,127.68,5,2,1,205,65,35,0,313.41,0,0,20,0,399,1,0,,2026-06-27T00:00:00.000Z,,excel-seed
seed-10-ocp-260-t-180,,,2026-05-25,白,,,10-ocp-260-t,10# OCP-260 T,Cover EZ100 600mm 24w,BRU53720,3/3,602.5,120.5,5,2,1,220,0,25,0,302.5,0,0,55,0,320,0,0,,2026-06-27T00:00:00.000Z,,excel-seed
seed-10-ocp-260-t-181,,,2026-05-26,白,,,10-ocp-260-t,10# OCP-260 T,Cover EZ100 600mm 24w,BRU53720,3/3,760.24,152.05,5,2,1,270,45,25,0,400.24,0,0,20,0,425,6,0,,2026-06-27T00:00:00.000Z,,excel-seed
seed-10-ocp-260-t-182,,,2026-05-26,白,,,10-ocp-260-t,10# OCP-260 T,Cover EZ100 600mm 18w,BRU53719,2/2,617.3,123.46,5,1.7,1,260,0,15,0,287.3,0,0,55,0,400,1,0,,2026-06-27T00:00:00.000Z,,excel-seed
seed-10-ocp-260-t-183,,,2026-05-26,夜,,,10-ocp-260-t,10# OCP-260 T,Cover EZ100 600mm 18w,BRU53719,2/2,327.06,65.41,5,1.7,1,130,10,15,0,157.06,0,0,15,0,197,0,0,,2026-06-27T00:00:00.000Z,,excel-seed
seed-10-ocp-260-t-184,,,2026-05-28,白,,,10-ocp-260-t,10# OCP-260 T,U BOX 750mm,BRU53716,3/3,720,144,5,1.7,1,125,75,50,0,425,0,0,45,0,155,0,0,,2026-06-27T00:00:00.000Z,,excel-seed
seed-10-ocp-260-t-185,,,2026-05-28,夜,,,10-ocp-260-t,10# OCP-260 T,ACTIVE BRACKET UPPER,SB-092B-1-1,4/4,1120.87,224.17,5,4,1,115,45,65,0,870.87,0,0,25,0,206,0,0,,2026-06-27T00:00:00.000Z,,excel-seed
seed-10-ocp-260-t-186,,,2026-05-29,白,,,10-ocp-260-t,10# OCP-260 T,Upper Cup,SB-059C-2,3/4,981.3,196.26,5,5,1,375,10,40,0,501.3,0,0,55,0,1440,1,0,,2026-06-27T00:00:00.000Z,,excel-seed
seed-10-ocp-260-t-187,,,2026-05-29,夜,,,10-ocp-260-t,10# OCP-260 T,Upper Cup,SB-059C-2,3/4,973.51,194.7,5,5,1,425,0,30,0,493.51,0,0,25,0,1830,0,0,,2026-06-27T00:00:00.000Z,,excel-seed
seed-10-ocp-260-t-188,,,2026-05-31,白,,,10-ocp-260-t,10# OCP-260 T,BOX 2+10，10 WAY,NVE96528,3/3,1412.53,282.51,5,2.6,1,485,0,35,0,797.53,0,0,95,0,838,0,0,,2026-06-27T00:00:00.000Z,,excel-seed
seed-10-ocp-260-t-189,,,2026-06-01,白,,,10-ocp-260-t,10# OCP-260 T,Metal Cover 10-Way,NVE96526,4/4,842.58,168.52,5,2.6,1,305,10,15,0,462.58,0,0,50,0,540,0,0,,2026-06-27T00:00:00.000Z,,excel-seed
seed-10-ocp-260-t-190,,,2026-06-01,夜,,,10-ocp-260-t,10# OCP-260 T,Metal Cover 8 WAY,NMS/BRU30892,2/2,926.75,185.35,5,2.6,1,395,40,25,0,446.75,0,0,20,0,1000,0,0,,2026-06-27T00:00:00.000Z,,excel-seed
seed-10-ocp-260-t-191,,,2026-06-01,夜,,,10-ocp-260-t,10# OCP-260 T,Metal Cover 10-Way,NVE96526,4/4,419.44,83.89,5,2.6,1,145,5,15,0,209.44,0,0,45,0,270,0,0,,2026-06-27T00:00:00.000Z,,excel-seed
seed-10-ocp-260-t-192,,,2026-06-02,白,,,10-ocp-260-t,10# OCP-260 T,Metal Cover 10-Way,NVE96526,4/4,990.15,198.03,5,2.6,1,365,10,15,0,535.15,0,0,65,0,665,0,0,,2026-06-27T00:00:00.000Z,,excel-seed
seed-10-ocp-260-t-193,,,2026-06-02,白,,,10-ocp-260-t,10# OCP-260 T,Metal Box4-6WAY,NMS/BRU30887,3/5,249.62,49.92,5,2.6,1,115,0,10,0,114.62,0,0,10,0,300,0,0,,2026-06-27T00:00:00.000Z,,excel-seed
seed-10-ocp-260-t-194,,,2026-06-02,夜,,,10-ocp-260-t,10# OCP-260 T,Metal Box4-6WAY,NMS/BRU30887,3/5,900.77,180.15,5,2.6,1,420,0,15,0,420.77,0,0,30,15,1090,0,0,,2026-06-27T00:00:00.000Z,,excel-seed
seed-10-ocp-260-t-195,,,2026-06-03,白,,,10-ocp-260-t,10# OCP-260 T,LC 600 Flat Door,75170162,-,884.93,176.99,5,2.6,1,290,0,150,0,404.93,0,0,40,0,540,0,0,,2026-06-27T00:00:00.000Z,,excel-seed
seed-10-ocp-260-t-196,,,2026-06-03,夜,,,10-ocp-260-t,10# OCP-260 T,LC 600 Flat Door,75170162,-,1414.96,282.99,5,2.6,1,560,0,25,0,754.96,0,0,75,0,1080,0,0,,2026-06-27T00:00:00.000Z,,excel-seed
seed-10-ocp-260-t-197,,,2026-06-04,白,,,10-ocp-260-t,10# OCP-260 T,LC 600 Flat Door,75170162,-,1525.47,305.09,5,2.6,1,565,0,10,0,865.47,0,0,85,0,959,0,0,,2026-06-27T00:00:00.000Z,,excel-seed
seed-10-ocp-260-t-198,,,2026-06-04,夜,,,10-ocp-260-t,10# OCP-260 T,LC 600 Flat Door,75170162,-,1401,280.2,5,2.6,1,570,0,20,0,741,0,0,70,0,1140,0,0,,2026-06-27T00:00:00.000Z,,excel-seed
seed-10-ocp-260-t-199,,,2026-06-05,白,,,10-ocp-260-t,10# OCP-260 T,LC 600 Flat Door,75170162,-,434.41,86.88,5,2.6,1,140,10,25,0,229.41,0,0,30,0,238,0,0,,2026-06-27T00:00:00.000Z,,excel-seed
seed-10-ocp-260-t-200,,,2026-06-05,夜,,,10-ocp-260-t,10# OCP-260 T,Metal Cover 10-Way,NVE96526,4/4,241,48.2,5,2.6,1,40,35,10,0,156,0,0,0,0,50,0,0,,2026-06-27T00:00:00.000Z,,excel-seed
seed-10-ocp-260-t-201,,,2026-06-08,白,,,10-ocp-260-t,10# OCP-260 T,Resi Cover 4-Way,QGH11468,4/4,1102.63,220.53,5,2.6,1,380,25,25,0,442.63,0,0,85,145,904,0,0,,2026-06-27T00:00:00.000Z,,excel-seed
seed-10-ocp-260-t-202,,,2026-06-08,夜,,,10-ocp-260-t,10# OCP-260 T,Resi Cover 4-Way,QGH11468,4/4,1234.16,246.83,5,2.6,1,495,10,10,0,659.16,0,0,60,0,986,0,0,,2026-06-27T00:00:00.000Z,,excel-seed
seed-10-ocp-260-t-203,,,2026-06-08,夜,,,10-ocp-260-t,10# OCP-260 T,Resi Cover 4-Way,QGH11468,4/4,296.25,59.25,5,2.6,1,85,5,5,0,191.25,0,0,10,0,104,0,0,,2026-06-27T00:00:00.000Z,,excel-seed
seed-10-ocp-260-t-204,,,2026-06-09,白,,,10-ocp-260-t,10# OCP-260 T,Resi Cover 6-Way,NVE96519,4/4,711.25,142.25,5,2.6,1,305,10,15,0,341.25,0,0,40,0,732,0,0,,2026-06-27T00:00:00.000Z,,excel-seed
seed-10-ocp-260-t-205,,,2026-06-09,白,,,10-ocp-260-t,10# OCP-260 T,Metal Box8-10WAY,NMS/BRU30888,2/5,337.3,67.46,5,2.6,1,55,55,25,0,157.3,0,0,45,0,100,0,0,,2026-06-27T00:00:00.000Z,,excel-seed
seed-10-ocp-260-t-206,,,2026-06-09,夜,,,10-ocp-260-t,10# OCP-260 T,Metal Box8-10WAY,NMS/BRU30888,2/5,823.04,164.61,5,2.6,1,225,0,25,0,548.04,0,0,25,0,459,7,0,,2026-06-27T00:00:00.000Z,,excel-seed
seed-10-ocp-260-t-207,,,2026-06-10,白,,,10-ocp-260-t,10# OCP-260 T,Metal Box8-10WAY,NMS/BRU30888,2/5,835.94,167.19,5,2.6,1,370,0,45,0,355.94,0,0,65,0,1000,0,0,,2026-06-27T00:00:00.000Z,,excel-seed
seed-10-ocp-260-t-208,,,2026-06-10,夜,,,10-ocp-260-t,10# OCP-260 T,Metal Box8-10WAY,NMS/BRU30888,2/5,785.7,157.14,5,2.6,1,340,0,15,0,375.7,0,0,55,0,800,0,0,,2026-06-27T00:00:00.000Z,,excel-seed
seed-10-ocp-260-t-209,,,2026-06-12,白,,,10-ocp-260-t,10# OCP-260 T,Metal Box8-10WAY,NMS/BRU30888,2/5,1022.8,204.56,5,2.6,1,385,0,40,0,542.8,0,0,55,0,710,0,0,,2026-06-27T00:00:00.000Z,,excel-seed
seed-10-ocp-260-t-210,,,2026-06-13,白,,,10-ocp-260-t,10# OCP-260 T,Metal Box4-6WAY,NMS/BRU30887,2/5,384.63,76.93,5,2.6,1,85,40,15,0,144.63,0,0,30,70,191,0,0,,2026-06-27T00:00:00.000Z,,excel-seed
seed-10-ocp-260-t-211,,,2026-06-13,夜,,,10-ocp-260-t,10# OCP-260 T,Cover LUG100 600mm 30w,BRU53727,3/3,159.39,31.88,5,1.4,1,60,10,20,0,59.39,0,0,10,0,99,0,0,,2026-06-27T00:00:00.000Z,,excel-seed
seed-10-ocp-260-t-212,,,2026-06-13,夜,,,10-ocp-260-t,10# OCP-260 T,Cover EZ250 600mm 18w,BRU53731,2/2,97.5,19.5,5,1.7,1,25,15,15,0,42.5,0,0,0,0,40,0,0,,2026-06-27T00:00:00.000Z,,excel-seed
seed-10-ocp-260-t-213,,,2026-06-13,夜,,,10-ocp-260-t,10# OCP-260 T,Cover EZ250 600mm 12w,BRU53730,2/2,144.64,28.93,5,1.7,1,25,20,45,0,54.64,0,0,0,0,35,0,0,,2026-06-27T00:00:00.000Z,,excel-seed
seed-10-ocp-260-t-214,,,2026-06-13,夜,,,10-ocp-260-t,10# OCP-260 T,Cover EZ100 450mm 12w,BRU53718,2/2,324.7,64.94,5,1.7,1,130,10,15,0,154.7,0,0,15,0,200,0,0,,2026-06-27T00:00:00.000Z,,excel-seed
seed-10-ocp-260-t-215,,,2026-06-15,夜,,,10-ocp-260-t,10# OCP-260 T,Gland plate,BRU53717,3/3,210.66,42.13,5,1.7,1,110,15,5,0,65.66,0,0,15,0,356,0,0,,2026-06-27T00:00:00.000Z,,excel-seed
seed-10-ocp-260-t-216,,,2026-06-15,夜,,,10-ocp-260-t,10# OCP-260 T,Metal Box4-6WAY,NMS/BRU30887,4/5,844.58,168.92,5,2.6,1,345,10,10,0,424.58,0,0,45,10,750,0,0,,2026-06-27T00:00:00.000Z,,excel-seed
seed-10-ocp-260-t-217,,,2026-06-16,白,,,10-ocp-260-t,10# OCP-260 T,Metal Box4-6WAY,NMS/BRU30887,2/5,670.25,134.05,5,2.6,1,275,40,55,0,250.25,0,0,50,0,900,0,0,,2026-06-27T00:00:00.000Z,,excel-seed
seed-10-ocp-260-t-218,,,2026-06-16,夜,,,10-ocp-260-t,10# OCP-260 T,Metal Box4-6WAY,NMS/BRU30887,2/5,493.16,98.63,5,2.6,1,100,30,15,0,328.16,0,0,20,0,103,0,0,,2026-06-27T00:00:00.000Z,,excel-seed
seed-10-ocp-260-t-219,,,2026-06-16,夜,,,10-ocp-260-t,10# OCP-260 T,METAL COVER 4 WAY,NMS/BRU30890,2/2,1085.68,217.14,5,2.6,1,435,5,10,0,580.68,0,0,55,0,857,0,0,,2026-06-27T00:00:00.000Z,,excel-seed
seed-10-ocp-260-t-220,,,2026-06-17,白,,,10-ocp-260-t,10# OCP-260 T,METAL COVER 4 WAY,NMS/BRU30890,2/2,1198.82,239.76,5,2.6,1,525,0,45,0,538.82,0,0,90,0,1330,0,0,,2026-06-27T00:00:00.000Z,,excel-seed
seed-10-ocp-260-t-221,,,2026-06-17,夜,,,10-ocp-260-t,10# OCP-260 T,METAL COVER 4 WAY,NMS/BRU30890,2/2,240.33,48.07,5,2.6,1,70,40,20,0,95.33,0,0,15,0,210,0,0,,2026-06-27T00:00:00.000Z,,excel-seed
seed-10-ocp-260-t-222,,,2026-06-17,夜,,,10-ocp-260-t,10# OCP-260 T,Metal Box4-6WAY,NMS/BRU30887,5/5,590.89,118.18,5,2.6,1,285,10,35,0,245.89,0,0,15,0,889,0,0,,2026-06-27T00:00:00.000Z,,excel-seed
seed-10-ocp-260-t-223,,,2026-06-18,白,,,10-ocp-260-t,10# OCP-260 T,Upper Cup,SB-059C-2,3/4,1367.52,273.5,5,5,1,485,25,50,0,707.52,0,0,100,0,1748,0,0,,2026-06-27T00:00:00.000Z,,excel-seed
seed-10-ocp-260-t-224,,,2026-06-18,夜,,,10-ocp-260-t,10# OCP-260 T,Upper Cup,SB-059C-2,3/4,1502.62,300.52,5,5,1,550,0,35,0,842.62,0,0,75,0,1795,0,0,,2026-06-27T00:00:00.000Z,,excel-seed
seed-10-ocp-260-t-225,,,2026-06-19,白,,,10-ocp-260-t,10# OCP-260 T,Upper Cup,SB-059C-2,3/4,617.11,123.42,5,5,1,215,10,30,0,342.11,0,0,20,0,707,0,0,,2026-06-27T00:00:00.000Z,,excel-seed
seed-10-ocp-260-t-226,,,2026-06-19,夜,,,10-ocp-260-t,10# OCP-260 T,U BOX 900mm,BRU53771,2/2,483.68,96.74,5,1.7,1,80,0,5,0,393.68,0,0,5,0,38,4,0,,2026-06-27T00:00:00.000Z,,excel-seed
seed-10-ocp-260-t-227,,,2026-06-20,白,,,10-ocp-260-t,10# OCP-260 T,U BOX 900mm,BRU53771,2/2,702.25,140.45,5,1.7,1,130,20,15,0,497.25,0,0,40,0,100,3,0,,2026-06-27T00:00:00.000Z,,excel-seed
seed-10-ocp-260-t-228,,,2026-06-20,夜,,,10-ocp-260-t,10# OCP-260 T,Cover EZ250 750mm 30w,BRU53734,2/2,102.5,20.5,5,1.7,1,35,10,5,0,42.5,0,0,5,5,63,0,0,,2026-06-27T00:00:00.000Z,,excel-seed
seed-10-ocp-260-t-229,,,2026-06-20,夜,,,10-ocp-260-t,10# OCP-260 T,Cover EZ250 750mm 24w,BRU53732,2/2,226.67,45.33,5,1.7,1,30,45,5,0,141.67,0,0,0,5,27,0,0,,2026-06-27T00:00:00.000Z,,excel-seed
seed-10-ocp-260-t-230,,,2026-06-20,夜,,,10-ocp-260-t,10# OCP-260 T,Upper Cup,SB-059C-2,2/4,1245.43,249.09,5,5,1,365,0,5,0,825.43,0,0,50,0,807,0,0,,2026-06-27T00:00:00.000Z,,excel-seed
seed-10-ocp-260-t-231,,,2026-06-21,白,,,10-ocp-260-t,10# OCP-260 T,Upper Cup,SB-059C-2,3/4,938.59,187.72,5,5,1,265,15,155,0,458.59,0,0,45,0,809,0,0,,2026-06-27T00:00:00.000Z,,excel-seed
seed-10-ocp-260-t-232,,,2026-06-22,白,,,10-ocp-260-t,10# OCP-260 T,Cover LUG100 450mm 12w,BRU53724,2/3,450.83,90.17,5,1.7,1,55,10,45,0,270.83,0,0,70,0,145,0,0,,2026-06-27T00:00:00.000Z,,excel-seed
seed-10-ocp-260-t-233,,,2026-06-23,白,,,10-ocp-260-t,10# OCP-260 T,LC 600 Box,75170145,2/2,1171.95,234.39,5,2.6,1,355,45,130,0,581.95,0,0,50,10,682,0,0,,2026-06-27T00:00:00.000Z,,excel-seed
seed-10-ocp-260-t-234,,,2026-06-24,白,,,10-ocp-260-t,10# OCP-260 T,LC 600 Box,75170145,2/2,1041.85,208.37,5,2.6,1,150,0,140,0,671.85,0,0,75,5,238,0,0,,2026-06-27T00:00:00.000Z,,excel-seed
seed-10-ocp-260-t-235,,,2026-06-24,夜,,,10-ocp-260-t,10# OCP-260 T,LC 600 Box,75170145,2/2,1865.14,373.03,5,2.6,1,490,0,105,0,1205.14,0,0,65,0,518,0,0,,2026-06-27T00:00:00.000Z,,excel-seed
seed-10-ocp-260-t-236,,,2026-06-25,白,,,10-ocp-260-t,10# OCP-260 T,LC 600 Box,75170145,2/2,1550.32,310.06,5,2.6,1,405,0,190,0,890.32,0,0,65,0,479,0,0,,2026-06-27T00:00:00.000Z,,excel-seed
seed-10-ocp-260-t-237,,,2026-06-25,夜,,,10-ocp-260-t,10# OCP-260 T,LC 600 Box,75170145,2/2,1797.05,359.41,5,2.6,1,380,0,65,0,1272.05,0,0,80,0,400,1,0,,2026-06-27T00:00:00.000Z,,excel-seed
seed-10-ocp-260-t-238,,,2026-06-26,白,,,10-ocp-260-t,10# OCP-260 T,U BOX 600mm,BRU53715,2/3,767.34,153.47,5,1.7,1,330,0,40,0,347.34,0,0,50,0,533,0,0,,2026-06-27T00:00:00.000Z,,excel-seed
seed-10-ocp-260-t-239,,,2026-06-26,夜,,,10-ocp-260-t,10# OCP-260 T,U BOX 600mm,BRU53715,2/3,221.8,44.36,5,1.7,1,65,5,15,0,126.8,0,0,10,0,61,0,0,,2026-06-27T00:00:00.000Z,,excel-seed
seed-10-ocp-260-t-240,,,2026-06-26,夜,,,10-ocp-260-t,10# OCP-260 T,U BOX 600mm,BRU53715,2/3,1148.61,229.72,5,1.7,1,410,10,55,0,608.61,0,0,65,0,481,0,0,,2026-06-27T00:00:00.000Z,,excel-seed
seed-11-200t-1,,,2026-01-09,夜,,,11-200t,11# 200T,LC 600 Gland Plate,75170148,3/3,2938.24,587.65,5,20,1,330,0,5,0,2458.24,0,0,0,145,886,1,0,,2026-06-27T00:00:00.000Z,,excel-seed
seed-11-200t-2,,,2026-01-10,夜,,,11-200t,11# 200T,LC 600 Gland Plate,75170148,3/3,2585.54,517.11,5,20,1,315,10,25,0,2225.54,0,0,10,0,920,0,0,,2026-06-27T00:00:00.000Z,,excel-seed
seed-11-200t-3,,,2026-01-12,夜,,,11-200t,11# 200T,LC 600 Gland Plate,75170148,3/3,2611.58,522.32,5,20,1,225,0,10,0,2131.58,0,0,0,245,475,0,0,,2026-06-27T00:00:00.000Z,,excel-seed
seed-11-200t-4,,,2026-01-13,夜,,,11-200t,11# 200T,LC 600 Gland Plate,75170148,3/3,2892.14,578.43,5,20,1,250,0,5,0,2232.14,0,0,45,360,560,0,0,,2026-06-27T00:00:00.000Z,,excel-seed
seed-11-200t-5,,,2026-01-14,夜,,,11-200t,11# 200T,LC 600 Gland Plate,75170148,3/3,1225,245,5,20,1,120,0,5,0,800,0,0,0,300,360,0,0,,2026-06-27T00:00:00.000Z,,excel-seed
seed-11-200t-6,,,2026-01-15,白,,,11-200t,11# 200T,Metal Cover 8 WAY,NMS/BRU30892,2/2,1368.5,273.7,5,2.6,1,545,0,40,0,708.5,0,0,35,40,1090,0,0,,2026-06-27T00:00:00.000Z,,excel-seed
seed-11-200t-7,,,2026-01-15,夜,,,11-200t,11# 200T,Metal Cover 8 WAY,NMS/BRU30892,2/2,625.79,125.16,5,2.6,1,305,0,30,0,265.79,0,0,0,25,910,0,0,,2026-06-27T00:00:00.000Z,,excel-seed
seed-11-200t-8,,,2026-01-16,夜,,,11-200t,11# 200T,LC 600 Gland Plate,75170148,3/3,789.17,157.83,5,20,1,65,0,10,0,704.17,0,0,10,0,120,0,0,,2026-06-27T00:00:00.000Z,,excel-seed
seed-11-200t-9,,,2026-01-17,白,,,11-200t,11# 200T,LC 600 Gland Plate,75170148,3/3,7912.08,1582.42,5,20,1,590,0,5,0,7252.08,0,0,60,5,960,0,0,,2026-06-27T00:00:00.000Z,,excel-seed
seed-11-200t-10,,,2026-01-18,白,,,11-200t,11# 200T,LC 600 Gland Plate,75170148,3/3,4780.6,956.12,5,20,1,425,0,35,0,4300.6,0,0,20,0,840,0,0,,2026-06-27T00:00:00.000Z,,excel-seed
seed-11-200t-11,,,2026-01-20,夜,,,11-200t,11# 200T,LC 600 Gland Plate,75170148,3/3,2750.88,550.18,5,20,1,280,0,20,0,2305.88,0,0,50,95,680,0,0,,2026-06-27T00:00:00.000Z,,excel-seed
seed-11-200t-12,,,2026-01-21,白,,,11-200t,11# 200T,LC 600 Gland Plate,75170148,3/3,4190.11,838.02,5,20,1,375,0,10,0,3770.11,0,0,35,0,746,10,0,,2026-06-27T00:00:00.000Z,,excel-seed
seed-11-200t-13,,,2026-01-21,夜,,,11-200t,11# 200T,LC600 COVER,75170153,2/2,1480.24,296.05,5,2.6,1,500,30,50,0,820.24,0,0,40,40,840,0,0,,2026-06-27T00:00:00.000Z,,excel-seed
seed-11-200t-14,,,2026-01-23,白,,,11-200t,11# 200T,LC600 COVER,75170153,2/2,454.62,90.92,5,2.6,1,130,0,10,0,274.62,0,0,40,0,160,0,0,,2026-06-27T00:00:00.000Z,,excel-seed
seed-11-200t-15,,,2026-01-24,白,,,11-200t,11# 200T,Metal Box4-6WAY,NMS/BRU30887,2/5,460.95,92.19,5,2.6,1,165,0,60,0,235.95,0,0,0,0,300,0,0,,2026-06-27T00:00:00.000Z,,excel-seed
seed-11-200t-16,,,2026-01-26,夜,,,11-200t,11# 200T,Metal Box4-6WAY,NMS/BRU30887,2/5,1414.22,282.84,5,2.6,1,590,0,25,0,754.22,0,0,45,0,1200,0,0,,2026-06-27T00:00:00.000Z,,excel-seed
seed-11-200t-17,,,2026-01-27,白,,,11-200t,11# 200T,ACTIVE BRACKET UPPER,SB-092B-1-1,3/4,684.63,136.93,5,2.8,1,165,60,225,0,204.63,0,0,30,0,508,0,0,,2026-06-27T00:00:00.000Z,,excel-seed
seed-11-200t-18,,,2026-01-27,夜,,,11-200t,11# 200T,Metal Box4-6WAY,NMS/BRU30887,2/5,1486.1,297.22,5,2.6,1,605,0,15,0,826.1,0,0,40,0,1152,0,0,,2026-06-27T00:00:00.000Z,,excel-seed
seed-11-200t-19,,,2026-01-28,白,,,11-200t,11# 200T,Metal Box4-6WAY,NMS/BRU30887,3/5,841.03,168.21,5,2.6,1,360,45,30,0,361.03,0,0,45,0,1050,0,0,,2026-06-27T00:00:00.000Z,,excel-seed
seed-11-200t-20,,,2026-01-28,夜,,,11-200t,11# 200T,Metal Box8-10WAY,NMS/BRU30888,3/5,1237.47,247.49,5,2.6,1,380,80,10,0,757.47,0,0,10,0,600,0,0,,2026-06-27T00:00:00.000Z,,excel-seed
seed-11-200t-21,,,2026-01-29,白,,,11-200t,11# 200T,Metal Box8-10WAY,NMS/BRU30888,3/5,434.95,86.99,5,2.6,1,170,20,25,0,209.95,0,0,10,0,400,0,0,,2026-06-27T00:00:00.000Z,,excel-seed
seed-11-200t-22,,,2026-01-29,白,,,11-200t,11# 200T,Metal Box4-6WAY,NMS/BRU30887,2/5,1018.62,203.72,5,2.6,1,470,0,25,0,478.62,0,0,45,0,1200,0,0,,2026-06-27T00:00:00.000Z,,excel-seed
seed-11-200t-23,,,2026-01-29,夜,,,11-200t,11# 200T,Metal Box4-6WAY,NMS/BRU30887,3/5,394.55,78.91,5,2.6,1,180,0,0,0,209.55,0,0,0,5,402,0,0,,2026-06-27T00:00:00.000Z,,excel-seed
seed-11-200t-24,,,2026-01-30,白,,,11-200t,11# 200T,LC600 COVER,75170153,2/2,988.98,197.8,5,2.6,1,195,25,40,0,583.98,0,0,0,145,191,0,0,,2026-06-27T00:00:00.000Z,,excel-seed
seed-11-200t-25,,,2026-01-31,夜,,,11-200t,11# 200T,Metal Box 14 WAY,NMS/BRU30889,2/5,764.04,152.81,5,2.6,1,295,0,20,0,404.04,0,0,45,0,560,4,0,,2026-06-27T00:00:00.000Z,,excel-seed
seed-11-200t-26,,,2026-02-02,夜,,,11-200t,11# 200T,Metal Box 14 WAY,NMS/BRU30889,3/5,1552.36,310.47,5,2.6,1,620,0,5,0,892.36,0,0,35,0,1120,3,0,,2026-06-27T00:00:00.000Z,,excel-seed
seed-11-200t-27,,,2026-02-03,白,,,11-200t,11# 200T,Upper Cup,SB-059C-2,2/4,1365.13,273.03,5,5.2,1,460,5,30,0,825.13,0,0,45,0,1348,4,0,,2026-06-27T00:00:00.000Z,,excel-seed
seed-11-200t-28,,,2026-02-04,夜,,,11-200t,11# 200T,Upper Cup,SB-059C-2,2/4,1307.02,261.4,5,5.2,1,400,0,10,0,837.02,0,0,60,0,994,0,0,,2026-06-27T00:00:00.000Z,,excel-seed
seed-11-200t-29,,,2026-02-05,白,,,11-200t,11# 200T,Upper Cup,SB-059C-2,2/4,1721.78,344.36,5,5.2,1,485,0,40,0,1061.78,0,0,55,80,1152,0,0,,2026-06-27T00:00:00.000Z,,excel-seed
seed-11-200t-30,,,2026-02-05,夜,,,11-200t,11# 200T,Upper Cup,SB-059C-2,2/4,1027.57,205.51,5,5.2,1,360,0,10,0,572.57,0,0,30,55,1177,0,0,,2026-06-27T00:00:00.000Z,,excel-seed
seed-11-200t-31,,,2026-02-06,白,,,11-200t,11# 200T,LC600 COVER,75170153,2/2,418.08,83.62,5,2.6,1,95,20,35,0,168.08,0,0,0,100,169,0,0,,2026-06-27T00:00:00.000Z,,excel-seed
seed-11-200t-32,,,2026-02-06,白,,,11-200t,11# 200T,Passive Bracket Assembly,SB-042E-2-2,-,805.26,161.05,5,3.2,1,225,15,20,0,505.26,0,0,40,0,342,0,0,,2026-06-27T00:00:00.000Z,,excel-seed
seed-11-200t-33,,,2026-02-06,夜,,,11-200t,11# 200T,Passive Bracket Assembly,SB-042E-2-2,-,1716.34,343.27,5,3.2,1,560,0,25,0,1056.34,0,0,75,0,950,0,0,,2026-06-27T00:00:00.000Z,,excel-seed
seed-11-200t-34,,,2026-02-07,白,,,11-200t,11# 200T,Passive Bracket Assembly,SB-042E-2-2,-,1495.69,299.14,5,3.2,1,535,0,25,0,835.69,0,0,100,0,1096,0,0,,2026-06-27T00:00:00.000Z,,excel-seed
seed-11-200t-35,,,2026-02-07,夜,,,11-200t,11# 200T,Passive Bracket Assembly,SB-042E-2-2,-,1699.68,339.94,5,3.2,1,570,0,20,0,1039.68,0,0,70,0,1000,0,0,,2026-06-27T00:00:00.000Z,,excel-seed
seed-11-200t-36,,,2026-02-09,白,,,11-200t,11# 200T,Passive Bracket Assembly,SB-042E-2-2,-,1248.12,249.62,5,3.2,1,395,0,20,0,768.12,0,0,55,10,650,0,0,,2026-06-27T00:00:00.000Z,,excel-seed
seed-11-200t-37,,,2026-02-10,白,,,11-200t,11# 200T,LC600 COVER,75170153,2/2,1096.85,219.37,5,2.6,1,440,0,0,0,626.85,0,0,30,0,803,3,0,,2026-06-27T00:00:00.000Z,,excel-seed
seed-11-200t-38,,,2026-02-10,夜,,,11-200t,11# 200T,LC600 COVER,75170153,2/2,1461.23,292.25,5,2.6,1,430,0,40,0,801.23,0,0,65,125,600,0,0,,2026-06-27T00:00:00.000Z,,excel-seed
seed-11-200t-39,,,2026-02-11,白,,,11-200t,11# 200T,Metal Box4-6WAY,NMS/BRU30887,2/5,1584.86,316.97,5,2.6,1,415,155,10,0,924.86,0,0,80,0,665,1,0,,2026-06-27T00:00:00.000Z,,excel-seed
seed-11-200t-40,,,2026-02-11,夜,,,11-200t,11# 200T,Metal Box4-6WAY,NMS/BRU30887,2/5,1604.07,320.81,5,2.6,1,595,0,15,0,944.07,0,0,50,0,975,0,0,,2026-06-27T00:00:00.000Z,,excel-seed
seed-11-200t-41,,,2026-02-12,白,,,11-200t,11# 200T,Metal Box4-6WAY,NMS/BRU30887,3/5,467.44,93.49,5,2.6,1,210,20,25,0,167.44,0,0,45,0,750,0,0,,2026-06-27T00:00:00.000Z,,excel-seed
seed-11-200t-42,,,2026-02-12,夜,,,11-200t,11# 200T,Metal Box4-6WAY,NMS/BRU30887,3/5,1592.57,318.51,5,2.6,1,565,0,5,0,932.57,0,0,55,35,890,0,0,,2026-06-27T00:00:00.000Z,,excel-seed
seed-11-200t-43,,,2026-02-13,白,,,11-200t,11# 200T,Metal Box4-6WAY,NMS/BRU30887,3/5,1446.5,289.3,5,2.6,1,550,0,15,0,786.5,0,0,95,0,1000,0,0,,2026-06-27T00:00:00.000Z,,excel-seed
seed-11-200t-44,,,2026-02-14,白,,,11-200t,11# 200T,Metal Box8-10WAY,NMS/BRU30888,3/5,1286.48,257.3,5,2.6,1,440,135,10,0,626.48,0,0,75,0,1050,0,0,,2026-06-27T00:00:00.000Z,,excel-seed
seed-11-200t-45,,,2026-02-16,白,,,11-200t,11# 200T,Gland plate,BRU53717,2/3,652.16,130.43,5,1.7,1,260,100,40,0,212.16,0,0,40,0,750,0,0,,2026-06-27T00:00:00.000Z,,excel-seed
seed-11-200t-46,,,2026-02-16,白,,,11-200t,11# 200T,Gland plate,BRU53717,3/3,480.73,96.15,5,1.7,1,230,30,40,0,135.73,0,0,45,0,749,1,0,,2026-06-27T00:00:00.000Z,,excel-seed
seed-11-200t-47,,,2026-02-20,白,,,11-200t,11# 200T,ACTIVE BRACKET UPPER,SB-092B-1-1,3/4,289.17,57.83,5,2.8,1,125,0,25,0,104.17,0,0,35,0,420,0,0,,2026-06-27T00:00:00.000Z,,excel-seed
seed-11-200t-48,,,2026-02-20,白,,,11-200t,11# 200T,ACTIVE BRACKET UPPER,SB-092B-1-1,2/4,628.09,125.62,5,2.8,1,200,70,55,0,268.09,0,0,35,0,564,0,0,,2026-06-27T00:00:00.000Z,,excel-seed
seed-11-200t-49,,,2026-02-21,夜,,,11-200t,11# 200T,ACTIVE BRACKET UPPER,SB-092B-1-1,3/4,715.28,143.06,5,2.8,1,110,0,35,0,235.28,0,0,25,310,144,0,0,,2026-06-27T00:00:00.000Z,,excel-seed
seed-11-200t-50,,,2026-02-21,夜,,,11-200t,11# 200T,BRKT (FE),SB-104A-1-1,2/3,1094.4,218.88,5,5,1,230,30,25,0,644.4,0,0,55,110,464,0,0,,2026-06-27T00:00:00.000Z,,excel-seed
seed-11-200t-51,,,2026-02-23,白,,,11-200t,11# 200T,BRKT (FE),SB-104A-1-1,2/3,3766.67,753.33,5,30,1,170,120,140,0,3286.67,0,0,50,0,450,0,0,,2026-06-27T00:00:00.000Z,,excel-seed
seed-11-200t-52,,,2026-02-23,夜,,,11-200t,11# 200T,ACTIVE BRACKET UPPER,SB-092B-1-1,3/4,955.91,191.18,5,2.8,1,370,0,20,0,530.91,0,0,35,0,722,0,0,,2026-06-27T00:00:00.000Z,,excel-seed
seed-11-200t-53,,,2026-02-24,白,,,11-200t,11# 200T,Upper Cup,SB-059C-2,2/4,1016.64,203.33,5,5.2,1,290,0,60,0,611.64,0,0,55,0,715,0,0,,2026-06-27T00:00:00.000Z,,excel-seed
seed-11-200t-54,,,2026-02-24,夜,,,11-200t,11# 200T,Upper Cup,SB-059C-2,2/4,1845.69,369.14,5,5.2,1,565,0,30,0,1185.69,0,0,65,0,1400,0,0,,2026-06-27T00:00:00.000Z,,excel-seed
seed-11-200t-55,,,2026-02-25,夜,,,11-200t,11# 200T,Upper Cup,SB-059C-2,2/4,1702.79,340.56,5,5.2,1,555,0,25,0,1042.79,0,0,80,0,1536,0,0,,2026-06-27T00:00:00.000Z,,excel-seed
seed-11-200t-56,,,2026-02-26,白,,,11-200t,11# 200T,Upper Cup,SB-059C-2,2/4,1250.26,250.05,5,5.2,1,435,0,35,0,590.26,0,0,85,105,1667,0,0,,2026-06-27T00:00:00.000Z,,excel-seed
seed-11-200t-57,,,2026-02-26,夜,,,11-200t,11# 200T,Passive Bracket Assembly,SB-042E-2-2,-,1466.67,293.33,5,3.2,1,550,0,25,0,806.67,0,0,85,0,1200,2,0,,2026-06-27T00:00:00.000Z,,excel-seed
seed-11-200t-58,,,2026-02-27,白,,,11-200t,11# 200T,Passive Bracket Assembly,SB-042E-2-2,-,1134.13,226.83,5,3.2,1,335,0,20,0,654.13,0,0,70,55,549,1,0,,2026-06-27T00:00:00.000Z,,excel-seed
seed-11-200t-59,,,2026-02-28,夜,,,11-200t,11# 200T,Metal Box8-10WAY,NMS/BRU30888,3/5,1615.14,323.03,5,2.6,1,575,0,5,0,955.14,0,0,80,0,900,0,0,,2026-06-27T00:00:00.000Z,,excel-seed
seed-11-200t-60,,,2026-03-02,白,,,11-200t,11# 200T,Metal Box8-10WAY,NMS/BRU30888,3/5,752.52,150.5,5,2.6,1,225,0,30,0,272.52,0,0,30,195,483,0,0,,2026-06-27T00:00:00.000Z,,excel-seed
seed-11-200t-61,,,2026-03-02,白,,,11-200t,11# 200T,LC 600 Gland Plate,75170148,3/3,2276.74,455.35,5,20,1,255,5,40,0,1921.74,0,0,55,0,690,0,0,,2026-06-27T00:00:00.000Z,,excel-seed
seed-11-200t-62,,,2026-03-02,夜,,,11-200t,11# 200T,LC 600 Gland Plate,75170148,3/3,742.22,148.44,5,20,1,55,0,5,0,672.22,0,0,10,0,90,0,0,,2026-06-27T00:00:00.000Z,,excel-seed
seed-11-200t-63,,,2026-03-03,白,,,11-200t,11# 200T,LC 600 Gland Plate,75170148,3/3,2286.25,457.25,5,20,1,255,0,25,0,1806.25,0,0,65,135,720,0,0,,2026-06-27T00:00:00.000Z,,excel-seed
seed-11-200t-64,,,2026-03-03,白,,,11-200t,11# 200T,ACTIVE BRACKET UPPER,SB-092B-1-1,3/4,408.51,81.7,5,2.8,1,115,10,25,0,123.51,0,0,45,90,365,0,0,,2026-06-27T00:00:00.000Z,,excel-seed
seed-11-200t-65,,,2026-03-04,白,,,11-200t,11# 200T,LC600 COVER,75170153,2/2,817.04,163.41,5,2.6,1,140,30,35,0,487.04,0,0,30,95,284,0,0,,2026-06-27T00:00:00.000Z,,excel-seed
seed-11-200t-66,,,2026-03-05,白,,,11-200t,11# 200T,LC600 COVER,75170153,2/2,238.12,47.62,5,2.6,1,75,10,25,0,93.12,0,0,30,5,178,0,0,,2026-06-27T00:00:00.000Z,,excel-seed
seed-11-200t-67,,,2026-03-05,夜,,,11-200t,11# 200T,Metal Cover 4 WAY,NMS/BRU30890,2/2,984.55,196.91,5,2.6,1,440,0,5,0,469.55,0,0,70,0,1072,0,0,,2026-06-27T00:00:00.000Z,,excel-seed
seed-11-200t-68,,,2026-03-06,夜,,,11-200t,11# 200T,BRKT (FE),SB-104A-1-1,2/3,1878.82,375.76,5,30,1,155,0,0,0,1608.82,0,0,20,95,448,0,0,,2026-06-27T00:00:00.000Z,,excel-seed
seed-11-200t-69,,,2026-03-09,白,,,11-200t,11# 200T,Passive Bracket Assembly,SB-042E-2-2,-,704.61,140.92,5,3.2,1,210,35,20,0,399.61,0,0,30,10,412,0,0,,2026-06-27T00:00:00.000Z,,excel-seed
seed-11-200t-70,,,2026-03-10,白,,,11-200t,11# 200T,Door 450mm,BRU53743,-,2458.12,491.62,5,20,1,135,0,5,0,2278.12,0,0,40,0,160,0,0,,2026-06-27T00:00:00.000Z,,excel-seed
seed-11-200t-71,,,2026-03-10,夜,,,11-200t,11# 200T,Door 450mm,BRU53743,-,6926.35,1385.27,5,20,1,545,0,35,0,6266.35,0,0,80,0,948,0,0,,2026-06-27T00:00:00.000Z,,excel-seed
seed-11-200t-72,,,2026-03-11,夜,,,11-200t,11# 200T,METAL COVER 6WAY,NMS/BRU30891,2/2,927.71,185.54,5,2.6,1,415,0,25,0,412.71,0,0,75,0,1085,0,0,,2026-06-27T00:00:00.000Z,,excel-seed
seed-11-200t-73,,,2026-03-12,白,,,11-200t,11# 200T,METAL COVER 6WAY,NMS/BRU30891,2/2,479.27,95.85,5,2.6,1,130,10,25,0,149.27,0,0,60,105,317,0,0,,2026-06-27T00:00:00.000Z,,excel-seed
seed-11-200t-74,,,2026-03-12,夜,,,11-200t,11# 200T,Metal Cover 8 WAY,NMS/BRU30892,2/2,308.53,61.71,5,2.6,1,75,0,5,0,43.53,0,0,20,165,336,0,0,,2026-06-27T00:00:00.000Z,,excel-seed
seed-11-200t-75,,,2026-03-13,白,,,11-200t,11# 200T,BRKT (FE),SB-104A-1-1,2/3,2910,582,5,30,1,320,10,40,0,2475,0,0,65,0,1280,0,0,,2026-06-27T00:00:00.000Z,,excel-seed
seed-11-200t-76,,,2026-03-13,夜,,,11-200t,11# 200T,BRKT (FE),SB-104A-1-1,2/3,1251.43,250.29,5,30,1,30,0,25,0,771.43,0,0,40,385,35,0,0,,2026-06-27T00:00:00.000Z,,excel-seed
seed-11-200t-77,,,2026-03-16,白,,,11-200t,11# 200T,LC 600 Gland Plate,75170148,3/3,1710,342,5,20,1,135,100,20,0,1410,0,0,45,0,450,0,0,,2026-06-27T00:00:00.000Z,,excel-seed
seed-11-200t-78,,,2026-03-16,夜,,,11-200t,11# 200T,LC 600 Gland Plate,75170148,3/3,5730.72,1146.14,5,20,1,490,40,0,0,5120.72,0,0,80,0,1110,0,0,,2026-06-27T00:00:00.000Z,,excel-seed
seed-11-200t-79,,,2026-03-17,白,,,11-200t,11# 200T,LC 600 Gland Plate,75170148,3/3,1616.11,323.22,5,20,1,185,10,45,0,1336.11,0,0,40,0,540,0,0,,2026-06-27T00:00:00.000Z,,excel-seed
seed-11-200t-80,,,2026-03-17,白,,,11-200t,11# 200T,ACTIVE BRACKET UPPER,SB-092B-1-1,3/4,709.33,141.87,5,2.8,1,240,50,60,0,309.33,0,0,50,0,630,0,0,,2026-06-27T00:00:00.000Z,,excel-seed
seed-11-200t-81,,,2026-03-17,夜,,,11-200t,11# 200T,ACTIVE BRACKET UPPER,SB-092B-1-1,3/4,1235.03,247.01,5,2.8,1,110,275,55,0,765.03,0,0,30,0,155,0,0,,2026-06-27T00:00:00.000Z,,excel-seed
seed-11-200t-82,,,2026-03-17,夜,,,11-200t,11# 200T,LC 600 Gland Plate,75170148,3/3,3532.22,706.44,5,20,1,355,30,45,0,3037.22,0,0,65,0,900,0,0,,2026-06-27T00:00:00.000Z,,excel-seed
seed-11-200t-83,,,2026-03-18,白,,,11-200t,11# 200T,LC 600 Gland Plate,75170148,3/3,2396.5,479.3,5,20,1,305,10,105,0,1921.5,0,0,55,0,1000,0,0,,2026-06-27T00:00:00.000Z,,excel-seed
seed-11-200t-84,,,2026-03-18,白,,,11-200t,11# 200T,LC600 FLAT DOOR,75170162,2/2,316.5,63.3,5,2.6,1,90,15,30,0,136.5,0,0,45,0,180,0,0,,2026-06-27T00:00:00.000Z,,excel-seed
seed-11-200t-85,,,2026-03-18,夜,,,11-200t,11# 200T,LC600 FLAT DOOR,75170162,2/2,1598.46,319.69,5,2.6,1,575,0,20,0,938.46,0,0,65,0,916,3,0,,2026-06-27T00:00:00.000Z,,excel-seed
seed-11-200t-86,,,2026-03-19,白,,,11-200t,11# 200T,LC600 FLAT DOOR,75170162,2/2,1364.44,272.89,5,2.6,1,510,0,25,0,704.44,0,0,125,0,960,0,0,,2026-06-27T00:00:00.000Z,,excel-seed
seed-11-200t-87,,,2026-03-19,夜,,,11-200t,11# 200T,LC600 FLAT DOOR,75170162,2/2,1574.49,314.9,5,2.6,1,575,0,25,0,914.49,0,0,60,0,940,1,0,,2026-06-27T00:00:00.000Z,,excel-seed
seed-11-200t-88,,,2026-03-21,白,,,11-200t,11# 200T,LC600 COVER,75170153,2/2,833.85,166.77,5,2.6,1,270,0,50,0,473.85,0,0,35,5,400,0,0,,2026-06-27T00:00:00.000Z,,excel-seed
seed-11-200t-89,,,2026-03-21,夜,,,11-200t,11# 200T,Upper Cup,SB-059C-2,2/4,1894.01,378.8,5,5.2,1,550,45,0,0,1234.01,0,0,65,0,1379,0,0,,2026-06-27T00:00:00.000Z,,excel-seed
seed-11-200t-90,,,2026-03-23,白,,,11-200t,11# 200T,Upper Cup,SB-059C-2,2/4,1055.47,211.09,5,5.2,1,260,135,40,0,575.47,0,0,45,0,928,0,0,,2026-06-27T00:00:00.000Z,,excel-seed
seed-11-200t-91,,,2026-03-24,白,,,11-200t,11# 200T,Passive Bracket Assembly,SB-042E-2-2,-,1040.18,208.04,5,3.2,1,360,65,0,0,560.18,0,0,55,0,874,0,0,,2026-06-27T00:00:00.000Z,,excel-seed
seed-11-200t-92,,,2026-03-24,白,,,11-200t,11# 200T,ACTIVE BRACKET UPPER,SB-092B-1-1,3/4,450.62,90.12,5,2.8,1,195,40,15,0,170.62,0,0,30,0,752,0,0,,2026-06-27T00:00:00.000Z,,excel-seed
seed-11-200t-93,,,2026-03-25,白,,,11-200t,11# 200T,Passive Bracket Assembly,SB-042E-2-2,-,1407.63,281.53,5,3.2,1,480,55,30,0,782.63,0,0,60,0,1050,0,0,,2026-06-27T00:00:00.000Z,,excel-seed
seed-11-200t-94,,,2026-03-26,白,,,11-200t,11# 200T,Passive Bracket Assembly,SB-042E-2-2,-,1240.38,248.08,5,3.2,1,500,0,55,0,615.38,0,0,70,0,1300,1,0,,2026-06-27T00:00:00.000Z,,excel-seed
seed-11-200t-95,,,2026-03-26,夜,,,11-200t,11# 200T,Passive Bracket Assembly,SB-042E-2-2,-,1383.76,276.75,5,3.2,1,510,0,35,0,723.76,0,0,115,0,1150,0,0,,2026-06-27T00:00:00.000Z,,excel-seed
seed-11-200t-96,,,2026-03-27,白,,,11-200t,11# 200T,Passive Bracket Assembly,SB-042E-2-2,-,772.83,154.57,5,3.2,1,295,0,25,0,292.83,0,0,50,110,951,0,0,,2026-06-27T00:00:00.000Z,,excel-seed
seed-11-200t-97,,,2026-04-01,夜,,,11-200t,11# 200T,LC600 COVER,75170154,2/3,890.58,178.12,5,2.6,1,280,10,30,0,555.58,0,0,15,0,380,0,0,,2026-06-27T00:00:00.000Z,,excel-seed
seed-11-200t-98,,,2026-04-02,白,,,11-200t,11# 200T,Upper Cup,SB-059C-2,2/4,909.62,181.92,5,5.2,1,315,15,35,0,489.62,0,0,55,0,1104,0,0,,2026-06-27T00:00:00.000Z,,excel-seed
seed-11-200t-99,,,2026-04-02,夜,,,11-200t,11# 200T,Upper Cup,SB-059C-2,2/4,1515.77,303.15,5,5.2,1,575,0,10,0,855.77,0,0,75,0,2009,0,0,,2026-06-27T00:00:00.000Z,,excel-seed
seed-11-200t-100,,,2026-04-03,白,,,11-200t,11# 200T,Upper Cup,SB-059C-2,2/4,1134.32,226.86,5,5.2,1,230,165,40,0,654.32,0,0,45,0,722,0,0,,2026-06-27T00:00:00.000Z,,excel-seed
seed-11-200t-101,,,2026-04-03,白,,,11-200t,11# 200T,Gland plate,BRU53717,2/3,711.16,142.23,5,1.7,1,245,50,70,0,291.16,0,0,55,0,422,0,0,,2026-06-27T00:00:00.000Z,,excel-seed
seed-11-200t-102,,,2026-04-03,夜,,,11-200t,11# 200T,Gland plate,BRU53717,2/3,1698.21,339.64,5,1.7,1,570,0,20,0,1038.21,0,0,70,0,532,0,0,,2026-06-27T00:00:00.000Z,,excel-seed
seed-11-200t-103,,,2026-04-04,白,,,11-200t,11# 200T,Gland plate,BRU53717,2/3,862.96,172.59,5,1.7,1,435,0,15,0,382.96,0,0,30,0,840,0,0,,2026-06-27T00:00:00.000Z,,excel-seed
seed-11-200t-104,,,2026-04-04,夜,,,11-200t,11# 200T,Gland plate,BRU53717,3/3,1011.55,202.31,5,1.7,1,410,125,0,0,411.55,0,0,65,0,923,0,0,,2026-06-27T00:00:00.000Z,,excel-seed
seed-11-200t-105,,,2026-04-05,白,,,11-200t,11# 200T,Gland plate,BRU53717,2/3,1018.76,203.75,5,1.7,1,560,0,35,0,358.76,0,0,65,0,1486,0,0,,2026-06-27T00:00:00.000Z,,excel-seed
seed-11-200t-106,,,2026-04-06,白,,,11-200t,11# 200T,Gland plate,BRU53717,2/3,1099.39,219.88,5,1.7,1,555,0,15,0,439.39,0,90,0,0,1385,0,0,,2026-06-27T00:00:00.000Z,,excel-seed
seed-11-200t-107,,,2026-04-06,夜,,,11-200t,11# 200T,Gland plate,BRU53717,3/3,889.58,177.92,5,1.7,1,550,0,15,0,229.58,0,0,95,0,2240,0,0,,2026-06-27T00:00:00.000Z,,excel-seed
seed-11-200t-108,,,2026-04-07,白,,,11-200t,11# 200T,Gland plate,BRU53717,3/3,423.95,84.79,5,1.7,1,230,10,15,0,148.95,0,0,20,0,630,0,0,,2026-06-27T00:00:00.000Z,,excel-seed
seed-11-200t-109,,,2026-04-07,白,,,11-200t,11# 200T,Gland plate,BRU53717,2/3,354.11,70.82,5,1.7,1,170,30,10,0,134.11,0,0,10,0,431,0,0,,2026-06-27T00:00:00.000Z,,excel-seed
seed-11-200t-110,,,2026-04-07,白,,,11-200t,11# 200T,Gland plate,BRU53717,3/3,246.66,49.33,5,1.7,1,130,0,10,0,66.66,0,0,40,0,431,0,0,,2026-06-27T00:00:00.000Z,,excel-seed
seed-11-200t-111,,,2026-04-08,白,,,11-200t,11# 200T,Door 450mm,BRU53743,-,9856.15,1971.23,5,20,1,420,5,15,0,9321.15,0,0,80,15,383,0,0,,2026-06-27T00:00:00.000Z,,excel-seed
seed-11-200t-112,,,2026-04-09,白,,,11-200t,11# 200T,Door 600mm,BRU53744,-,5472.44,1094.49,5,3,1,565,0,20,0,4812.44,0,0,75,0,199,0,0,,2026-06-27T00:00:00.000Z,,excel-seed
seed-11-200t-113,,,2026-04-09,夜,,,11-200t,11# 200T,Door 600mm,BRU53744,-,310.1,62.02,5,3,1,80,0,30,0,190.1,0,0,10,0,101,0,0,,2026-06-27T00:00:00.000Z,,excel-seed
seed-11-200t-114,,,2026-04-10,白,,,11-200t,11# 200T,Cover EZ100 750mm 36w,BRU53722,2/2,4708.75,941.75,5,25,1,110,85,20,0,4468.75,0,0,15,10,120,0,0,,2026-06-27T00:00:00.000Z,,excel-seed
seed-11-200t-115,,,2026-04-16,白,,,11-200t,11# 200T,Upper Cup,SB-059C-2,2/4,1226.03,245.21,5,5.2,1,425,0,5,0,746.03,0,0,50,0,1259,0,0,,2026-06-27T00:00:00.000Z,,excel-seed
seed-11-200t-116,,,2026-04-17,白,,,11-200t,11# 200T,Upper Cup,SB-059C-2,2/4,723.85,144.77,5,5.2,1,240,5,30,0,418.85,0,0,30,0,730,0,0,,2026-06-27T00:00:00.000Z,,excel-seed
seed-11-200t-117,,,2026-04-17,白,,,11-200t,11# 200T,BRACKET,SB-068C-1-1,2/2,360.42,72.08,5,5,1,95,0,70,0,150.42,0,0,45,0,300,0,0,,2026-06-27T00:00:00.000Z,,excel-seed
seed-11-200t-118,,,2026-04-18,白,,,11-200t,11# 200T,LC 600 Gland Plate,75170148,3/3,2562.5,512.5,5,20,1,255,0,15,0,2167.5,0,0,45,80,600,0,0,,2026-06-27T00:00:00.000Z,,excel-seed
seed-11-200t-119,,,2026-04-20,白,,,11-200t,11# 200T,LC 600 Gland Plate,75170148,3/3,4193.33,838.67,5,20,1,530,0,30,0,3533.33,0,0,100,0,1590,0,0,,2026-06-27T00:00:00.000Z,,excel-seed
seed-11-200t-120,,,2026-04-21,白,,,11-200t,11# 200T,LC 600 Gland Plate,75170148,3/3,3998.18,799.64,5,20,1,225,205,10,0,3518.18,0,0,40,0,550,0,0,,2026-06-27T00:00:00.000Z,,excel-seed
seed-11-200t-121,,,2026-04-21,白,,,11-200t,11# 200T,LC600 COVER,75170152,2/2,1073.61,214.72,5,2.6,1,265,25,15,0,713.61,0,0,55,0,280,1,0,,2026-06-27T00:00:00.000Z,,excel-seed
seed-11-200t-122,,,2026-04-21,夜,,,11-200t,11# 200T,LC600 COVER,75170152,2/2,4582.15,916.43,5,2.6,1,580,0,15,0,3922.15,0,0,65,0,223,0,0,,2026-06-27T00:00:00.000Z,,excel-seed
seed-11-200t-123,,,2026-04-22,白,,,11-200t,11# 200T,BRACKET,SB-068C-1-1,2/2,1245.34,249.07,5,5,1,410,60,25,0,645.34,0,0,105,0,1493,0,0,,2026-06-27T00:00:00.000Z,,excel-seed
seed-11-200t-124,,,2026-04-23,白,,,11-200t,11# 200T,ACTIVE BRACKET UPPER,SB-092B-1-1,3/4,624.5,124.9,5,2.8,1,85,0,10,0,144.5,0,0,45,340,140,0,0,,2026-06-27T00:00:00.000Z,,excel-seed
seed-11-200t-125,,,2026-04-24,白,,,11-200t,11# 200T,ACTIVE BRACKET UPPER,SB-092B-1-1,3/4,885.34,177.07,5,2.8,1,210,185,55,0,405.34,0,0,30,0,573,0,0,,2026-06-27T00:00:00.000Z,,excel-seed
seed-11-200t-126,,,2026-04-24,白,,,11-200t,11# 200T,LC600 COVER,75170155,2/2,1112.5,222.5,5,2.6,1,125,75,40,0,812.5,0,0,60,0,80,0,0,,2026-06-27T00:00:00.000Z,,excel-seed
seed-11-200t-127,,,2026-04-25,白,,,11-200t,11# 200T,LC600 COVER,75170155,2/2,1515.94,303.19,5,2.6,1,300,125,15,0,1035.94,0,0,40,0,320,0,0,,2026-06-27T00:00:00.000Z,,excel-seed
seed-11-200t-128,,,2026-04-27,白,,,11-200t,11# 200T,LC 600 Gland Plate,75170148,3/3,4989.62,997.92,5,20,1,545,25,20,0,4329.62,0,0,70,0,1435,0,0,,2026-06-27T00:00:00.000Z,,excel-seed
seed-11-200t-129,,,2026-04-27,夜,,,11-200t,11# 200T,LC 600 Gland Plate,75170148,3/3,2146.39,429.28,5,20,1,185,0,15,0,1901.39,0,0,15,30,360,0,0,,2026-06-27T00:00:00.000Z,,excel-seed
seed-11-200t-130,,,2026-04-28,白,,,11-200t,11# 200T,LC600 FLAT DOOR,75170162,2/2,1427.26,285.45,5,2.6,1,435,105,35,0,767.26,0,0,85,0,796,2,0,,2026-06-27T00:00:00.000Z,,excel-seed
seed-11-200t-131,,,2026-04-28,夜,,,11-200t,11# 200T,LC600 FLAT DOOR,75170162,2/2,1584.57,316.91,5,2.6,1,580,0,15,0,924.57,0,0,65,0,946,0,0,,2026-06-27T00:00:00.000Z,,excel-seed
seed-11-200t-132,,,2026-04-29,白,,,11-200t,11# 200T,LC600 FLAT DOOR,75170162,2/2,1225.82,245.16,5,2.6,1,545,30,15,0,565.82,0,0,70,0,1440,0,0,,2026-06-27T00:00:00.000Z,,excel-seed
seed-11-200t-133,,,2026-04-29,夜,,,11-200t,11# 200T,Resi Box Bracket,NVE96549,2/4,1622.97,324.59,5,2.6,1,585,0,10,0,962.97,0,0,65,0,924,36,0,,2026-06-27T00:00:00.000Z,,excel-seed
seed-11-200t-134,,,2026-04-30,白,,,11-200t,11# 200T,Resi Box Bracket,NVE96549,2/4,577.23,115.45,5,2.6,1,175,100,55,0,217.23,0,0,30,0,576,37,0,,2026-06-27T00:00:00.000Z,,excel-seed
seed-11-200t-135,,,2026-04-30,夜,,,11-200t,11# 200T,LC600 FLAT DOOR,75170162,2/2,1571.08,314.22,5,2.6,1,580,0,10,0,911.08,0,0,70,0,960,0,0,,2026-06-27T00:00:00.000Z,,excel-seed
seed-11-200t-136,,,2026-05-02,白,,,11-200t,11# 200T,LC600 FLAT DOOR,75170162,2/2,349.72,69.94,5,2.6,1,45,50,15,0,209.72,0,0,30,0,53,0,0,,2026-06-27T00:00:00.000Z,,excel-seed
seed-11-200t-137,,,2026-05-02,白,,,11-200t,11# 200T,LC 600 Gland Plate,75170148,3/3,6010.48,1202.1,5,20,1,530,0,60,0,5350.48,0,0,70,0,1050,0,0,,2026-06-27T00:00:00.000Z,,excel-seed
seed-11-200t-138,,,2026-05-04,白,,,11-200t,11# 200T,LC 600 Gland Plate,75170148,3/3,3176,635.2,5,20,1,320,10,10,0,2816,0,0,15,5,750,0,0,,2026-06-27T00:00:00.000Z,,excel-seed
seed-11-200t-139,,,2026-05-04,夜,,,11-200t,11# 200T,Metal Cover 10-Way,NVE96526,3/4,770.93,154.19,5,2.6,1,380,0,5,0,365.93,0,0,20,0,1026,0,0,,2026-06-27T00:00:00.000Z,,excel-seed
seed-11-200t-140,,,2026-05-05,白,,,11-200t,11# 200T,BOX 2+10，10 WAY,NVE96528,2/3,414.05,82.81,5,2.6,1,175,0,15,0,214.05,0,0,10,0,372,0,0,,2026-06-27T00:00:00.000Z,,excel-seed
seed-11-200t-141,,,2026-05-05,白,,,11-200t,11# 200T,Metal Box 14WAY,NMS/BRU30889,3/5,218.86,43.77,5,2.6,1,80,0,15,0,118.86,0,0,5,0,140,0,0,,2026-06-27T00:00:00.000Z,,excel-seed
seed-11-200t-142,,,2026-05-05,夜,,,11-200t,11# 200T,Metal Box 14WAY,NMS/BRU30889,3/5,1333,266.6,5,2.6,1,555,0,40,0,673,0,0,65,0,1190,0,0,,2026-06-27T00:00:00.000Z,,excel-seed
seed-11-200t-143,,,2026-05-06,白,,,11-200t,11# 200T,Metal Box 14WAY,NMS/BRU30889,3/5,498.43,99.69,5,2.6,1,235,10,10,0,223.43,0,0,20,0,670,0,0,,2026-06-27T00:00:00.000Z,,excel-seed
seed-11-200t-144,,,2026-05-06,白,,,11-200t,11# 200T,Resi Box Bracket,NVE96549,4/4,524.49,104.9,5,2.6,1,235,10,10,0,249.49,0,0,20,0,600,0,0,,2026-06-27T00:00:00.000Z,,excel-seed
seed-11-200t-145,,,2026-05-07,白,,,11-200t,11# 200T,LC 600 Gland Plate,75170148,3/3,5940.81,1188.16,5,20,1,565,0,25,0,5280.81,0,0,70,0,1209,0,0,,2026-06-27T00:00:00.000Z,,excel-seed
seed-11-200t-146,,,2026-05-08,白,,,11-200t,11# 200T,Metal Box4-6WAY,NMS/BRU30887,2/5,951.79,190.36,5,2.6,1,335,0,115,0,291.79,0,0,65,145,1000,0,0,,2026-06-27T00:00:00.000Z,,excel-seed
seed-11-200t-147,,,2026-05-08,夜,,,11-200t,11# 200T,Metal Box4-6WAY,NMS/BRU30887,2/5,303.51,60.7,5,2.6,1,85,10,25,0,173.51,0,0,10,0,121,0,0,,2026-06-27T00:00:00.000Z,,excel-seed
seed-11-200t-148,,,2026-05-11,白,,,11-200t,11# 200T,METAL COVER 10WAY,NMS/BRU30893,2/2,276.73,55.35,5,2.6,1,125,0,10,0,96.73,0,0,45,0,420,0,0,,2026-06-27T00:00:00.000Z,,excel-seed
seed-11-200t-149,,,2026-05-11,夜,,,11-200t,11# 200T,METAL COVER 10WAY,NMS/BRU30893,2/2,447.22,89.44,5,2.6,1,215,0,15,0,207.22,0,0,10,0,580,0,0,,2026-06-27T00:00:00.000Z,,excel-seed
seed-11-200t-150,,,2026-05-12,白,,,11-200t,11# 200T,METAL COVER 6WAY,NMS/BRU30891,2/2,675.58,135.12,5,2.6,1,235,85,60,0,255.58,0,0,40,0,765,5,0,,2026-06-27T00:00:00.000Z,,excel-seed
seed-11-200t-151,,,2026-05-12,夜,,,11-200t,11# 200T,Passive Bracket Assembly,SB-042E-2-2,-,1249.44,249.89,5,3.2,1,410,85,45,0,649.44,0,0,50,10,1000,0,0,,2026-06-27T00:00:00.000Z,,excel-seed
seed-11-200t-152,,,2026-05-13,白,,,11-200t,11# 200T,METAL COVER 6WAY,NMS/BRU30891,2/2,655.27,131.05,5,2.6,1,270,10,75,0,255.27,0,0,45,0,770,0,0,,2026-06-27T00:00:00.000Z,,excel-seed
seed-11-200t-153,,,2026-05-14,白,,,11-200t,11# 200T,Metal Box4-6WAY,NMS/BRU30887,3/5,1023.23,204.65,5,2.6,1,410,50,15,0,363.23,0,0,65,120,1350,0,0,,2026-06-27T00:00:00.000Z,,excel-seed
seed-11-200t-154,,,2026-05-14,夜,,,11-200t,11# 200T,LC 600 Gland Plate,75170148,3/3,5669.47,1133.89,5,20,1,575,0,15,0,5009.47,0,0,70,0,1320,0,0,,2026-06-27T00:00:00.000Z,,excel-seed
seed-11-200t-155,,,2026-05-15,白,,,11-200t,11# 200T,Passive Bracket Assembly,SB-042E-2-2,-,1008.91,201.78,5,3.2,1,355,75,140,0,348.91,0,0,90,0,1400,0,0,,2026-06-27T00:00:00.000Z,,excel-seed
seed-11-200t-156,,,2026-05-15,夜,,,11-200t,11# 200T,Passive Bracket Assembly,SB-042E-2-2,-,1305.33,261.07,5,3.2,1,550,0,50,0,645.33,0,0,60,0,1500,0,0,,2026-06-27T00:00:00.000Z,,excel-seed
seed-11-200t-157,,,2026-05-16,白,,,11-200t,11# 200T,Passive Bracket Assembly,SB-042E-2-2,-,1024.98,205,5,3.2,1,390,10,70,0,474.98,0,0,80,0,1051,0,0,,2026-06-27T00:00:00.000Z,,excel-seed
seed-11-200t-158,,,2026-05-16,夜,,,11-200t,11# 200T,Metal Box4-6WAY,NMS/BRU30887,3/5,372.17,74.43,5,2.6,1,195,0,25,0,132.17,0,0,20,0,748,0,0,,2026-06-27T00:00:00.000Z,,excel-seed
seed-11-200t-159,,,2026-05-18,白,,,11-200t,11# 200T,BRACKET,SB-068C-1-1,2/2,722.92,144.58,5,5,1,195,140,15,0,362.92,0,0,10,0,900,0,0,,2026-06-27T00:00:00.000Z,,excel-seed
seed-11-200t-160,,,2026-05-18,白,,,11-200t,11# 200T,Cover EZ100 750mm 36w,BRU53722,3/3,6673.68,1334.74,5,25,1,270,45,55,0,6253.68,0,0,50,0,340,0,0,,2026-06-27T00:00:00.000Z,,excel-seed
seed-11-200t-161,,,2026-05-19,白,,,11-200t,11# 200T,BRACKET,SB-068C-1-1,2/2,1343.45,268.69,5,5,1,475,85,35,0,683.45,0,0,65,0,1946,0,0,,2026-06-27T00:00:00.000Z,,excel-seed
seed-11-200t-162,,,2026-05-19,夜,,,11-200t,11# 200T,BRACKET,SB-068C-1-1,2/2,331.43,66.29,5,5,1,115,10,80,0,111.43,0,0,15,0,645,0,0,,2026-06-27T00:00:00.000Z,,excel-seed
seed-11-200t-163,,,2026-05-20,白,,,11-200t,11# 200T,Metal Box4-6WAY,NMS/BRU30887,3/5,668.57,133.71,5,2.6,1,115,100,15,0,428.57,0,0,10,0,150,0,0,,2026-06-27T00:00:00.000Z,,excel-seed
seed-11-200t-164,,,2026-05-20,白,,,11-200t,11# 200T,Cover EZ100 750mm 42w,BRU53723,2/3,1042.78,208.56,5,1.7,1,190,90,35,0,717.78,0,0,10,0,126,0,0,,2026-06-27T00:00:00.000Z,,excel-seed
seed-11-200t-165,,,2026-05-20,夜,,,11-200t,11# 200T,Door 600mm,BRU53744,-,2013.75,402.75,5,3,1,570,0,25,0,1353.75,0,0,65,0,720,0,0,,2026-06-27T00:00:00.000Z,,excel-seed
seed-11-200t-166,,,2026-05-21,白,,,11-200t,11# 200T,Door 600mm,BRU53744,-,1963.7,392.74,5,3,1,550,0,20,0,1303.7,0,90,0,0,810,0,0,,2026-06-27T00:00:00.000Z,,excel-seed
seed-11-200t-167,,,2026-05-21,夜,,,11-200t,11# 200T,Door 600mm,BRU53744,-,846.06,169.21,5,3,1,200,0,25,0,606.06,0,0,15,0,198,0,0,,2026-06-27T00:00:00.000Z,,excel-seed
seed-11-200t-168,,,2026-05-22,白,,,11-200t,11# 200T,Passive Bracket Assembly,SB-042E-2-2,-,1041.18,208.24,5,3.2,1,370,0,70,0,511.18,0,0,50,40,857,5,0,,2026-06-27T00:00:00.000Z,,excel-seed
seed-11-200t-169,,,2026-05-22,夜,,,11-200t,11# 200T,Passive Bracket Assembly,SB-042E-2-2,-,572.5,114.5,5,3.2,1,240,0,30,0,182.5,0,0,10,110,1010,0,0,,2026-06-27T00:00:00.000Z,,excel-seed
seed-11-200t-170,,,2026-05-23,白,,,11-200t,11# 200T,Cover EZ100 600mm 30w,BRU53721,2/3,1265.96,253.19,5,1.7,1,405,0,35,0,765.96,0,0,60,0,400,0,0,,2026-06-27T00:00:00.000Z,,excel-seed
seed-11-200t-171,,,2026-05-23,夜,,,11-200t,11# 200T,Cover EZ100 600mm 24w,BRU53720,2/3,1876.46,375.29,5,1.7,1,535,0,25,0,1216.46,0,0,100,0,400,0,0,,2026-06-27T00:00:00.000Z,,excel-seed
seed-11-200t-172,,,2026-05-24,白,,,11-200t,11# 200T,Cover EZ100 600mm 24w,BRU53720,2/3,796.66,159.33,5,1.7,1,290,20,20,0,436.66,0,0,30,0,350,0,0,,2026-06-27T00:00:00.000Z,,excel-seed
seed-11-200t-173,,,2026-05-24,白,,,11-200t,11# 200T,Metal Box4-6WAY,NMS/BRU30887,3/5,498.57,99.72,5,2.6,1,195,40,15,0,198.57,0,0,50,0,600,0,0,,2026-06-27T00:00:00.000Z,,excel-seed
seed-11-200t-174,,,2026-05-24,夜,,,11-200t,11# 200T,Metal Box4-6WAY,NMS/BRU30887,3/5,1213.32,242.66,5,2.6,1,565,0,20,0,553.32,0,0,75,0,1500,0,0,,2026-06-27T00:00:00.000Z,,excel-seed
seed-11-200t-175,,,2026-05-25,白,,,11-200t,11# 200T,Metal Box4-6WAY,NMS/BRU30887,3/5,392.1,78.42,5,2.6,1,135,60,15,0,152.1,0,0,30,0,450,0,0,,2026-06-27T00:00:00.000Z,,excel-seed
seed-11-200t-176,,,2026-05-25,白,,,11-200t,11# 200T,Passive Bracket Assembly,SB-042E-2-2,-,678.4,135.68,5,3.2,1,110,45,35,60,378.4,0,0,50,0,200,0,0,,2026-06-27T00:00:00.000Z,,excel-seed
seed-11-200t-177,,,2026-05-25,白,,,11-200t,11# 200T,Metal Cover 8 WAY,NMS/BRU30892,2/2,351.54,70.31,5,2.6,1,110,85,35,0,111.54,0,0,10,0,500,0,0,,2026-06-27T00:00:00.000Z,,excel-seed
seed-11-200t-178,,,2026-05-25,夜,,,11-200t,11# 200T,Passive Bracket Assembly,SB-042E-2-2,-,1158.82,231.76,5,3.2,1,530,45,20,0,498.82,0,0,55,10,1955,0,0,,2026-06-27T00:00:00.000Z,,excel-seed
seed-11-200t-179,,,2026-05-26,白,,,11-200t,11# 200T,Gland plate,BRU53717,3/3,504.7,100.94,5,1.7,1,220,105,15,0,144.7,0,0,20,0,840,0,0,,2026-06-27T00:00:00.000Z,,excel-seed
seed-11-200t-180,,,2026-05-26,白,,,11-200t,11# 200T,Door 600mm,BRU53744,-,828.61,165.72,5,3,1,130,95,20,0,528.61,0,0,55,0,166,0,0,,2026-06-27T00:00:00.000Z,,excel-seed
seed-11-200t-181,,,2026-05-26,夜,,,11-200t,11# 200T,Metal Box4-6WAY,NMS/BRU30887,2/5,2582.67,516.53,5,2.6,1,515,45,35,0,1922.67,0,0,65,0,390,0,0,,2026-06-27T00:00:00.000Z,,excel-seed
seed-11-200t-182,,,2026-05-27,夜,,,11-200t,11# 200T,ACTIVE BRACKET UPPER,SB-092B-1-1,2/4,1198.34,239.67,5,2.8,1,490,35,65,0,538.34,0,0,70,0,1338,0,0,,2026-06-27T00:00:00.000Z,,excel-seed
seed-11-200t-183,,,2026-05-28,白,,,11-200t,11# 200T,ACTIVE BRACKET UPPER,SB-092B-1-1,2/4,365.31,73.06,5,2.8,1,100,45,60,0,125.31,0,0,35,0,324,0,0,,2026-06-27T00:00:00.000Z,,excel-seed
seed-11-200t-184,,,2026-05-28,夜,,,11-200t,11# 200T,ACTIVE BRACKET UPPER,SB-092B-1-1,3/4,1000.12,200.02,5,2.8,1,475,25,45,0,400.12,0,0,55,0,1662,0,0,,2026-06-27T00:00:00.000Z,,excel-seed
seed-11-200t-185,,,2026-05-29,白,,,11-200t,11# 200T,Upper Cup,SB-059C-2,2/4,1272.32,254.46,5,5.2,1,445,80,35,0,612.32,0,0,100,0,1984,0,0,,2026-06-27T00:00:00.000Z,,excel-seed
seed-11-200t-186,,,2026-05-29,夜,,,11-200t,11# 200T,Upper Cup,SB-059C-2,2/4,923.92,184.78,5,5.2,1,315,30,0,0,443.92,0,0,15,120,1273,0,0,,2026-06-27T00:00:00.000Z,,excel-seed
seed-11-200t-187,,,2026-05-30,白,,,11-200t,11# 200T,Passive Bracket Assembly,SB-042E-2-2,-,1341.33,268.27,5,3.2,1,365,120,75,40,681.33,0,0,60,0,900,0,0,,2026-06-27T00:00:00.000Z,,excel-seed
seed-11-200t-188,,,2026-05-30,夜,,,11-200t,11# 200T,BOX 2+10，10 WAY,NVE96528,2/3,1073.55,214.71,5,2.6,1,520,0,30,0,413.55,0,0,110,0,1700,8,0,,2026-06-27T00:00:00.000Z,,excel-seed
seed-11-200t-189,,,2026-05-31,白,,,11-200t,11# 200T,Metal Cover 10-Way,NVE96526,2/4,1103.62,220.72,5,2.6,1,405,50,130,0,443.63,0,0,75,0,1080,0,0,,2026-06-27T00:00:00.000Z,,excel-seed
seed-11-200t-190,,,2026-06-01,白,,,11-200t,11# 200T,Metal Cover 10-Way,NVE96526,3/4,786,157.2,5,2.6,1,355,0,25,0,346,0,0,60,0,947,0,0,,2026-06-27T00:00:00.000Z,,excel-seed
seed-11-200t-191,,,2026-06-01,白,,,11-200t,11# 200T,Metal Cover 10-Way,NVE96526,2/4,301.12,60.22,5,2.6,1,135,10,20,0,111.12,0,0,25,0,458,0,0,,2026-06-27T00:00:00.000Z,,excel-seed
seed-11-200t-192,,,2026-06-01,夜,,,11-200t,11# 200T,Metal Cover 10-Way,NVE96526,3/4,425.51,85.1,5,2.6,1,205,0,15,0,185.51,0,0,20,0,589,0,0,,2026-06-27T00:00:00.000Z,,excel-seed
seed-11-200t-193,,,2026-06-01,夜,,,11-200t,11# 200T,Metal Cover 10-Way,NVE96526,3/4,785.65,157.13,5,2.6,1,270,40,50,0,375.65,0,0,50,0,598,2,0,,2026-06-27T00:00:00.000Z,,excel-seed
seed-11-200t-194,,,2026-06-02,白,,,11-200t,11# 200T,Metal Box4-6WAY,NMS/BRU30887,2/5,322.33,64.47,5,2.6,1,125,0,75,0,102.33,0,0,20,0,397,0,0,,2026-06-27T00:00:00.000Z,,excel-seed
seed-11-200t-195,,,2026-06-02,夜,,,11-200t,11# 200T,Metal Box4-6WAY,NMS/BRU30887,2/5,735.23,147.05,5,2.6,1,295,0,35,0,375.23,0,0,30,0,603,0,0,,2026-06-27T00:00:00.000Z,,excel-seed
seed-11-200t-196,,,2026-06-03,白,,,11-200t,11# 200T,LC600 COVER,75170154,2/3,1031.33,206.27,5,2.6,1,410,0,10,0,546.33,0,0,65,0,800,0,0,,2026-06-27T00:00:00.000Z,,excel-seed
seed-11-200t-197,,,2026-06-03,夜,,,11-200t,11# 200T,LC600 COVER,75170154,2/3,466.42,93.28,5,2.6,1,110,80,35,0,226.42,0,0,15,0,240,0,0,,2026-06-27T00:00:00.000Z,,excel-seed
seed-11-200t-198,,,2026-06-04,白,,,11-200t,11# 200T,LC600 COVER,75170154,2/3,175.91,35.18,5,2.6,1,60,10,25,0,70.91,0,0,10,0,154,0,0,,2026-06-27T00:00:00.000Z,,excel-seed
seed-11-200t-199,,,2026-06-04,白,,,11-200t,11# 200T,Resi Cover 6-Way,NVE96519,2/4,528.62,105.72,5,2.6,1,255,15,15,0,213.62,0,0,30,0,838,0,0,,2026-06-27T00:00:00.000Z,,excel-seed
seed-11-200t-200,,,2026-06-04,白,,,11-200t,11# 200T,Resi Cover 6-Way,NVE96519,3/4,406.65,81.33,5,2.6,1,115,40,35,0,171.65,0,0,45,0,270,0,0,,2026-06-27T00:00:00.000Z,,excel-seed
seed-11-200t-201,,,2026-06-04,夜,,,11-200t,11# 200T,Resi Cover 6-Way,NVE96519,3/4,216.48,43.3,5,2.6,1,75,20,15,0,96.48,0,0,10,0,192,0,0,,2026-06-27T00:00:00.000Z,,excel-seed
seed-11-200t-202,,,2026-06-04,夜,,,11-200t,11# 200T,Resi Cover 4-Way,QGH11468,2/4,727.75,145.55,5,2.6,1,295,30,45,0,307.75,0,0,50,0,810,0,0,,2026-06-27T00:00:00.000Z,,excel-seed
seed-11-200t-203,,,2026-06-05,白,,,11-200t,11# 200T,Resi Cover 4-Way,QGH11468,2/4,847.84,169.57,5,2.6,1,375,40,20,0,367.84,0,0,45,0,1100,0,0,,2026-06-27T00:00:00.000Z,,excel-seed
seed-11-200t-204,,,2026-06-05,白,,,11-200t,11# 200T,Resi Cover 4-Way,QGH11468,3/4,320.35,64.07,5,2.6,1,120,10,10,0,140.35,0,0,40,0,289,0,0,,2026-06-27T00:00:00.000Z,,excel-seed
seed-11-200t-205,,,2026-06-05,夜,,,11-200t,11# 200T,Resi Cover 4-Way,QGH11468,3/4,1263.97,252.79,5,2.6,1,560,0,10,0,603.97,0,0,90,0,1350,0,0,,2026-06-27T00:00:00.000Z,,excel-seed
seed-11-200t-206,,,2026-06-08,白,,,11-200t,11# 200T,Resi Cover 4-Way,QGH11468,3/4,250,50,5,2.6,1,95,10,10,0,95,0,0,40,0,273,0,0,,2026-06-27T00:00:00.000Z,,excel-seed
seed-11-200t-207,,,2026-06-08,白,,,11-200t,11# 200T,Resi Cover 6-Way,NVE96519,3/4,495.89,99.18,5,2.6,1,140,35,15,0,165.89,0,0,45,95,384,0,0,,2026-06-27T00:00:00.000Z,,excel-seed
seed-11-200t-208,,,2026-06-08,夜,,,11-200t,11# 200T,Resi Box Bracket,NVE96549,2/4,1284.74,256.95,5,2.6,1,580,0,15,0,624.74,0,0,65,0,1400,2,0,,2026-06-27T00:00:00.000Z,,excel-seed
seed-11-200t-209,,,2026-06-09,白,,,11-200t,11# 200T,Resi Box Bracket,NVE96549,2/4,1144.48,228.9,5,2.6,1,545,0,25,0,484.48,0,0,90,0,1594,17,0,,2026-06-27T00:00:00.000Z,,excel-seed
seed-11-200t-210,,,2026-06-09,夜,,,11-200t,11# 200T,Metal Box8-10WAY,NMS/BRU30888,3/5,1295.68,259.14,5,2.6,1,465,20,25,0,725.68,0,0,60,0,858,0,0,,2026-06-27T00:00:00.000Z,,excel-seed
seed-11-200t-211,,,2026-06-10,夜,,,11-200t,11# 200T,Metal Box8-10WAY,NMS/BRU30888,3/5,780.56,156.11,5,2.6,1,340,0,10,0,300.56,0,0,45,85,1000,0,0,,2026-06-27T00:00:00.000Z,,excel-seed
seed-11-200t-212,,,2026-06-10,夜,,,11-200t,11# 200T,Metal Box8-10WAY,NMS/BRU30888,3/5,793.91,158.78,5,2.6,1,195,100,75,0,373.91,0,0,50,0,400,0,0,,2026-06-27T00:00:00.000Z,,excel-seed
seed-11-200t-213,,,2026-06-11,白,,,11-200t,11# 200T,Metal Box8-10WAY,NMS/BRU30888,3/5,487.16,97.43,5,2.6,1,195,0,20,0,247.16,0,0,25,0,400,0,0,,2026-06-27T00:00:00.000Z,,excel-seed
seed-11-200t-214,,,2026-06-12,白,,,11-200t,11# 200T,Metal Box8-10WAY,NMS/BRU30888,3/5,896.61,179.32,5,2.6,1,360,0,10,0,476.61,0,0,50,0,707,3,0,,2026-06-27T00:00:00.000Z,,excel-seed
seed-11-200t-215,,,2026-06-13,白,,,11-200t,11# 200T,METAL COVER 6WAY,NMS/BRU30891,2/2,669.97,133.99,5,2.6,1,270,70,10,0,309.97,0,0,10,0,770,0,0,,2026-06-27T00:00:00.000Z,,excel-seed
seed-11-200t-216,,,2026-06-13,夜,,,11-200t,11# 200T,Cover LUG100 600mm 30w,BRU53727,2/3,853.03,170.61,5,1.7,1,170,40,15,0,613.03,0,0,15,0,99,0,0,,2026-06-27T00:00:00.000Z,,excel-seed
seed-11-200t-217,,,2026-06-15,白,,,11-200t,11# 200T,Metal Box4-6WAY,NMS/BRU30887,2/5,638.8,127.76,5,2.6,1,125,70,35,0,388.8,0,0,20,0,163,1,0,,2026-06-27T00:00:00.000Z,,excel-seed
seed-11-200t-218,,,2026-06-15,白,,,11-200t,11# 200T,Gland plate,BRU53717,2/3,315.28,63.06,5,1.7,1,140,10,30,0,100.28,0,0,35,0,356,0,0,,2026-06-27T00:00:00.000Z,,excel-seed
seed-11-200t-219,,,2026-06-15,夜,,,11-200t,11# 200T,Metal Box4-6WAY,NMS/BRU30887,2/5,1730.11,346.02,5,2.6,1,455,0,50,0,1070.11,0,0,155,0,503,0,0,,2026-06-27T00:00:00.000Z,,excel-seed
seed-11-200t-220,,,2026-06-16,白,,,11-200t,11# 200T,Metal Box4-6WAY,NMS/BRU30887,3/5,507.15,101.43,5,2.6,1,105,10,55,0,327.15,0,0,10,0,121,0,0,,2026-06-27T00:00:00.000Z,,excel-seed
seed-11-200t-221,,,2026-06-17,白,,,11-200t,11# 200T,Metal Box4-6WAY,NMS/BRU30887,5/5,513.97,102.79,5,2.6,1,85,65,25,0,273.97,0,0,65,0,121,0,0,,2026-06-27T00:00:00.000Z,,excel-seed
seed-11-200t-222,,,2026-06-17,白,,,11-200t,11# 200T,Metal Box4-6WAY,NMS/BRU30887,3/5,363.08,72.62,5,2.6,1,130,0,10,0,183.08,0,0,40,0,240,0,0,,2026-06-27T00:00:00.000Z,,excel-seed
seed-11-200t-223,,,2026-06-17,夜,,,11-200t,11# 200T,Metal Box4-6WAY,NMS/BRU30887,3/5,634.4,126.88,5,2.6,1,275,10,10,0,319.4,0,0,20,0,638,0,0,,2026-06-27T00:00:00.000Z,,excel-seed
seed-11-200t-224,,,2026-06-17,夜,,,11-200t,11# 200T,Upper Cup,SB-059C-2,2/4,829.75,165.95,5,5.2,1,140,5,5,0,659.75,0,0,20,0,160,0,0,,2026-06-27T00:00:00.000Z,,excel-seed
seed-11-200t-225,,,2026-06-18,白,,,11-200t,11# 200T,Upper Cup,SB-059C-2,2/4,1230.75,246.15,5,5.2,1,465,0,75,0,570.75,0,0,120,0,1970,3,0,,2026-06-27T00:00:00.000Z,,excel-seed
seed-11-200t-226,,,2026-06-18,夜,,,11-200t,11# 200T,Upper Cup,SB-059C-2,2/4,1600.69,320.14,5,5.2,1,570,0,20,0,940.69,0,0,70,0,1796,0,0,,2026-06-27T00:00:00.000Z,,excel-seed
seed-11-200t-227,,,2026-06-19,白,,,11-200t,11# 200T,Upper Cup,SB-059C-2,2/4,332.09,66.42,5,5.2,1,95,10,35,0,162.09,0,0,30,0,320,0,0,,2026-06-27T00:00:00.000Z,,excel-seed
seed-11-200t-228,,,2026-06-19,白,,,11-200t,11# 200T,Gland plate,BRU53717,2/3,678.25,135.65,5,1.7,1,295,55,90,0,193.25,0,0,45,0,1051,2,0,,2026-06-27T00:00:00.000Z,,excel-seed
seed-11-200t-229,,,2026-06-19,夜,,,11-200t,11# 200T,Gland plate,BRU53717,2/3,990.62,198.12,5,1.7,1,575,0,20,0,330.62,0,0,65,0,1700,0,0,,2026-06-27T00:00:00.000Z,,excel-seed
seed-11-200t-230,,,2026-06-20,白,,,11-200t,11# 200T,Gland plate,BRU53717,2/3,935.61,187.12,5,1.7,1,565,0,20,0,275.61,0,0,75,0,1969,4,0,,2026-06-27T00:00:00.000Z,,excel-seed
seed-11-200t-231,,,2026-06-20,夜,,,11-200t,11# 200T,Gland plate,BRU53717,2/3,153.37,30.67,5,1.7,1,80,5,10,0,48.37,0,0,10,0,239,0,0,,2026-06-27T00:00:00.000Z,,excel-seed
seed-11-200t-232,,,2026-06-21,白,,,11-200t,11# 200T,Metal Box4-6WAY,NMS/BRU30887,2/5,465.67,93.13,5,2.6,1,165,35,35,0,190.67,0,0,40,0,450,0,0,,2026-06-27T00:00:00.000Z,,excel-seed
seed-11-200t-233,,,2026-06-21,夜,,,11-200t,11# 200T,Metal Box4-6WAY,NMS/BRU30887,2/5,1342.34,268.47,5,2.6,1,570,0,20,0,682.34,0,0,70,0,1238,0,0,,2026-06-27T00:00:00.000Z,,excel-seed
seed-11-200t-234,,,2026-06-22,白,,,11-200t,11# 200T,Metal Box4-6WAY,NMS/BRU30887,4/5,1092.77,218.55,5,2.6,1,520,20,35,0,432.77,0,0,85,0,1687,0,0,,2026-06-27T00:00:00.000Z,,excel-seed
seed-11-200t-235,,,2026-06-22,夜,,,11-200t,11# 200T,Metal Box4-6WAY,NMS/BRU30887,2/5,321.07,64.21,5,2.6,1,110,15,50,0,116.07,0,0,30,0,308,0,0,,2026-06-27T00:00:00.000Z,,excel-seed
seed-11-200t-236,,,2026-06-22,夜,,,11-200t,11# 200T,Metal Box4-6WAY,NMS/BRU30887,4/5,490.08,98.02,5,2.6,1,175,10,15,0,275.08,0,0,10,5,306,0,0,,2026-06-27T00:00:00.000Z,,excel-seed
seed-11-200t-237,,,2026-06-23,白,,,11-200t,11# 200T,Metal Box4-6WAY,NMS/BRU30887,2/5,1285.42,257.08,5,2.6,1,340,70,35,0,805.42,0,0,35,0,450,0,0,,2026-06-27T00:00:00.000Z,,excel-seed
seed-11-200t-238,,,2026-06-23,夜,,,11-200t,11# 200T,Metal Box4-6WAY,NMS/BRU30887,2/5,266.86,53.37,5,2.6,1,90,5,60,0,91.86,0,0,20,0,242,0,0,,2026-06-27T00:00:00.000Z,,excel-seed
seed-11-200t-239,,,2026-06-23,夜,,,11-200t,11# 200T,Metal Box4-6WAY,NMS/BRU30887,3/5,471.62,94.32,5,2.6,1,210,10,20,0,221.62,0,0,10,0,542,0,0,,2026-06-27T00:00:00.000Z,,excel-seed
seed-11-200t-240,,,2026-06-23,夜,,,11-200t,11# 200T,Metal Box4-6WAY,NMS/BRU30887,4/5,329.17,65.83,5,2.6,1,110,15,45,0,119.17,0,0,40,0,300,0,0,,2026-06-27T00:00:00.000Z,,excel-seed
seed-11-200t-241,,,2026-06-24,白,,,11-200t,11# 200T,Metal Box4-6WAY,NMS/BRU30887,4/5,189.24,37.85,5,2.6,1,35,35,25,0,69.24,0,0,25,0,92,0,0,,2026-06-27T00:00:00.000Z,,excel-seed
seed-11-200t-242,,,2026-06-24,夜,,,11-200t,11# 200T,Metal Box4-6WAY,NMS/BRU30887,4/5,369.05,73.81,5,2.6,1,130,25,20,0,174.05,0,0,20,0,301,0,0,,2026-06-27T00:00:00.000Z,,excel-seed
seed-11-200t-243,,,2026-06-24,夜,,,11-200t,11# 200T,Metal Box4-6WAY,NMS/BRU30887,5/5,749.65,149.93,5,2.6,1,300,20,20,0,359.65,0,0,40,10,694,0,0,,2026-06-27T00:00:00.000Z,,excel-seed
seed-11-200t-244,,,2026-06-25,白,,,11-200t,11# 200T,METAL COVER 6WAY,NMS/BRU30891,2/2,805.93,161.19,5,2.6,1,270,30,130,25,325.93,0,0,25,0,700,0,0,,2026-06-27T00:00:00.000Z,,excel-seed
seed-11-200t-245,,,2026-06-25,夜,,,11-200t,11# 200T,Door 600mm,BRU53744,-,1649.84,329.97,5,3,1,415,35,65,0,989.84,0,0,145,0,566,3,0,,2026-06-27T00:00:00.000Z,,excel-seed
seed-11-200t-246,,,2026-06-26,白,,,11-200t,11# 200T,Metal Box4-6WAY,NMS/BRU30887,2/5,724,144.8,5,2.6,1,175,65,100,0,364,0,0,20,0,300,0,0,,2026-06-27T00:00:00.000Z,,excel-seed
seed-11-200t-247,,,2026-06-26,夜,,,11-200t,11# 200T,Door 450mm,BRU53743,-,5085,1017,5,20,1,300,15,25,0,4725,0,0,20,0,400,0,0,,2026-06-27T00:00:00.000Z,,excel-seed
seed-12-200t-1,,,2026-06-13,白,,,12-200t,12# 200T,ACTIVE BRACKET UPPER,SB-092B-1-1,4/4,1162.81,232.56,5,4,1,410,70,50,0,552.81,0,0,80,0,1424,0,0,,2026-06-27T00:00:00.000Z,,excel-seed
seed-12-200t-2,,,2026-06-15,白,,,12-200t,12# 200T,Cover LUG100 750mm 42w,BRU53729,2/3,227.88,45.58,5,1.7,1,45,10,25,0,107.88,0,0,40,0,39,0,0,,2026-06-27T00:00:00.000Z,,excel-seed
seed-12-200t-3,,,2026-06-15,白,,,12-200t,12# 200T,Cover LUG100 750mm 42w,BRU53729,3/3,538.85,107.77,5,1.4,1,45,90,40,50,298.85,0,0,15,0,39,0,0,,2026-06-27T00:00:00.000Z,,excel-seed
seed-12-200t-4,,,2026-06-15,白,,,12-200t,12# 200T,Cover EZ250 750mm 24w,BRU53732,2/2,273,54.6,5,1.7,1,45,35,35,0,153,0,0,5,0,40,1,0,,2026-06-27T00:00:00.000Z,,excel-seed
seed-12-200t-5,,,2026-06-15,白,,,12-200t,12# 200T,METAL BOX,PDB DBF45-8-U,2/2,695,139,5,2.6,1,175,25,0,0,455,0,0,40,0,200,0,0,,2026-06-27T00:00:00.000Z,,excel-seed
seed-12-200t-6,,,2026-06-15,夜,,,12-200t,12# 200T,Metal Box4-6WAY,NMS/BRU30887,3/5,1524.12,304.82,5,2.6,1,500,65,25,0,864.12,0,0,70,0,850,0,0,,2026-06-27T00:00:00.000Z,,excel-seed
seed-12-200t-7,,,2026-06-16,白,,,12-200t,12# 200T,Metal Box4-6WAY,NMS/BRU30887,5/5,913.59,182.72,5,2.6,1,350,55,45,0,433.59,0,0,30,0,850,0,0,,2026-06-27T00:00:00.000Z,,excel-seed
seed-12-200t-8,,,2026-06-16,夜,,,12-200t,12# 200T,Metal Box4-6WAY,NMS/BRU30887,4/5,381.28,76.26,5,2.6,1,80,40,30,0,206.28,0,0,15,10,121,0,0,,2026-06-27T00:00:00.000Z,,excel-seed
seed-12-200t-9,,,2026-06-17,白,,,12-200t,12# 200T,Metal Box4-6WAY,NMS/BRU30887,4/5,1003.09,200.62,5,2.6,1,405,40,0,0,533.09,0,0,25,0,879,0,0,,2026-06-27T00:00:00.000Z,,excel-seed
seed-12-200t-10,,,2026-06-18,白,,,12-200t,12# 200T,Door 900mm,BRU53749,-,260.25,52.05,5,1.7,1,55,35,20,0,140.25,0,0,10,0,60,0,0,,2026-06-27T00:00:00.000Z,,excel-seed
seed-12-200t-11,,,2026-06-18,白,,,12-200t,12# 200T,Resi Box Bracket,NVE96549,3/4,74.47,14.89,5,2.6,2,20,0,30,0,24.47,0,0,0,0,85,6,0,,2026-06-27T00:00:00.000Z,,excel-seed
seed-12-200t-12,,,2026-06-18,白,,,12-200t,12# 200T,Cover EZ250 900mm 36w,BRU53735,2/2,639.27,127.85,5,1.7,1,140,0,15,0,444.27,0,0,40,0,75,0,0,,2026-06-27T00:00:00.000Z,,excel-seed
seed-12-200t-13,,,2026-06-18,夜,,,12-200t,12# 200T,U BOX 900mm,BRU53771,2/3,457.35,91.47,5,1.7,1,110,85,25,0,222.35,0,0,15,0,164,0,0,,2026-06-27T00:00:00.000Z,,excel-seed
seed-12-200t-14,,,2026-06-19,白,,,12-200t,12# 200T,METAL COVER 6WAY,NMS/BRU30891,2/2,819.94,163.99,5,2.6,1,220,55,35,0,459.94,0,0,50,0,342,0,0,,2026-06-27T00:00:00.000Z,,excel-seed
seed-12-200t-15,,,2026-06-19,白,,,12-200t,12# 200T,Gland plate,BRU53717,3/3,436.15,87.23,5,1.7,1,220,15,45,0,106.15,0,0,50,0,828,0,0,,2026-06-27T00:00:00.000Z,,excel-seed
seed-12-200t-16,,,2026-06-19,夜,,,12-200t,12# 200T,Gland plate,BRU53717,3/3,1024.82,204.96,5,1.7,1,570,0,30,0,364.82,0,0,60,0,1514,0,0,,2026-06-27T00:00:00.000Z,,excel-seed
seed-12-200t-17,,,2026-06-20,白,,,12-200t,12# 200T,Gland plate,BRU53717,3/3,909.35,181.87,5,1.7,1,555,0,30,0,249.35,0,0,75,0,2100,1,0,,2026-06-27T00:00:00.000Z,,excel-seed
seed-12-200t-18,,,2026-06-20,夜,,,12-200t,12# 200T,Gland plate,BRU53717,3/3,358.42,71.68,5,1.7,1,175,30,15,0,118.42,0,0,15,5,515,0,0,,2026-06-27T00:00:00.000Z,,excel-seed
seed-12-200t-19,,,2026-06-21,白,,,12-200t,12# 200T,METAL COVER 8WAY,NMS/BRU30892,2/2,529.45,105.89,5,2.6,1,280,0,20,0,204.45,0,0,25,0,997,0,0,,2026-06-27T00:00:00.000Z,,excel-seed
seed-12-200t-20,,,2026-06-21,白,,,12-200t,12# 200T,Metal Box4-6WAY,NMS/BRU30887,3/5,313.33,62.67,5,2.6,1,100,0,25,0,173.33,0,0,15,0,150,0,0,,2026-06-27T00:00:00.000Z,,excel-seed
seed-12-200t-21,,,2026-06-21,夜,,,12-200t,12# 200T,Metal Box4-6WAY,NMS/BRU30887,3/5,1285.73,257.15,5,2.6,1,570,0,20,0,625.73,0,0,70,0,1350,0,0,,2026-06-27T00:00:00.000Z,,excel-seed
seed-12-200t-22,,,2026-06-22,白,,,12-200t,12# 200T,Metal Box4-6WAY,NMS/BRU30887,3/5,182.57,36.51,5,2.6,1,60,15,20,0,62.57,0,0,25,0,187,0,0,,2026-06-27T00:00:00.000Z,,excel-seed
seed-12-200t-23,,,2026-06-22,白,,,12-200t,12# 200T,Metal Box4-6WAY,NMS/BRU30887,5/5,953.36,190.67,5,2.6,1,475,35,10,0,373.36,0,0,60,0,1687,0,0,,2026-06-27T00:00:00.000Z,,excel-seed
seed-12-200t-24,,,2026-06-22,夜,,,12-200t,12# 200T,Metal Box4-6WAY,NMS/BRU30887,3/5,355.59,71.12,5,2.6,1,135,5,25,0,160.59,0,0,30,0,306,1,0,,2026-06-27T00:00:00.000Z,,excel-seed
seed-12-200t-25,,,2026-06-22,夜,,,12-200t,12# 200T,Metal Box4-6WAY,NMS/BRU30887,5/5,377.55,75.51,5,2.6,1,150,5,15,0,197.55,0,0,10,0,306,0,0,,2026-06-27T00:00:00.000Z,,excel-seed
seed-12-200t-26,,,2026-06-23,白,,,12-200t,12# 200T,Metal Box4-6WAY,NMS/BRU30887,3/5,385,77,5,2.6,1,90,35,40,0,195,0,0,25,0,150,0,0,,2026-06-27T00:00:00.000Z,,excel-seed
seed-12-200t-27,,,2026-06-23,白,,,12-200t,12# 200T,BOX 2+6，6 WAY,NVE96520,2/3,515.7,103.14,5,2.6,1,205,55,20,0,225.7,0,0,10,0,614,0,0,,2026-06-27T00:00:00.000Z,,excel-seed
seed-12-200t-28,,,2026-06-23,夜,,,12-200t,12# 200T,U BOX 600mm,BRU53715,-,121.56,24.31,5,1.7,1,25,0,60,0,26.56,0,0,0,10,40,9,0,,2026-06-27T00:00:00.000Z,,excel-seed
seed-12-200t-29,,,2026-06-24,白,,,12-200t,12# 200T,U BOX 600mm,BRU53715,-,1326.29,265.26,5,1.7,1,540,0,35,0,666.29,0,0,85,0,744,2,0,,2026-06-27T00:00:00.000Z,,excel-seed
seed-12-200t-30,,,2026-06-24,夜,,,12-200t,12# 200T,U BOX 750mm,BRU53716,2/3,372.36,74.47,5,1.7,1,145,0,35,0,182.36,0,0,0,10,196,1,0,,2026-06-27T00:00:00.000Z,,excel-seed
seed-12-200t-31,,,2026-06-25,白,,,12-200t,12# 200T,U BOX 750mm,BRU53716,2/3,296.02,59.2,5,1.7,1,25,0,115,0,101.02,0,0,55,0,61,0,12,,2026-06-27T00:00:00.000Z,,excel-seed
seed-12-200t-32,,,2026-06-25,夜,,,12-200t,12# 200T,U BOX 750mm,BRU53716,3/3,316.15,63.23,5,1.7,1,75,10,25,0,196.15,0,0,10,0,78,0,0,,2026-06-27T00:00:00.000Z,,excel-seed
seed-12-200t-33,,,2026-06-25,夜,,,12-200t,12# 200T,Door 450mm,BRU53743,-,686.14,137.23,5,2,1,240,0,20,0,296.14,0,0,130,0,389,0,0,,2026-06-27T00:00:00.000Z,,excel-seed
seed-12-200t-34,,,2026-06-26,白,,,12-200t,12# 200T,Door 450mm,BRU53743,-,716.25,143.25,5,2,1,250,35,55,0,356.25,0,0,20,0,400,0,0,,2026-06-27T00:00:00.000Z,,excel-seed
seed-12-200t-35,,,2026-06-26,白,,,12-200t,12# 200T,U BOX 600mm,BRU53715,-,585.56,117.11,5,1.7,1,260,20,10,0,245.56,0,0,50,0,504,0,0,,2026-06-27T00:00:00.000Z,,excel-seed
seed-12-200t-36,,,2026-06-26,夜,,,12-200t,12# 200T,U BOX 600mm,BRU53715,-,274.5,54.9,5,1.7,1,85,10,30,0,144.5,0,0,5,0,95,0,0,,2026-06-27T00:00:00.000Z,,excel-seed
seed-bending-1-1,,,2026-01-05,白,,,bending-1,Bending #1,LC 600 Box,75170145,-,1327.76,265.55,5,0.4,1,585,0,5,0,667.76,0,0,70,0,205,1,0,,2026-06-27T00:00:00.000Z,,excel-seed
seed-bending-1-2,,,2026-01-06,白,,,bending-1,Bending #1,LC 600 Box,75170145,-,553.53,110.71,5,0.4,1,235,10,10,0,193.53,0,0,20,85,119,0,0,,2026-06-27T00:00:00.000Z,,excel-seed
seed-bending-1-3,,,2026-01-06,白,,,bending-1,Bending #1,LC 600 Flat Door,75170162,-,517.42,103.48,5,1.4,1,170,20,20,0,277.42,0,0,5,25,163,5,0,,2026-06-27T00:00:00.000Z,,excel-seed
seed-bending-1-4,,,2026-01-07,白,,,bending-1,Bending #1,LC 600 Flat Door,75170162,-,1316.28,263.26,5,1.4,1,450,0,10,0,836.28,0,0,20,0,339,1,0,,2026-06-27T00:00:00.000Z,,excel-seed
seed-bending-1-5,,,2026-01-07,白,,,bending-1,Bending #1,LC 600 Cover,75170154,-,343.82,68.76,5,1.4,1,125,0,5,0,183.82,0,0,30,0,119,1,0,,2026-06-27T00:00:00.000Z,,excel-seed
seed-bending-1-6,,,2026-01-08,白,,,bending-1,Bending #1,LC 600 Cover,75170154,-,1528.23,305.65,5,1.4,1,610,0,5,0,868.23,0,0,45,0,600,0,0,,2026-06-27T00:00:00.000Z,,excel-seed
seed-bending-1-7,,,2026-01-09,白,,,bending-1,Bending #1,LC 600 Flat Door,75170162,-,2063.9,412.78,5,1.4,1,600,0,15,0,1403.9,0,0,45,0,359,1,0,,2026-06-27T00:00:00.000Z,,excel-seed
seed-bending-1-8,,,2026-01-12,白,,,bending-1,Bending #1,LC 600 Box,75170145,-,1113.7,222.74,5,0.4,1,490,10,5,0,453.7,0,0,35,120,216,5,0,,2026-06-27T00:00:00.000Z,,excel-seed
seed-bending-1-9,,,2026-01-13,白,,,bending-1,Bending #1,LC 600 Box,75170145,-,577.39,115.48,5,0.4,1,250,0,10,0,217.39,0,0,10,90,115,0,0,,2026-06-27T00:00:00.000Z,,excel-seed
seed-bending-1-10,,,2026-01-14,白,,,bending-1,Bending #1,LC 600 Flat Door,75170162,-,610.25,122.05,5,1.4,1,110,20,10,0,250.25,0,0,0,220,80,0,0,,2026-06-27T00:00:00.000Z,,excel-seed
seed-bending-1-11,,,2026-01-15,白,,,bending-1,Bending #1,LC 600 Flat Door,75170162,-,1223.78,244.76,5,1.4,1,385,0,10,0,743.78,0,0,85,0,279,1,0,,2026-06-27T00:00:00.000Z,,excel-seed
seed-bending-1-12,,,2026-01-15,白,,,bending-1,Bending #1,METAL BOX,DBF45-8-U,-,434.71,86.94,5,1.7,1,135,0,30,0,134.71,0,0,35,100,230,1,0,,2026-06-27T00:00:00.000Z,,excel-seed
seed-bending-1-13,,,2026-01-15,夜,,,bending-1,Bending #1,METAL BOX,DBF45-8-U,-,696.82,139.36,5,1.7,1,230,0,5,0,336.82,0,0,5,120,267,1,0,,2026-06-27T00:00:00.000Z,,excel-seed
seed-bending-1-14,,,2026-01-16,白,,,bending-1,Bending #1,LC 600 Flat Door,75170162,-,1721.64,344.33,5,1.4,1,575,0,20,0,1061.64,0,0,65,0,436,4,0,,2026-06-27T00:00:00.000Z,,excel-seed
seed-bending-1-15,,,2026-01-16,夜,,,bending-1,Bending #1,LC 600 Flat Door,75170162,-,1658.16,331.63,5,1.4,1,585,0,30,0,998.16,0,0,45,0,480,0,0,,2026-06-27T00:00:00.000Z,,excel-seed
seed-bending-1-16,,,2026-01-17,白,,,bending-1,Bending #1,LC 600 Cover,75170154,-,294.31,58.86,5,1.4,1,110,10,10,0,159.31,0,0,5,0,116,4,0,,2026-06-27T00:00:00.000Z,,excel-seed
seed-bending-1-17,,,2026-01-17,白,,,bending-1,Bending #1,LC 600 Flat Door,75170162,-,2062.46,412.49,5,1.4,1,535,0,20,0,1462.46,0,0,45,0,274,6,0,,2026-06-27T00:00:00.000Z,,excel-seed
seed-bending-1-18,,,2026-01-17,夜,,,bending-1,Bending #1,LC 600 Cover,75170154,-,366,73.2,5,1.4,1,80,10,10,0,126,0,0,10,130,80,0,0,,2026-06-27T00:00:00.000Z,,excel-seed
seed-bending-1-19,,,2026-01-17,夜,,,bending-1,Bending #1,LC 600 Box,75170145,-,632.39,126.48,5,0.4,1,270,15,10,0,272.39,0,0,5,60,113,0,0,,2026-06-27T00:00:00.000Z,,excel-seed
seed-bending-1-20,,,2026-01-18,白,,,bending-1,Bending #1,LC 600 Cover,75170154,-,209.25,41.85,5,1.4,1,85,5,10,0,89.25,0,0,15,5,120,0,0,,2026-06-27T00:00:00.000Z,,excel-seed
seed-bending-1-21,,,2026-01-18,白,,,bending-1,Bending #1,METAL BOX,DBF60-8-U,-,358.48,71.7,5,1.7,1,115,5,5,0,118.48,0,0,10,105,198,2,0,,2026-06-27T00:00:00.000Z,,excel-seed
seed-bending-1-22,,,2026-01-18,白,,,bending-1,Bending #1,METAL BOX WH CSL,DBS45-8-U,-,196.34,39.27,5,1.7,1,85,10,10,0,86.34,0,0,0,5,159,1,0,,2026-06-27T00:00:00.000Z,,excel-seed
seed-bending-1-23,,,2026-01-19,白,,,bending-1,Bending #1,LC 600 Box,75170145,-,1250.73,250.15,5,0.4,1,570,0,10,0,590.73,0,0,80,0,220,4,0,,2026-06-27T00:00:00.000Z,,excel-seed
seed-bending-1-24,,,2026-01-19,夜,,,bending-1,Bending #1,LC 600 Box,75170145,-,1151.2,230.24,5,0.4,1,615,0,5,0,491.2,0,0,40,0,308,0,0,,2026-06-27T00:00:00.000Z,,excel-seed
seed-bending-1-25,,,2026-01-20,夜,,,bending-1,Bending #1,LC 600 Box,75170145,-,1108,221.6,5,0.4,1,560,0,5,0,448,0,0,45,50,280,0,0,,2026-06-27T00:00:00.000Z,,excel-seed
seed-bending-1-26,,,2026-01-20,白,,,bending-1,Bending #1,LC 600 Box,75170145,-,1113.55,222.71,5,0.4,1,590,0,15,0,453.55,0,0,55,0,307,1,0,,2026-06-27T00:00:00.000Z,,excel-seed
seed-bending-1-27,,,2026-01-21,夜,,,bending-1,Bending #1,LC 600 Flat Door,75170162,-,1847.03,369.41,5,1.4,1,570,25,20,0,1187.03,0,0,45,0,400,2,0,,2026-06-27T00:00:00.000Z,,excel-seed
seed-bending-1-28,,,2026-01-22,白,,,bending-1,Bending #1,LC 600 Flat Door,75170162,-,1710,342,5,1.4,1,600,0,10,0,1050,0,0,50,0,480,0,0,,2026-06-27T00:00:00.000Z,,excel-seed
seed-bending-1-29,,,2026-01-22,夜,,,bending-1,Bending #1,LC 600 Flat Door,75170162,-,1727.5,345.5,5,1.4,1,610,0,5,0,1067.5,0,0,45,0,488,2,0,,2026-06-27T00:00:00.000Z,,excel-seed
seed-bending-1-30,,,2026-01-23,白,,,bending-1,Bending #1,LC 600 Flat Door,75170162,-,1473.97,294.79,5,1.4,1,610,0,5,0,813.97,0,0,45,0,640,0,0,,2026-06-27T00:00:00.000Z,,excel-seed
seed-bending-1-31,,,2026-01-23,夜,,,bending-1,Bending #1,LC 600 Flat Door,75170162,-,1545.95,309.19,5,1.4,1,610,0,5,0,885.95,0,0,45,0,588,1,0,,2026-06-27T00:00:00.000Z,,excel-seed
seed-bending-1-32,,,2026-01-24,白,,,bending-1,Bending #1,LC 600 Flat Door,75170162,-,1462.54,292.51,5,1.4,1,585,0,5,0,802.54,0,0,70,0,597,0,0,,2026-06-27T00:00:00.000Z,,excel-seed
seed-bending-1-33,,,2026-01-24,夜,,,bending-1,Bending #1,LC 600 Flat Door,75170162,-,190,38,5,1.4,1,50,10,5,0,70,0,0,10,45,60,0,0,,2026-06-27T00:00:00.000Z,,excel-seed
seed-bending-1-34,,,2026-01-24,夜,,,bending-1,Bending #1,LC 600 Cover,75170154,-,1390.62,278.12,5,1.4,1,495,10,10,0,730.62,0,0,35,110,479,1,0,,2026-06-27T00:00:00.000Z,,excel-seed
seed-bending-1-35,,,2026-01-26,白,,,bending-1,Bending #1,LC 600 Box,75170145,-,312.91,62.58,5,0.4,1,130,0,25,0,122.91,0,0,35,0,55,1,0,,2026-06-27T00:00:00.000Z,,excel-seed
seed-bending-1-36,,,2026-01-26,白,,,bending-1,Bending #1,LC 600 Cover,75170154,-,975.7,195.14,5,1.4,1,420,15,15,0,495.7,0,0,20,10,516,1,0,,2026-06-27T00:00:00.000Z,,excel-seed
seed-bending-1-37,,,2026-01-26,夜,,,bending-1,Bending #1,LC 600 Box,75170145,-,454.45,90.89,5,0.4,1,240,0,0,0,209.45,0,0,0,5,110,3,0,,2026-06-27T00:00:00.000Z,,excel-seed
seed-bending-1-38,,,2026-01-27,白,,,bending-1,Bending #1,LC 600 Box,75170145,-,935.23,187.05,5,0.4,1,445,0,15,0,455.23,0,0,20,0,174,0,0,,2026-06-27T00:00:00.000Z,,excel-seed
seed-bending-1-39,,,2026-01-27,夜,,,bending-1,Bending #1,LC 600 Box,75170145,-,908.17,181.63,5,0.4,1,465,0,10,0,428.17,0,0,5,0,202,0,0,,2026-06-27T00:00:00.000Z,,excel-seed
seed-bending-1-40,,,2026-01-28,白,,,bending-1,Bending #1,LC 600 Box,75170145,-,534.65,106.93,5,0.4,1,210,0,20,0,174.65,0,0,20,110,101,0,0,,2026-06-27T00:00:00.000Z,,excel-seed
seed-bending-1-41,,,2026-01-28,夜,,,bending-1,Bending #1,METAL BOX WH CSL,DBS45-8-U,-,1296.67,259.33,5,1.7,1,350,0,10,0,816.67,0,0,0,120,255,0,0,,2026-06-27T00:00:00.000Z,,excel-seed
seed-bending-1-42,,,2026-01-29,白,,,bending-1,Bending #1,METAL BOX WH CSL,DBS30-8-U,-,946.32,189.26,5,1.7,1,330,0,15,0,466.32,0,0,15,120,397,1,0,,2026-06-27T00:00:00.000Z,,excel-seed
seed-bending-1-43,,,2026-01-29,白,,,bending-1,Bending #1,LC 600 Box,75170145,-,258.46,51.69,5,0.4,1,90,10,10,0,138.46,0,0,5,5,26,2,0,,2026-06-27T00:00:00.000Z,,excel-seed
seed-bending-1-44,,,2026-01-29,夜,,,bending-1,Bending #1,LC 600 Box,75170145,-,1012.29,202.46,5,0.4,1,470,0,5,0,532.29,0,0,0,5,166,2,0,,2026-06-27T00:00:00.000Z,,excel-seed
seed-bending-1-45,,,2026-01-30,夜,,,bending-1,Bending #1,LC 600 Box,75170145,-,909.07,181.81,5,0.4,1,455,0,10,0,429.07,0,0,10,5,193,3,0,,2026-06-27T00:00:00.000Z,,excel-seed
seed-bending-1-46,,,2026-01-31,夜,,,bending-1,Bending #1,LC 600 Box,75170145,-,1263.57,252.71,5,0.4,1,650,0,10,0,603.57,0,0,0,0,280,0,0,,2026-06-27T00:00:00.000Z,,excel-seed
seed-bending-1-47,,,2026-02-02,白,,,bending-1,Bending #1,LC 600 Box,75170145,-,1255.36,251.07,5,0.4,1,610,0,20,0,595.36,0,0,30,0,250,2,0,,2026-06-27T00:00:00.000Z,,excel-seed
seed-bending-1-48,,,2026-02-02,夜,,,bending-1,Bending #1,LC 600 Cover,75170154,-,463.31,92.66,5,1.4,1,175,0,10,0,223.31,0,0,0,55,192,0,0,,2026-06-27T00:00:00.000Z,,excel-seed
seed-bending-1-49,,,2026-02-06,白,,,bending-1,Bending #1,METAL BOX WH CSL,DBS30-8-U,-,542.75,108.55,5,1.7,1,200,15,10,0,182.75,0,0,15,120,400,0,0,,2026-06-27T00:00:00.000Z,,excel-seed
seed-bending-1-50,,,2026-02-07,白,,,bending-1,Bending #1,LC 600 Cover,75170154,-,497.73,99.55,5,1.4,1,180,0,35,0,257.73,0,0,25,0,176,0,0,,2026-06-27T00:00:00.000Z,,excel-seed
seed-bending-1-51,,,2026-02-12,白,,,bending-1,Bending #1,METAL BOX WH CSL,DBS60-8-U,-,335.69,67.14,5,1.7,1,135,0,10,0,155.69,0,0,35,0,199,1,0,,2026-06-27T00:00:00.000Z,,excel-seed
seed-bending-1-52,,,2026-02-13,白,,,bending-1,Bending #1,METAL BOX WH CSL,DBS60-8-U,-,181.51,36.3,5,1.7,1,80,10,0,0,61.51,0,0,20,10,199,0,0,,2026-06-27T00:00:00.000Z,,excel-seed
seed-bending-1-53,,,2026-02-13,白,,,bending-1,Bending #1,METAL BOX,DBF45-8-U,-,1130.36,226.07,5,1.7,1,435,40,20,0,590.36,0,0,40,5,595,3,0,,2026-06-27T00:00:00.000Z,,excel-seed
seed-bending-1-54,,,2026-02-14,白,,,bending-1,Bending #1,LC 600 Cover,75170154,-,1007.92,201.58,5,1.4,1,425,0,10,0,527.92,0,0,45,0,479,0,0,,2026-06-27T00:00:00.000Z,,excel-seed
seed-bending-1-55,,,2026-02-16,白,,,bending-1,Bending #1,LC 600 Cover,75170154,-,1248.19,249.64,5,1.4,1,550,0,35,0,588.19,0,0,75,0,720,0,0,,2026-06-27T00:00:00.000Z,,excel-seed
seed-bending-1-56,,,2026-02-17,白,,,bending-1,Bending #1,LC 600 Cover,75170154,-,469.09,93.82,5,1.4,1,180,0,10,0,229.09,0,0,35,15,198,1,0,,2026-06-27T00:00:00.000Z,,excel-seed
seed-bending-1-57,,,2026-02-18,白,,,bending-1,Bending #1,LC 600 Box,75170145,-,870.54,174.11,5,0.4,1,405,0,30,0,390.54,0,0,45,0,168,0,0,,2026-06-27T00:00:00.000Z,,excel-seed
seed-bending-1-58,,,2026-02-21,白,,,bending-1,Bending #1,LC 600 Box,75170145,-,492.35,98.47,5,0.4,1,150,0,10,0,132.35,0,0,25,175,68,2,0,,2026-06-27T00:00:00.000Z,,excel-seed
seed-bending-1-59,,,2026-02-23,白,,,bending-1,Bending #1,LC 600 Box,75170145,-,1068.89,213.78,5,0.4,1,535,0,15,0,408.89,0,0,60,50,280,1,0,,2026-06-27T00:00:00.000Z,,excel-seed
seed-bending-1-60,,,2026-02-24,白,,,bending-1,Bending #1,LC 600 Box,75170145,-,344.46,68.89,5,0.4,1,115,0,10,0,94.46,0,0,55,70,56,0,0,,2026-06-27T00:00:00.000Z,,excel-seed
seed-bending-1-61,,,2026-02-25,白,,,bending-1,Bending #1,LC 600 Box,75170145,-,435.98,87.2,5,0.4,1,225,0,25,0,165.98,0,0,20,0,122,0,0,,2026-06-27T00:00:00.000Z,,excel-seed
seed-bending-1-62,,,2026-02-26,白,,,bending-1,Bending #1,LC 600 Box,75170145,-,376.12,75.22,5,0.4,1,165,0,20,0,136.12,0,0,25,30,80,0,0,,2026-06-27T00:00:00.000Z,,excel-seed
seed-bending-1-63,,,2026-02-28,白,,,bending-1,Bending #1,LC 600 Box,75170145,-,430.18,86.04,5,0.4,1,245,0,10,0,60.18,0,0,10,105,399,0,0,,2026-06-27T00:00:00.000Z,,excel-seed
seed-bending-1-64,,,2026-03-02,白,,,bending-1,Bending #1,METAL BOX,DBF60-8-U,-,490.31,98.06,5,1.7,1,175,0,10,0,260.31,0,0,10,35,200,0,0,,2026-06-27T00:00:00.000Z,,excel-seed
seed-bending-1-65,,,2026-03-02,白,,,bending-1,Bending #1,METAL BOX WH CSL,DBS30-8-U,-,594.94,118.99,5,1.7,1,240,0,10,0,294.94,0,0,50,0,332,0,0,,2026-06-27T00:00:00.000Z,,excel-seed
seed-bending-1-66,,,2026-03-03,白,,,bending-1,Bending #1,METAL BOX WH CSL,DBS30-8-U,-,145.62,29.12,5,1.7,1,45,0,15,0,50.62,0,0,25,10,68,0,0,,2026-06-27T00:00:00.000Z,,excel-seed
seed-bending-1-67,,,2026-03-03,白,,,bending-1,Bending #1,LC 600 Box,75170145,-,313.5,62.7,5,0.4,1,210,0,20,0,73.5,0,0,10,0,240,0,0,,2026-06-27T00:00:00.000Z,,excel-seed
seed-bending-1-68,,,2026-03-04,白,,,bending-1,Bending #1,LC 600 Cover,75170154,-,591.93,118.39,5,1.4,1,195,0,15,0,336.93,0,0,30,15,158,0,0,,2026-06-27T00:00:00.000Z,,excel-seed
seed-bending-1-69,,,2026-03-05,白,,,bending-1,Bending #1,LC 600 Cover,75170154,-,929.17,185.83,5,1.4,1,385,0,10,0,449.17,0,0,55,30,462,0,0,,2026-06-27T00:00:00.000Z,,excel-seed
seed-bending-1-70,,,2026-03-06,白,,,bending-1,Bending #1,LC 600 Box,75170145,-,823.06,164.61,5,0.4,1,410,0,15,0,343.06,0,0,55,0,196,2,0,,2026-06-27T00:00:00.000Z,,excel-seed
seed-bending-1-71,,,2026-03-09,白,,,bending-1,Bending #1,LC 600 Box,75170145,-,200.67,40.13,5,0.4,1,55,0,10,0,80.67,0,0,20,35,15,0,0,,2026-06-27T00:00:00.000Z,,excel-seed
seed-bending-1-72,,,2026-03-09,白,,,bending-1,Bending #1,LC 600 Cover,75170154,-,257.76,51.55,5,1.4,1,45,0,10,0,97.76,0,0,10,95,29,0,0,,2026-06-27T00:00:00.000Z,,excel-seed
seed-bending-1-73,,,2026-03-19,白,,,bending-1,Bending #1,LC 600 Flat Door,75170162,-,1940.98,388.2,5,1.4,1,630,40,10,0,1160.98,0,0,100,0,509,1,0,,2026-06-27T00:00:00.000Z,,excel-seed
seed-bending-1-74,,,2026-03-19,白,,,bending-1,Bending #1,LC 600 Cover,75170154,-,224.52,44.9,5,1.4,1,100,0,30,0,64.52,0,0,30,0,217,3,0,,2026-06-27T00:00:00.000Z,,excel-seed
seed-bending-1-75,,,2026-03-20,白,,,bending-1,Bending #1,LC 600 Flat Door,75170162,-,1234.36,246.87,5,1.4,1,400,0,10,0,574.36,0,0,80,170,390,1,0,,2026-06-27T00:00:00.000Z,,excel-seed
seed-bending-1-76,,,2026-03-21,白,,,bending-1,Bending #1,LC 600 Flat Door,75170162,-,1692.32,338.46,5,1.4,1,670,0,20,5,912.32,0,0,85,0,694,1,0,,2026-06-27T00:00:00.000Z,,excel-seed
seed-bending-1-77,,,2026-03-23,白,,,bending-1,Bending #1,LC 600 Flat Door,75170162,-,1154.76,230.95,5,1.4,1,415,0,35,0,669.76,0,0,35,0,360,0,0,,2026-06-27T00:00:00.000Z,,excel-seed
seed-bending-1-78,,,2026-03-24,白,,,bending-1,Bending #1,LC 600 Flat Door,75170162,-,1424.63,284.93,5,1.4,1,565,15,0,0,764.63,0,0,80,0,600,0,0,,2026-06-27T00:00:00.000Z,,excel-seed
seed-bending-1-79,,,2026-03-25,白,,,bending-1,Bending #1,LC 600 Flat Door,75170162,-,1199.21,239.84,5,1.4,1,470,0,5,0,719.21,0,0,5,0,430,0,0,,2026-06-27T00:00:00.000Z,,excel-seed
seed-bending-1-80,,,2026-03-26,白,,,bending-1,Bending #1,LC 600 Flat Door,75170162,-,273.28,54.66,5,1.4,1,70,0,10,0,118.28,0,0,30,45,58,0,0,,2026-06-27T00:00:00.000Z,,excel-seed
seed-bending-1-81,,,2026-04-01,白,,,bending-1,Bending #1,LC 600 Box,75170145,-,401.22,80.24,5,0.4,1,190,5,10,0,151.22,0,0,45,0,98,0,0,,2026-06-27T00:00:00.000Z,,excel-seed
seed-bending-1-82,,,2026-04-02,白,,,bending-1,Bending #1,LC 600 Box,75170145,-,1156.03,231.21,5,0.4,1,570,0,5,0,496.03,0,0,85,0,262,4,0,,2026-06-27T00:00:00.000Z,,excel-seed
seed-bending-1-83,,,2026-04-03,白,,,bending-1,Bending #1,LC 600 Box,75170145,-,1332.12,266.42,5,0.4,1,680,0,15,0,552.12,0,0,85,0,335,1,0,,2026-06-27T00:00:00.000Z,,excel-seed
seed-bending-1-84,,,2026-04-04,白,,,bending-1,Bending #1,LC 600 Box,75170145,-,1190.65,238.13,5,0.4,1,565,0,10,0,520.65,0,0,95,0,293,4,0,,2026-06-27T00:00:00.000Z,,excel-seed
seed-bending-1-85,,,2026-04-05,白,,,bending-1,Bending #1,LC 600 Box,75170145,-,1026.3,205.26,5,0.4,1,500,0,20,0,366.3,0,0,80,60,273,0,0,,2026-06-27T00:00:00.000Z,,excel-seed
seed-bending-1-86,,,2026-04-06,白,,,bending-1,Bending #1,LC 600 Box,75170145,-,1086.67,217.33,5,0.4,1,560,0,20,0,426.67,0,0,80,0,294,1,0,,2026-06-27T00:00:00.000Z,,excel-seed
seed-bending-1-87,,,2026-04-07,白,,,bending-1,Bending #1,Cover EZ100 450mm 12w,BRU53718,1,289.12,57.83,5,1.4,1,170,5,5,0,104.12,0,0,5,0,400,0,0,,2026-06-27T00:00:00.000Z,,excel-seed
seed-bending-1-88,,,2026-04-07,白,,,bending-1,Bending #1,LC 600 Box,75170145,-,219.57,43.91,5,0.4,1,80,20,15,0,69.57,0,0,30,5,46,0,0,,2026-06-27T00:00:00.000Z,,excel-seed
seed-bending-1-89,,,2026-04-07,白,,,bending-1,Bending #1,U BOX 450mm,BRU53714,-,793,158.6,5,0.4,1,440,20,15,0,253,0,0,45,20,320,0,0,,2026-06-27T00:00:00.000Z,,excel-seed
seed-bending-1-90,,,2026-04-08,白,,,bending-1,Bending #1,U BOX 450mm,BRU53714,-,728.79,145.76,5,0.4,1,405,25,0,0,248.79,0,0,40,10,280,5,0,,2026-06-27T00:00:00.000Z,,excel-seed
seed-bending-1-91,,,2026-04-08,白,,,bending-1,Bending #1,Cover EZ100 450mm 12w,BRU53718,1,436.5,87.3,5,1.4,1,195,5,5,0,136.5,0,0,35,60,400,0,0,,2026-06-27T00:00:00.000Z,,excel-seed
seed-bending-1-92,,,2026-04-09,白,,,bending-1,Bending #1,U BOX 600mm,BRU53715,-,1029.45,205.89,5,0.4,1,530,5,20,0,369.45,0,0,50,55,307,1,0,,2026-06-27T00:00:00.000Z,,excel-seed
seed-bending-1-93,,,2026-04-09,白,,,bending-1,Bending #1,Cover EZ100 450mm 12w,BRU53718,1,363.02,72.6,5,1.4,1,185,5,20,0,123.02,0,0,25,5,400,0,0,,2026-06-27T00:00:00.000Z,,excel-seed
seed-bending-1-94,,,2026-04-10,白,,,bending-1,Bending #1,Cover EZ100 600mm 18w,BRU53719,1,602.48,120.5,5,1.4,1,295,25,10,0,237.47,0,0,35,0,600,0,0,,2026-06-27T00:00:00.000Z,,excel-seed
seed-bending-1-95,,,2026-04-16,白,,,bending-1,Bending #1,U BOX 750mm,BRU53716,-,400.34,80.07,5,0.4,1,150,5,50,0,160.34,0,0,25,10,58,0,0,,2026-06-27T00:00:00.000Z,,excel-seed
seed-bending-1-96,,,2026-04-16,白,,,bending-1,Bending #1,Cover EZ100 750mm 36w,BRU53722,-,304.25,60.85,5,1.4,1,105,10,10,0,159.25,0,0,10,10,120,0,0,,2026-06-27T00:00:00.000Z,,excel-seed
seed-bending-1-97,,,2026-04-16,白,,,bending-1,Bending #1,Cover EZ100 750mm 36w,BRU53722,-,118.5,23.7,5,1.4,1,55,5,10,0,38.5,0,0,10,0,120,0,0,,2026-06-27T00:00:00.000Z,,excel-seed
seed-bending-1-98,,,2026-04-17,白,,,bending-1,Bending #1,LC 600 Box,75170145,-,846.79,169.36,5,0.4,1,390,5,40,0,366.79,0,0,45,0,168,1,0,,2026-06-27T00:00:00.000Z,,excel-seed
seed-bending-1-99,,,2026-04-18,白,,,bending-1,Bending #1,LC 600 Box,75170145,-,802.19,160.44,5,0.4,1,420,0,15,0,322.19,0,0,45,0,219,0,0,,2026-06-27T00:00:00.000Z,,excel-seed
seed-bending-1-100,,,2026-04-20,白,,,bending-1,Bending #1,LC 600 Box,75170145,-,805.16,161.03,5,0.4,1,420,0,5,0,325.16,0,0,50,5,217,0,0,,2026-06-27T00:00:00.000Z,,excel-seed
seed-bending-1-101,,,2026-04-21,白,,,bending-1,Bending #1,LC 600 Box,75170145,-,666.79,133.36,5,0.4,1,325,0,5,0,301.79,0,0,25,10,140,2,0,,2026-06-27T00:00:00.000Z,,excel-seed
seed-bending-1-102,,,2026-04-22,白,,,bending-1,Bending #1,LC 600 Box,75170145,-,529.2,105.84,5,0.4,1,275,0,5,0,219.2,0,0,20,10,138,0,0,,2026-06-27T00:00:00.000Z,,excel-seed
seed-bending-1-103,,,2026-04-23,白,,,bending-1,Bending #1,LC 600 Box,75170145,-,1077.66,215.53,5,0.4,1,555,0,15,0,417.66,0,0,90,0,295,0,0,,2026-06-27T00:00:00.000Z,,excel-seed
seed-bending-1-104,,,2026-04-24,白,,,bending-1,Bending #1,LC 600 Box,75170145,-,1108,221.6,5,0.4,1,560,0,15,0,448,0,0,85,0,280,0,0,,2026-06-27T00:00:00.000Z,,excel-seed
seed-bending-1-105,,,2026-04-25,白,,,bending-1,Bending #1,LC 600 Box,75170145,-,1097.58,219.52,5,0.4,1,570,0,5,0,437.58,0,0,85,0,297,2,0,,2026-06-27T00:00:00.000Z,,excel-seed
seed-bending-1-106,,,2026-04-27,白,,,bending-1,Bending #1,LC 600 Box,75170145,-,1143.67,228.73,5,0.4,1,565,0,15,0,483.67,0,0,80,0,264,2,0,,2026-06-27T00:00:00.000Z,,excel-seed
seed-bending-1-107,,,2026-04-28,白,,,bending-1,Bending #1,LC 600 Box,75170145,-,1117.61,223.52,5,0.4,1,575,0,10,0,457.61,0,0,75,0,289,3,0,,2026-06-27T00:00:00.000Z,,excel-seed
seed-bending-1-108,,,2026-04-29,白,,,bending-1,Bending #1,LC 600 Box,75170145,-,195.16,39.03,5,0.4,1,85,5,20,0,50.16,0,0,25,10,61,0,0,,2026-06-27T00:00:00.000Z,,excel-seed
seed-bending-1-109,,,2026-04-29,白,,,bending-1,Bending #1,LC 600 Flat Door,75170162,-,1631.35,326.27,5,1.4,1,485,5,30,25,971.35,0,0,55,60,360,0,0,,2026-06-27T00:00:00.000Z,,excel-seed
seed-bending-1-110,,,2026-04-30,白,,,bending-1,Bending #1,LC 600 Flat Door,75170162,-,1812.43,362.49,5,1.4,1,650,0,10,0,1077.43,0,0,75,0,587,12,0,,2026-06-27T00:00:00.000Z,,excel-seed
seed-bending-1-111,,,2026-05-02,白,,,bending-1,Bending #1,LC 600 Flat Door,75170162,-,1423.05,284.61,5,1.4,1,530,0,10,0,808.05,0,0,75,0,528,9,0,,2026-06-27T00:00:00.000Z,,excel-seed
seed-bending-1-112,,,2026-05-04,白,,,bending-1,Bending #1,LC 600 Box,75170145,-,1415.25,283.05,5,0.4,1,665,5,15,0,660.25,0,0,70,0,280,0,0,,2026-06-27T00:00:00.000Z,,excel-seed
seed-bending-1-113,,,2026-05-05,白,,,bending-1,Bending #1,LC 600 Box,75170145,-,1407.31,281.46,5,0.4,1,695,0,10,0,627.31,0,0,75,0,308,1,0,,2026-06-27T00:00:00.000Z,,excel-seed
seed-bending-1-114,,,2026-05-06,白,,,bending-1,Bending #1,LC 600 Box,75170145,-,1263.74,252.75,5,0.4,1,685,0,20,0,483.74,0,0,75,0,388,1,0,,2026-06-27T00:00:00.000Z,,excel-seed
seed-bending-1-115,,,2026-05-07,白,,,bending-1,Bending #1,LC 600 Box,75170145,-,1355.03,271.01,5,0.4,1,695,0,15,0,575.03,0,0,70,0,336,1,0,,2026-06-27T00:00:00.000Z,,excel-seed
seed-bending-1-116,,,2026-05-08,白,,,bending-1,Bending #1,LC 600 Box,75170145,-,844.18,168.84,5,0.4,1,415,15,0,0,364.18,0,0,40,10,196,1,0,,2026-06-27T00:00:00.000Z,,excel-seed
seed-bending-1-117,,,2026-05-09,白,,,bending-1,Bending #1,LC 600 Box,75170145,-,489.88,97.98,5,0.4,1,220,0,20,0,154.88,0,0,50,45,125,1,0,,2026-06-27T00:00:00.000Z,,excel-seed
seed-bending-1-118,,,2026-05-11,白,,,bending-1,Bending #1,LC 600 Flat Door,75170162,-,1376.01,275.2,5,1.4,1,540,5,15,0,716.01,0,10,90,0,586,3,0,,2026-06-27T00:00:00.000Z,,excel-seed
seed-bending-1-119,,,2026-05-12,白,,,bending-1,Bending #1,LC 600 Cover,75170154,-,512.1,102.42,5,1.4,1,205,10,5,0,257.1,0,0,25,10,240,0,0,,2026-06-27T00:00:00.000Z,,excel-seed
seed-bending-1-120,,,2026-05-12,白,,,bending-1,Bending #1,LC 600 Flat Door,75170162,-,891.69,178.34,5,1.4,1,360,5,5,0,471.69,0,0,50,0,390,0,0,,2026-06-27T00:00:00.000Z,,excel-seed
seed-bending-1-121,,,2026-05-13,白,,,bending-1,Bending #1,LC 600 Flat Door,75170162,-,1086.67,217.33,5,1.4,1,390,0,10,0,606.67,0,0,55,25,351,2,0,,2026-06-27T00:00:00.000Z,,excel-seed
seed-bending-1-122,,,2026-05-14,白,,,bending-1,Bending #1,LC 600 Flat Door,75170162,-,877.12,175.42,5,1.4,1,270,0,15,0,397.12,0,0,55,140,257,3,0,,2026-06-27T00:00:00.000Z,,excel-seed
seed-bending-1-123,,,2026-05-15,白,,,bending-1,Bending #1,LC 600 Flat Door,75170162,-,999.17,199.83,5,1.4,1,375,5,10,0,554.17,0,0,45,10,360,0,0,,2026-06-27T00:00:00.000Z,,excel-seed
seed-bending-1-124,,,2026-05-16,白,,,bending-1,Bending #1,LC 600 Cover,75170154,-,1221.24,244.25,5,1.4,1,435,35,35,0,561.24,0,0,70,85,510,0,0,,2026-06-27T00:00:00.000Z,,excel-seed
seed-bending-1-125,,,2026-05-18,白,,,bending-1,Bending #1,LC 600 Cover,75170154,-,680,136,5,1.4,1,295,10,15,0,295,0,0,40,25,427,1,0,,2026-06-27T00:00:00.000Z,,excel-seed
seed-bending-1-126,,,2026-05-18,白,,,bending-1,Bending #1,METAL BOX,DBF60-8-U,-,186.5,37.3,5,1.7,1,60,15,20,0,76.5,0,0,5,10,100,0,0,,2026-06-27T00:00:00.000Z,,excel-seed
seed-bending-1-127,,,2026-05-19,白,,,bending-1,Bending #1,LC 600 Flat Door,75170162,-,629.64,125.93,5,1.4,1,170,55,10,0,354.64,0,0,35,5,151,6,0,,2026-06-27T00:00:00.000Z,,excel-seed
seed-bending-1-128,,,2026-05-20,白,,,bending-1,Bending #1,LC 600 Box,75170145,-,412.42,82.48,5,0.4,1,185,0,15,0,207.42,0,0,0,5,66,0,0,,2026-06-27T00:00:00.000Z,,excel-seed
seed-bending-1-129,,,2026-05-22,白,,,bending-1,Bending #1,U BOX 750mm,BRU53716,-,1036.42,207.28,5,0.4,1,390,60,50,35,376.42,0,0,75,50,201,4,0,,2026-06-27T00:00:00.000Z,,excel-seed
seed-bending-1-130,,,2026-05-23,白,,,bending-1,Bending #1,U BOX 600mm,BRU53715,-,426,85.2,5,0.4,1,210,30,10,0,126,0,0,50,0,160,1,0,,2026-06-27T00:00:00.000Z,,excel-seed
seed-bending-1-131,,,2026-05-25,白,,,bending-1,Bending #1,U BOX 600mm,BRU53715,-,1046.79,209.36,5,0.4,1,570,0,15,0,386.79,0,0,75,0,336,0,0,,2026-06-27T00:00:00.000Z,,excel-seed
seed-bending-1-132,,,2026-05-26,白,,,bending-1,Bending #1,U BOX 600mm,BRU53715,-,191.82,38.36,5,0.4,1,80,5,20,0,61.82,0,0,15,10,44,0,0,,2026-06-27T00:00:00.000Z,,excel-seed
seed-bending-1-133,,,2026-05-26,白,,,bending-1,Bending #1,Cover EZ100 600mm 24w,BRU53720,1,772.22,154.44,5,1.4,1,390,15,10,0,297.22,0,0,55,5,744,0,0,,2026-06-27T00:00:00.000Z,,excel-seed
seed-bending-1-134,,,2026-05-26,白,,,bending-1,Bending #1,Cover EZ100 600mm 18w,BRU53719,1,120.5,24.1,5,1.4,1,60,5,5,0,45.5,0,0,5,0,120,0,0,,2026-06-27T00:00:00.000Z,,excel-seed
seed-bending-1-135,,,2026-05-27,白,,,bending-1,Bending #1,Cover EZ100 600mm 30w,BRU53721,1,530.45,106.09,5,1.4,1,245,5,15,0,215.45,0,0,45,5,398,0,0,,2026-06-27T00:00:00.000Z,,excel-seed
seed-bending-1-136,,,2026-05-27,白,,,bending-1,Bending #1,Cover EZ100 600mm 18w,BRU53719,1,592.58,118.52,5,1.4,1,285,5,10,0,242.58,0,0,40,10,477,0,0,,2026-06-27T00:00:00.000Z,,excel-seed
seed-bending-1-137,,,2026-05-28,白,,,bending-1,Bending #1,U BOX 750mm,BRU53716,-,389.41,77.88,5,0.4,1,220,5,25,0,129.41,0,0,10,0,153,0,0,,2026-06-27T00:00:00.000Z,,excel-seed
seed-bending-1-138,,,2026-05-30,白,,,bending-1,Bending #1,LC 600 Box,75170145,-,511.55,102.31,5,0.4,1,230,5,5,0,196.55,0,0,45,30,110,1,0,,2026-06-27T00:00:00.000Z,,excel-seed
seed-bending-1-139,,,2026-05-31,白,,,bending-1,Bending #1,LC 600 Box,75170145,-,823.81,164.76,5,0.4,1,380,0,20,0,343.81,0,0,30,50,168,0,0,,2026-06-27T00:00:00.000Z,,excel-seed
seed-bending-1-140,,,2026-06-03,白,,,bending-1,Bending #1,LC 600 Flat Door,75170162,-,971.76,194.35,5,1.4,1,335,15,20,0,551.76,0,50,0,0,340,2,0,,2026-06-27T00:00:00.000Z,,excel-seed
seed-bending-1-141,,,2026-06-04,白,,,bending-1,Bending #1,LC 600 Flat Door,75170162,-,1385.69,277.14,5,1.4,1,560,0,20,0,725.69,0,0,70,10,605,0,0,,2026-06-27T00:00:00.000Z,,excel-seed
seed-bending-1-142,,,2026-06-05,白,,,bending-1,Bending #1,LC 600 Flat Door,75170162,-,1390.11,278.02,5,1.4,1,570,0,20,0,730.11,0,0,70,0,623,0,0,,2026-06-27T00:00:00.000Z,,excel-seed
seed-bending-1-143,,,2026-06-08,白,,,bending-1,Bending #1,LC 600 Flat Door,75170162,-,372.8,74.56,5,1.4,1,125,5,10,0,192.8,0,0,35,5,118,1,0,,2026-06-27T00:00:00.000Z,,excel-seed
seed-bending-1-144,,,2026-06-08,白,,,bending-1,Bending #1,LC 600 Cover,75170154,-,1078,215.6,5,1.4,1,420,15,10,0,588,0,0,40,5,435,0,0,,2026-06-27T00:00:00.000Z,,excel-seed
seed-bending-1-145,,,2026-06-09,白,,,bending-1,Bending #1,LC 600 Cover,75170154,-,562.23,112.45,5,1.4,1,215,0,45,0,202.23,0,0,25,75,320,0,0,,2026-06-27T00:00:00.000Z,,excel-seed
seed-bending-1-146,,,2026-06-09,白,,,bending-1,Bending #1,LC 600 Flat Door,75170162,-,829.65,165.93,5,1.4,1,265,0,15,0,409.65,0,0,45,95,240,0,0,,2026-06-27T00:00:00.000Z,,excel-seed
seed-bending-1-147,,,2026-06-10,白,,,bending-1,Bending #1,LC 600 Flat Door,75170162,-,1008.12,201.62,5,1.4,1,355,0,15,0,588.12,0,0,45,5,300,2,0,,2026-06-27T00:00:00.000Z,,excel-seed
seed-bending-1-148,,,2026-06-11,白,,,bending-1,Bending #1,LC 600 Flat Door,75170163,-,986.81,197.36,5,1.4,1,395,0,25,0,506.81,0,0,35,25,431,0,0,,2026-06-27T00:00:00.000Z,,excel-seed
seed-bending-1-149,,,2026-06-15,白,,,bending-1,Bending #1,Cover LUG100 600mm 30w,BRU53727,1,226.36,45.27,5,1.4,1,45,20,20,0,41.36,0,0,30,70,99,0,0,,2026-06-27T00:00:00.000Z,,excel-seed
seed-bending-1-150,,,2026-06-15,白,,,bending-1,Bending #1,Cover EZ250 600mm 18w,BRU53731,1,106.25,21.25,5,1.4,1,25,5,40,0,26.25,0,0,0,10,40,0,0,,2026-06-27T00:00:00.000Z,,excel-seed
seed-bending-1-151,,,2026-06-15,白,,,bending-1,Bending #1,Cover EZ250 600mm 12w,BRU53730,1,97,19.4,5,1.4,1,30,5,15,0,42,0,0,0,5,35,0,0,,2026-06-27T00:00:00.000Z,,excel-seed
seed-bending-1-152,,,2026-06-15,白,,,bending-1,Bending #1,Cover EZ100 450mm 12w,BRU53718,1,210.18,42.04,5,1.4,1,95,10,20,0,70.18,0,0,10,5,199,1,0,,2026-06-27T00:00:00.000Z,,excel-seed
seed-bending-1-153,,,2026-06-15,白,,,bending-1,Bending #1,Cover EZ250 750mm 24w,BRU53732,1,143.06,28.61,5,1.4,1,35,15,20,0,68.06,0,0,5,0,36,0,0,,2026-06-27T00:00:00.000Z,,excel-seed
seed-bending-1-154,,,2026-06-16,白,,,bending-1,Bending #1,Cover LUG100 750mm 42w,BRU53729,1,152.31,30.46,5,1.4,1,30,0,20,0,32.31,0,0,15,55,39,0,0,,2026-06-27T00:00:00.000Z,,excel-seed
seed-bending-1-155,,,2026-06-16,白,,,bending-1,Bending #1,METAL BOX,DBF45-8-U,-,236.26,47.25,5,1.4,1,105,5,30,0,81.26,0,0,10,5,199,1,0,,2026-06-27T00:00:00.000Z,,excel-seed
seed-bending-1-156,,,2026-06-20,白,,,bending-1,Bending #1,Cover EZ250 900mm 36w,BRU53735,1,144.31,28.86,5,1.4,1,45,5,20,0,54.31,0,0,10,10,58,0,0,,2026-06-27T00:00:00.000Z,,excel-seed
seed-bending-1-157,,,2026-06-20,白,,,bending-1,Bending #1,Cover EZ250 900mm 42w,BRU53736,1,56.15,11.23,5,1.4,1,10,5,20,0,16.15,0,0,0,5,13,0,0,,2026-06-27T00:00:00.000Z,,excel-seed
seed-bending-1-158,,,2026-06-20,白,,,bending-1,Bending #1,U BOX 900mm,BRU53771,-,472.33,94.47,5,0.4,1,215,5,25,0,187.33,0,0,40,0,101,0,0,,2026-06-27T00:00:00.000Z,,excel-seed
seed-bending-1-159,,,2026-06-22,白,,,bending-1,Bending #1,Cover EZ250 750mm 24w,BRU53732,1,96.11,19.22,5,1.4,1,20,10,20,0,31.11,0,0,5,10,27,0,0,,2026-06-27T00:00:00.000Z,,excel-seed
seed-bending-1-160,,,2026-06-22,白,,,bending-1,Bending #1,Cover EZ250 750mm 30w,BRU53734,1,82.97,16.59,5,1.4,1,30,5,20,0,22.97,0,0,0,5,64,0,0,,2026-06-27T00:00:00.000Z,,excel-seed
seed-bending-1-161,,,2026-06-23,白,,,bending-1,Bending #1,Cover LUG100 450mm 12w,BRU53724,1,139.21,27.84,5,1.4,1,55,0,35,0,29.21,0,0,15,5,145,0,0,,2026-06-27T00:00:00.000Z,,excel-seed
seed-bending-1-162,,,2026-06-23,白,,,bending-1,Bending #1,LC 600 Box,75170145,-,266.79,53.36,5,0.4,1,135,0,5,0,86.79,0,0,40,0,84,0,0,,2026-06-27T00:00:00.000Z,,excel-seed
seed-bending-1-163,,,2026-06-24,白,,,bending-1,Bending #1,U BOX 600mm,BRU53715,-,610.17,122.03,5,0.4,1,340,0,25,0,200.17,0,0,40,5,231,0,0,,2026-06-27T00:00:00.000Z,,excel-seed
seed-bending-1-164,,,2026-06-24,白,,,bending-1,Bending #1,LC 600 Box,75170145,-,317.14,63.43,5,0.4,1,150,0,30,0,107.14,0,0,25,5,84,0,0,,2026-06-27T00:00:00.000Z,,excel-seed
seed-bending-1-165,,,2026-06-25,白,,,bending-1,Bending #1,U BOX 600mm,BRU53715,-,921.36,184.27,5,0.4,1,495,0,60,0,261.36,0,0,70,35,375,0,0,,2026-06-27T00:00:00.000Z,,excel-seed
seed-bending-1-166,,,2026-06-25,白,,,bending-1,Bending #1,U BOX 750mm,BRU53716,-,163.33,32.67,5,0.4,1,65,5,45,0,43.33,0,0,5,0,42,0,0,,2026-06-27T00:00:00.000Z,,excel-seed
seed-bending-1-167,,,2027-06-26,白,,,bending-1,Bending #1,U BOX 750mm,BRU53716,-,382.03,76.41,5,0.4,1,195,0,15,0,137.03,0,0,30,5,111,0,0,,2026-06-27T00:00:00.000Z,,excel-seed
seed-bending-1-168,,,2027-06-26,白,,,bending-1,Bending #1,U BOX 600mm,BRU53715,-,600.08,120.02,5,0.4,1,335,5,20,0,180.08,0,0,60,0,253,0,0,,2026-06-27T00:00:00.000Z,,excel-seed
seed-bending-2-1,,,2026-03-20,白,,,bending-2,Bending #2,LC 600 Cover,75170154,-,1275.44,255.09,5,1.4,1,465,0,5,0,495.44,0,0,85,225,611,3,0,,2026-06-27T00:00:00.000Z,,excel-seed
seed-bending-2-2,,,2026-03-21,白,,,bending-2,Bending #2,LC 600 Cover,75170154,-,1652.17,330.43,5,1.4,1,740,0,10,0,872.17,0,0,15,15,879,1,0,,2026-06-27T00:00:00.000Z,,excel-seed
seed-bending-2-3,,,2026-03-23,白,,,bending-2,Bending #2,LC 600 Cover,75170154,-,1561.06,312.21,5,1.4,1,550,0,25,0,901.06,0,0,60,25,470,4,0,,2026-06-27T00:00:00.000Z,,excel-seed
seed-bending-2-4,,,2026-03-24,白,,,bending-2,Bending #2,LC 600 Cover,75170154,-,1326.4,265.28,5,1.4,1,475,0,30,0,666.4,0,0,70,85,474,0,0,,2026-06-27T00:00:00.000Z,,excel-seed
seed-bending-2-5,,,2026-03-25,白,,,bending-2,Bending #2,LC 600 Flat Door,75170162,-,836.36,167.27,5,1.4,1,420,0,15,0,356.36,0,0,40,5,693,1,0,,2026-06-27T00:00:00.000Z,,excel-seed
seed-bending-2-6,,,2026-04-05,白,,,bending-2,Bending #2,U BOX 450mm,BRU53714,-,165,33,5,0.4,1,75,0,10,0,45,0,0,0,35,50,0,0,,2026-06-27T00:00:00.000Z,,excel-seed
seed-bending-2-7,,,2026-04-06,白,,,bending-2,Bending #2,LC 600 Cover,75170154,-,1144.3,228.86,5,1.4,1,405,0,10,0,604.3,0,0,45,80,380,0,0,,2026-06-27T00:00:00.000Z,,excel-seed
seed-bending-2-8,,,2026-04-07,白,,,bending-2,Bending #2,Cover EZ100 450mm 12w,BRU53718,2,338,67.6,5,1.4,1,160,15,10,0,98,0,0,0,55,400,0,0,,2026-06-27T00:00:00.000Z,,excel-seed
seed-bending-2-9,,,2026-04-07,白,,,bending-2,Bending #2,LC 600 Cover,75170154,-,2120.09,424.02,5,1.4,1,515,50,0,0,1460.09,0,0,70,25,279,1,0,,2026-06-27T00:00:00.000Z,,excel-seed
seed-bending-2-10,,,2026-04-08,白,,,bending-2,Bending #2,U BOX 450mm,BRU53714,-,1054.17,210.83,5,0.4,1,510,60,25,0,394.17,0,0,65,0,295,0,0,,2026-06-27T00:00:00.000Z,,excel-seed
seed-bending-2-11,,,2026-04-08,白,,,bending-2,Bending #2,Cover EZ100 450mm 12w,BRU53718,2,337.07,67.41,5,1.4,1,130,30,25,0,97.07,0,0,0,55,300,0,0,,2026-06-27T00:00:00.000Z,,excel-seed
seed-bending-2-12,,,2026-04-09,白,,,bending-2,Bending #2,Cover EZ100 450mm 12w,BRU53718,2,486.42,97.28,5,1.4,1,210,5,10,0,126.42,0,0,25,110,500,0,0,,2026-06-27T00:00:00.000Z,,excel-seed
seed-bending-2-13,,,2026-04-09,白,,,bending-2,Bending #2,U BOX 600mm,BRU53715,-,825.31,165.06,5,0.4,1,385,30,20,0,285.31,0,0,45,60,224,0,0,,2026-06-27T00:00:00.000Z,,excel-seed
seed-bending-2-14,,,2026-04-10,白,,,bending-2,Bending #2,Cover EZ100 600mm 18w,BRU53719,2,808.8,161.76,5,1.4,1,320,40,10,0,268.8,0,0,40,130,600,0,0,,2026-06-27T00:00:00.000Z,,excel-seed
seed-bending-2-15,,,2026-04-10,白,,,bending-2,Bending #2,U BOX 600mm,BRU53715,-,306.82,61.36,5,0.4,1,105,0,5,0,66.82,0,0,25,105,66,0,0,,2026-06-27T00:00:00.000Z,,excel-seed
seed-bending-2-16,,,2026-04-23,白,,,bending-2,Bending #2,LC 600 Box,75170145,-,1126.21,225.24,5,0.4,1,520,0,25,0,466.21,0,0,65,50,232,0,0,,2026-06-27T00:00:00.000Z,,excel-seed
seed-bending-2-17,,,2026-04-24,白,,,bending-2,Bending #2,LC 600 Box,75170145,-,1111.66,222.33,5,0.4,1,495,0,15,0,451.66,0,0,85,65,217,0,0,,2026-06-27T00:00:00.000Z,,excel-seed
seed-bending-2-18,,,2026-04-28,白,,,bending-2,Bending #2,LC 600 Box,75170145,-,877.92,175.58,5,0.4,1,385,0,10,0,397.92,0,0,50,35,149,11,0,,2026-06-27T00:00:00.000Z,,excel-seed
seed-bending-2-19,,,2026-04-29,白,,,bending-2,Bending #2,METAL BOX,DBF45-8-U,-,1021.98,204.4,5,1.7,1,375,0,0,0,481.98,0,0,45,120,496,2,0,,2026-06-27T00:00:00.000Z,,excel-seed
seed-bending-2-20,,,2026-04-30,白,,,bending-2,Bending #2,LC 600 Cover,75170155,-,853.25,170.65,5,1.4,1,350,5,10,0,448.25,0,0,40,0,399,0,0,,2026-06-27T00:00:00.000Z,,excel-seed
seed-bending-2-21,,,2026-04-30,白,,,bending-2,Bending #2,METAL BOX WH CSL,DBS30-8-U,-,1446.52,289.3,5,1.7,1,240,5,5,0,1086.52,0,0,10,100,92,1,0,,2026-06-27T00:00:00.000Z,,excel-seed
seed-bending-2-22,,,2026-05-02,白,,,bending-2,Bending #2,LC 600 Cover,75170152,-,1225.8,245.16,5,1.4,1,445,10,15,0,565.8,0,0,75,115,501,0,0,,2026-06-27T00:00:00.000Z,,excel-seed
seed-bending-2-23,,,2026-05-04,白,,,bending-2,Bending #2,LC 600 Box,75170145,-,1355.22,271.04,5,0.4,1,630,0,55,0,575.22,0,0,80,15,276,4,0,,2026-06-27T00:00:00.000Z,,excel-seed
seed-bending-2-24,,,2026-05-05,白,,,bending-2,Bending #2,LC 600 Box,75170145,-,603.25,120.65,5,0.4,1,220,0,50,0,233.25,0,0,40,60,83,1,0,,2026-06-27T00:00:00.000Z,,excel-seed
seed-bending-2-25,,,2026-05-07,白,,,bending-2,Bending #2,LC 600 Box,75170145,-,1326.59,265.32,5,0.4,1,610,15,20,0,546.59,0,0,85,50,279,1,0,,2026-06-27T00:00:00.000Z,,excel-seed
seed-bending-2-26,,,2026-05-08,白,,,bending-2,Bending #2,LC 600 Cover,75170154,-,1360.49,272.1,5,1.4,1,565,0,15,0,700.49,0,0,80,0,638,0,0,,2026-06-27T00:00:00.000Z,,excel-seed
seed-bending-2-27,,,2026-05-09,白,,,bending-2,Bending #2,LC 600 Cover,75170154,-,1174.31,234.86,5,1.4,1,345,0,50,0,694.31,0,0,55,30,240,0,0,,2026-06-27T00:00:00.000Z,,excel-seed
seed-bending-2-28,,,2026-05-11,白,,,bending-2,Bending #2,LC 600 Cover,75170154,-,517.97,103.59,5,1.4,1,175,0,20,0,267.97,0,0,45,10,160,0,0,,2026-06-27T00:00:00.000Z,,excel-seed
seed-bending-2-29,,,2026-05-12,白,,,bending-2,Bending #2,LC 600 Cover,75170154,-,1006.82,201.36,5,1.4,1,425,0,10,0,526.82,0,0,45,0,480,0,0,,2026-06-27T00:00:00.000Z,,excel-seed
seed-bending-2-30,,,2026-05-13,白,,,bending-2,Bending #2,LC 600 Flat Door,75170162,-,1483.08,296.62,5,1.4,1,285,95,25,0,1023.08,0,0,55,0,156,8,0,,2026-06-27T00:00:00.000Z,,excel-seed
seed-bending-2-31,,,2026-05-14,白,,,bending-2,Bending #2,LC 600 Flat Door,75170162,-,1640.46,328.09,5,1.4,1,290,0,20,0,1280.46,0,0,50,0,130,3,0,,2026-06-27T00:00:00.000Z,,excel-seed
seed-bending-2-32,,,2026-05-15,白,,,bending-2,Bending #2,LC 600 Flat Door,75170162,-,1541.31,308.26,5,1.4,1,480,0,15,0,881.31,0,0,75,90,366,16,0,,2026-06-27T00:00:00.000Z,,excel-seed
seed-bending-2-33,,,2026-05-22,白,,,bending-2,Bending #2,Cover EZ100 750mm 36w,BRU53722,1/2,918.81,183.76,5,1.4,1,300,50,0,0,438.81,0,0,10,120,335,1,0,,2026-06-27T00:00:00.000Z,,excel-seed
seed-bending-2-34,,,2026-05-22,白,,,bending-2,Bending #2,Cover EZ100 750mm 36w,BRU53722,2/2,221.06,44.21,5,1.4,1,130,10,5,0,76.06,0,0,0,0,335,0,0,,2026-06-27T00:00:00.000Z,,excel-seed
seed-bending-2-35,,,2026-05-22,白,,,bending-2,Bending #2,Cover EZ100 750mm 42w,BRU53723,1/2,318.57,63.71,5,1.4,1,105,10,5,0,138.57,0,0,35,25,122,1,0,,2026-06-27T00:00:00.000Z,,excel-seed
seed-bending-2-36,,,2026-05-22,白,,,bending-2,Bending #2,Cover EZ100 750mm 42w,BRU53723,2/2,172.21,34.44,5,1.4,1,65,5,5,0,52.21,0,0,0,45,122,1,0,,2026-06-27T00:00:00.000Z,,excel-seed
seed-bending-2-37,,,2026-05-23,白,,,bending-2,Bending #2,METAL BOX WH CSL,DBS45-8-U,-,411.86,82.37,5,1.7,1,155,5,20,0,211.86,0,0,10,10,199,0,0,,2026-06-27T00:00:00.000Z,,excel-seed
seed-bending-2-38,,,2026-05-25,白,,,bending-2,Bending #2,U BOX 600mm,BRU53715,-,730,146,5,0.4,1,350,0,40,0,250,0,0,45,45,196,0,0,,2026-06-27T00:00:00.000Z,,excel-seed
seed-bending-2-39,,,2026-05-26,白,,,bending-2,Bending #2,U BOX 600mm,BRU53715,-,210,42,5,0.4,1,90,0,15,0,90,0,0,0,15,36,0,0,,2026-06-27T00:00:00.000Z,,excel-seed
seed-bending-2-40,,,2026-05-26,白,,,bending-2,Bending #2,Cover EZ100 600mm 24w,BRU53720,2/2,999.54,199.91,5,1.4,1,435,60,0,0,459.54,0,0,40,5,656,0,0,,2026-06-27T00:00:00.000Z,,excel-seed
seed-bending-2-41,,,2026-05-27,白,,,bending-2,Bending #2,Cover EZ100 600mm 24w,BRU53720,2/2,158.46,31.69,5,1.4,1,60,0,15,0,48.46,0,0,30,5,104,0,0,,2026-06-27T00:00:00.000Z,,excel-seed
seed-bending-2-42,,,2026-05-27,白,,,bending-2,Bending #2,Cover EZ100 600mm 18w,BRU53719,2/2,647.55,129.51,5,1.4,1,335,5,15,0,267.55,0,0,20,5,596,1,0,,2026-06-27T00:00:00.000Z,,excel-seed
seed-bending-2-43,,,2026-05-27,白,,,bending-2,Bending #2,Cover EZ100 600mm 30w,BRU53721,2/2,286.77,57.35,5,1.4,1,135,5,5,0,101.77,0,0,40,0,260,0,0,,2026-06-27T00:00:00.000Z,,excel-seed
seed-bending-2-44,,,2026-05-28,白,,,bending-2,Bending #2,Cover EZ100 600mm 30w,BRU53721,2/2,211.56,42.31,5,1.4,1,95,0,15,0,91.56,0,0,0,10,138,0,0,,2026-06-27T00:00:00.000Z,,excel-seed
seed-bending-2-45,,,2026-05-30,白,,,bending-2,Bending #2,LC 600 Box,75170145,-,322.55,64.51,5,0.4,1,140,0,0,0,142.55,0,0,30,10,55,1,0,,2026-06-27T00:00:00.000Z,,excel-seed
seed-bending-2-46,,,2026-05-31,白,,,bending-2,Bending #2,LC 600 Box,75170145,-,794.1,158.82,5,0.4,1,350,0,20,0,314.1,0,0,30,80,156,1,0,,2026-06-27T00:00:00.000Z,,excel-seed
seed-bending-2-47,,,2026-06-04,白,,,bending-2,Bending #2,LC 600 Flat Door,75170162,-,1463.91,292.78,5,1.4,1,430,0,10,0,803.91,0,0,60,160,322,3,0,,2026-06-27T00:00:00.000Z,,excel-seed
seed-bending-2-48,,,2026-06-05,白,,,bending-2,Bending #2,LC 600 Flat Door,75170162,-,1608.3,321.66,5,1.4,1,555,0,25,0,958.3,0,0,65,5,450,1,0,,2026-06-27T00:00:00.000Z,,excel-seed
seed-bending-2-49,,,2026-06-08,白,,,bending-2,Bending #2,LC 600 Cover,75170154,-,457.06,91.41,5,1.4,1,180,25,20,0,217.06,0,0,15,0,238,2,0,,2026-06-27T00:00:00.000Z,,excel-seed
seed-bending-2-50,,,2026-06-09,白,,,bending-2,Bending #2,LC 600 Cover,75170154,-,763.6,152.72,5,1.4,1,260,5,10,0,403.6,0,0,25,60,239,1,0,,2026-06-27T00:00:00.000Z,,excel-seed
seed-bending-2-51,,,2026-06-09,白,,,bending-2,Bending #2,LC 600 Flat Door,75170162,-,266.15,53.23,5,1.4,1,95,5,10,0,146.15,0,0,10,0,91,1,0,,2026-06-27T00:00:00.000Z,,excel-seed
seed-bending-2-52,,,2026-06-10,白,,,bending-2,Bending #2,LC 600 Flat Door,75170162,-,445.29,89.06,5,1.4,1,145,0,20,0,245.29,0,0,30,5,120,0,0,,2026-06-27T00:00:00.000Z,,excel-seed
seed-bending-2-53,,,2026-06-11,白,,,bending-2,Bending #2,LC 600 Flat Door,75170162,-,859.57,171.91,5,1.4,1,325,0,15,0,494.57,0,0,20,5,299,1,0,,2026-06-27T00:00:00.000Z,,excel-seed
seed-bending-2-54,,,2026-06-15,白,,,bending-2,Bending #2,Cover LUG100 600mm 30w,BRU53727,2/2,210.15,42.03,5,1.4,1,60,5,35,0,55.15,0,0,55,0,99,0,0,,2026-06-27T00:00:00.000Z,,excel-seed
seed-bending-2-55,,,2026-06-15,白,,,bending-2,Bending #2,Cover EZ250 600mm 18w,BRU53731,2/2,81.25,16.25,5,1.4,1,25,5,20,0,26.25,0,0,0,5,40,0,0,,2026-06-27T00:00:00.000Z,,excel-seed
seed-bending-2-56,,,2026-06-15,白,,,bending-2,Bending #2,Cover EZ250 600mm 12w,BRU53730,2/2,65,13,5,1.4,1,20,5,15,0,20,0,0,0,5,35,0,0,,2026-06-27T00:00:00.000Z,,excel-seed
seed-bending-2-57,,,2026-06-15,白,,,bending-2,Bending #2,Cover EZ100 450mm 12w,BRU53718,2/2,206.83,41.37,5,1.4,1,95,5,20,0,66.83,0,0,10,10,199,0,0,,2026-06-27T00:00:00.000Z,,excel-seed
seed-bending-2-58,,,2026-06-16,白,,,bending-2,Bending #2,Cover EZ250 750mm 24w,BRU53732,2/2,134.44,26.89,5,1.4,1,20,5,15,0,19.44,0,0,20,55,36,0,0,,2026-06-27T00:00:00.000Z,,excel-seed
seed-bending-2-59,,,2026-06-16,白,,,bending-2,Bending #2,Cover LUG100 750mm 42w,BRU53729,2/2,115.26,23.05,5,1.4,1,35,5,10,0,50.26,0,0,10,5,39,0,0,,2026-06-27T00:00:00.000Z,,excel-seed
seed-bending-2-60,,,2026-06-20,白,,,bending-2,Bending #2,Cover EZ250 900mm 36w,BRU53735,2/2,148.02,29.6,5,1.4,1,55,0,15,0,73.02,0,0,0,5,58,0,0,,2026-06-27T00:00:00.000Z,,excel-seed
seed-bending-2-61,,,2026-06-20,白,,,bending-2,Bending #2,Cover EZ250 900mm 42w,BRU53736,2/2,54.23,10.85,5,1.4,1,15,0,10,0,24.23,0,0,0,5,13,0,0,,2026-06-27T00:00:00.000Z,,excel-seed
seed-bending-2-62,,,2026-06-22,白,,,bending-2,Bending #2,Cover EZ250 750mm 24w,BRU53732,2/2,135.56,27.11,5,1.4,1,15,5,15,0,15.56,0,0,10,75,27,0,0,,2026-06-27T00:00:00.000Z,,excel-seed
seed-bending-2-63,,,2026-06-22,白,,,bending-2,Bending #2,Cover EZ250 750mm 30w,BRU53734,2/2,146.8,29.36,5,1.4,1,35,0,10,0,26.8,0,0,0,75,64,0,0,,2026-06-27T00:00:00.000Z,,excel-seed
seed-bending-2-64,,,2026-06-23,白,,,bending-2,Bending #2,Cover LUG100 450mm 12w,BRU53724,2/2,143.93,28.79,5,1.4,1,65,5,10,0,43.93,0,0,10,10,145,0,0,,2026-06-27T00:00:00.000Z,,excel-seed
seed-bending-2-65,,,2026-06-24,白,,,bending-2,Bending #2,U BOX 600mm,BRU53715,-,821.21,164.24,5,0.4,1,385,0,20,0,326.21,0,0,50,40,203,0,2,,2026-06-27T00:00:00.000Z,,excel-seed
seed-sw4-nms-1,,,2026-01-30,白,,,sw4-nms,SW4 NMS,Matal Box4-6WAY,BRU30887,-,776.21,155.24,5,1.5,1,355,0,40,30,291.21,0,0,60,0,704,11,0,,2026-06-27T00:00:00.000Z,,excel-seed
seed-sw4-nms-2,,,2026-01-31,白,,,sw4-nms,SW4 NMS,Matal Box4-6WAY,BRU30887,-,408.86,81.77,5,1.5,1,190,0,10,15,168.86,0,0,20,5,346,0,0,,2026-06-27T00:00:00.000Z,,excel-seed
seed-sw4-nms-3,,,2026-02-04,白,,,sw4-nms,SW4 NMS,Metal Box 14WAY,BRU30889,-,1432.86,286.57,5,1.5,1,500,0,10,0,892.86,0,0,0,30,420,0,0,,2026-06-27T00:00:00.000Z,,excel-seed
seed-sw4-nms-4,,,2026-02-05,白,,,sw4-nms,SW4 NMS,Metal Box 14WAY,BRU30889,-,1321.73,264.35,5,1.5,1,545,0,5,20,661.73,0,0,90,0,698,1,0,,2026-06-27T00:00:00.000Z,,excel-seed
seed-sw4-nms-5,,,2026-02-06,白,,,sw4-nms,SW4 NMS,Metal Box 14WAY,BRU30889,-,644.64,128.93,5,1.5,1,290,0,5,25,279.64,0,0,40,5,490,0,0,,2026-06-27T00:00:00.000Z,,excel-seed
seed-sw4-nms-6,,,2026-02-07,白,,,sw4-nms,SW4 NMS,Matal Box8-10WAY,BRU30888,-,968.03,193.61,5,1.5,1,425,0,90,30,363.03,0,0,60,0,799,1,0,,2026-06-27T00:00:00.000Z,,excel-seed
seed-sw4-nms-7,,,2026-02-10,白,,,sw4-nms,SW4 NMS,Metal Box 14WAY,BRU30889,-,524.84,104.97,5,1.5,1,145,5,15,0,339.84,0,0,20,0,96,1,0,,2026-06-27T00:00:00.000Z,,excel-seed
seed-sw4-nms-8,,,2026-02-10,白,,,sw4-nms,SW4 NMS,Matal Box4-6WAY,BRU30887,-,1381.76,276.35,5,1.5,1,535,0,55,0,716.76,0,0,5,70,599,1,0,,2026-06-27T00:00:00.000Z,,excel-seed
seed-sw4-nms-9,,,2026-02-11,白,,,sw4-nms,SW4 NMS,Matal Box4-6WAY,BRU30887,-,1146.87,229.37,5,1.5,1,470,0,35,0,606.87,0,0,35,0,546,1,0,,2026-06-27T00:00:00.000Z,,excel-seed
seed-sw4-nms-10,,,2026-02-12,白,,,sw4-nms,SW4 NMS,Matal Box4-6WAY,BRU30887,-,694.98,139,5,1.5,1,310,0,20,0,339.98,0,0,20,5,424,0,0,,2026-06-27T00:00:00.000Z,,excel-seed
seed-sw4-nms-11,,,2026-02-21,白,,,sw4-nms,SW4 NMS,Matal Box4-6WAY,BRU30887,-,1164.31,232.86,5,1.5,1,445,0,120,0,504.31,0,0,0,95,589,1,0,,2026-06-27T00:00:00.000Z,,excel-seed
seed-sw4-nms-12,,,2026-02-23,白,,,sw4-nms,SW4 NMS,Matal Box8-10WAY,BRU30888,-,492.05,98.41,5,1.5,1,130,0,75,0,192.05,0,0,0,95,132,3,0,,2026-06-27T00:00:00.000Z,,excel-seed
seed-sw4-nms-13,,,2026-02-23,白,,,sw4-nms,SW4 NMS,Matal Box4-6WAY,BRU30887,-,862,172.4,5,1.5,1,360,0,30,0,432,0,0,35,5,450,0,0,,2026-06-27T00:00:00.000Z,,excel-seed
seed-sw4-nms-14,,,2026-02-24,白,,,sw4-nms,SW4 NMS,Matal Box8-10WAY,BRU30888,-,1276.31,255.26,5,1.5,1,460,0,110,0,616.31,0,0,35,55,515,1,0,,2026-06-27T00:00:00.000Z,,excel-seed
seed-sw4-nms-15,,,2026-02-25,白,,,sw4-nms,SW4 NMS,Matal Box8-10WAY,BRU30888,-,1033.19,206.64,5,1.5,1,415,0,20,0,553.19,0,0,25,20,467,6,0,,2026-06-27T00:00:00.000Z,,excel-seed
seed-sw4-nms-16,,,2026-02-27,白,,,sw4-nms,SW4 NMS,Matal Box8-10WAY,BRU30888,-,1231.99,246.4,5,1.5,1,470,0,20,0,671.99,0,0,20,50,598,2,0,,2026-06-27T00:00:00.000Z,,excel-seed
seed-sw4-nms-17,,,2026-02-28,白,,,sw4-nms,SW4 NMS,Matal Box8-10WAY,BRU30888,-,530.4,106.08,5,1.5,1,220,0,10,0,290.4,0,0,0,10,250,0,0,,2026-06-27T00:00:00.000Z,,excel-seed
seed-sw4-nms-18,,,2026-03-02,白,,,sw4-nms,SW4 NMS,Matal Box8-10WAY,BRU30888,-,572.34,114.47,5,1.5,1,115,0,10,0,417.34,0,0,20,10,62,0,0,,2026-06-27T00:00:00.000Z,,excel-seed
seed-sw4-nms-19,,,2026-03-03,白,,,sw4-nms,SW4 NMS,Matal Box8-10WAY,BRU30888,-,646.41,129.28,5,1.5,1,155,0,205,0,266.41,0,0,20,0,240,3,0,,2026-06-27T00:00:00.000Z,,excel-seed
seed-sw4-nms-20,,,2026-05-08,白,,,sw4-nms,SW4 NMS,Metal Box 14WAY,BRU30889,-,995.1,199.02,5,1.5,1,385,0,0,0,570.1,0,0,35,5,390,5,0,,2026-06-27T00:00:00.000Z,,excel-seed
seed-sw4-nms-21,,,2026-05-11,白,,,sw4-nms,SW4 NMS,Matal Box4-6WAY,BRU30887,-,1255.29,251.06,5,1.5,1,440,0,65,20,595.29,0,0,130,5,510,2,0,,2026-06-27T00:00:00.000Z,,excel-seed
seed-sw4-nms-22,,,2026-05-12,白,,,sw4-nms,SW4 NMS,Matal Box4-6WAY,BRU30887,-,690.83,138.17,5,1.5,1,285,0,50,0,300.83,0,0,55,0,405,1,0,,2026-06-27T00:00:00.000Z,,excel-seed
seed-sw4-nms-23,,,2026-05-15,白,,,sw4-nms,SW4 NMS,Matal Box4-6WAY,BRU30887,-,930.65,186.13,5,1.5,1,390,0,180,25,270.65,0,0,60,5,897,2,0,,2026-06-27T00:00:00.000Z,,excel-seed
seed-sw4-nms-24,,,2026-05-16,白,,,sw4-nms,SW4 NMS,Matal Box4-6WAY,BRU30887,-,1110.23,222.05,5,1.5,1,445,0,65,100,450.23,0,0,45,5,808,3,0,,2026-06-27T00:00:00.000Z,,excel-seed
seed-sw4-nms-25,,,2026-05-18,白,,,sw4-nms,SW4 NMS,Matal Box4-6WAY,BRU30887,-,1116.21,223.24,5,1.5,1,410,0,40,110,456.21,0,0,95,5,701,1,0,,2026-06-27T00:00:00.000Z,,excel-seed
seed-sw4-nms-26,,,2026-05-19,白,,,sw4-nms,SW4 NMS,Matal Box4-6WAY,BRU30887,-,1048,209.6,5,1.5,1,440,0,50,55,388,0,0,110,5,842,1,0,,2026-06-27T00:00:00.000Z,,excel-seed
seed-sw4-nms-27,,,2026-05-20,白,,,sw4-nms,SW4 NMS,Matal Box4-6WAY,BRU30887,-,790.31,158.06,5,1.5,1,235,5,5,70,455.31,0,0,20,0,240,1,0,,2026-06-27T00:00:00.000Z,,excel-seed
seed-sw4-nms-28,,,2026-05-21,白,,,sw4-nms,SW4 NMS,BOX 2+10，10 WAY,NVE96528,-,1984.29,396.86,5,0.9,1,40,0,85,475,1324.29,0,0,60,0,14,3,0,,2026-06-27T00:00:00.000Z,,excel-seed
seed-sw4-nms-29,,,2026-05-22,白,,,sw4-nms,SW4 NMS,Resi Box Bracket,NVE96549,-,1333.87,266.77,5,0.9,1,360,5,60,130,673.87,0,0,100,5,238,1,0,,2026-06-27T00:00:00.000Z,,excel-seed
seed-sw4-nms-30,,,2026-05-22,夜,,,sw4-nms,SW4 NMS,Metal Box 14WAY,BRU30889,-,796.56,159.31,5,1.5,1,350,0,0,0,361.56,0,15,65,5,530,0,0,,2026-06-27T00:00:00.000Z,,excel-seed
seed-sw4-nms-31,,,2026-05-23,白,,,sw4-nms,SW4 NMS,Metal Box 14WAY,BRU30889,-,1147.45,229.49,5,1.5,1,490,0,45,20,487.45,0,0,100,5,769,1,0,,2026-06-27T00:00:00.000Z,,excel-seed
seed-sw4-nms-32,,,2026-05-25,白,,,sw4-nms,SW4 NMS,Matal Box4-6WAY,BRU30887,-,1267.94,253.59,5,1.5,1,555,0,15,0,607.94,0,0,90,0,760,1,0,,2026-06-27T00:00:00.000Z,,excel-seed
seed-sw4-nms-33,,,2026-05-25,夜,,,sw4-nms,SW4 NMS,Matal Box4-6WAY,BRU30887,-,310.49,62.1,5,1.5,1,165,0,0,15,125.49,0,0,0,5,355,1,0,,2026-06-27T00:00:00.000Z,,excel-seed
seed-sw4-nms-34,,,2026-05-26,白,,,sw4-nms,SW4 NMS,Matal Box4-6WAY,BRU30887,-,1137.04,227.41,5,1.5,1,490,0,30,50,477.04,0,0,90,0,832,2,0,,2026-06-27T00:00:00.000Z,,excel-seed
seed-sw4-nms-35,,,2026-05-26,夜,,,sw4-nms,SW4 NMS,Matal Box4-6WAY,BRU30887,-,294.61,58.92,5,1.5,1,155,0,0,0,119.61,0,0,20,0,311,2,0,,2026-06-27T00:00:00.000Z,,excel-seed
seed-sw4-nms-36,,,2026-05-27,白,,,sw4-nms,SW4 NMS,Matal Box4-6WAY,BRU30887,-,756.9,151.38,5,1.5,1,220,0,15,145,276.9,0,0,55,45,435,1,0,,2026-06-27T00:00:00.000Z,,excel-seed
seed-sw4-nms-37,,,2026-06-03,白,,,sw4-nms,SW4 NMS,Matal Box4-6WAY,BRU30887,-,952.5,190.5,5,1.5,1,325,0,75,0,312.5,0,0,235,5,507,3,0,,2026-06-27T00:00:00.000Z,,excel-seed
seed-sw4-nms-38,,,2026-06-03,夜,,,sw4-nms,SW4 NMS,Matal Box4-6WAY,BRU30887,-,404.9,80.98,5,1.5,1,190,0,15,0,179.9,0,0,20,0,301,2,0,,2026-06-27T00:00:00.000Z,,excel-seed
seed-sw4-nms-39,,,2026-06-04,白,,,sw4-nms,SW4 NMS,Matal Box4-6WAY,BRU30887,-,1293.16,258.63,5,1.5,1,395,0,35,150,633.16,0,0,80,0,510,2,0,,2026-06-27T00:00:00.000Z,,excel-seed
seed-sw4-nms-40,,,2026-06-10,白,,,sw4-nms,SW4 NMS,Matal Box8-10WAY,BRU30888,-,899.1,179.82,5,1.5,1,425,0,50,0,339.1,0,0,80,5,799,1,0,,2026-06-27T00:00:00.000Z,,excel-seed
seed-sw4-nms-41,,,2026-06-10,夜,,,sw4-nms,SW4 NMS,Matal Box8-10WAY,BRU30888,-,957.84,191.57,5,1.5,1,425,0,15,0,477.84,0,0,40,0,567,0,0,,2026-06-27T00:00:00.000Z,,excel-seed
seed-sw4-nms-42,,,2026-06-11,白,,,sw4-nms,SW4 NMS,Matal Box8-10WAY,BRU30888,-,950.54,190.11,5,1.5,1,405,0,90,0,390.54,0,0,65,0,700,1,0,,2026-06-27T00:00:00.000Z,,excel-seed
seed-sw4-nms-43,,,2026-06-12,白,,,sw4-nms,SW4 NMS,Matal Box8-10WAY,BRU30888,-,676.36,135.27,5,1.5,1,285,0,80,0,271.36,0,0,40,0,512,3,0,,2026-06-27T00:00:00.000Z,,excel-seed
seed-sw4-nms-44,,,2026-06-13,白,,,sw4-nms,SW4 NMS,Matal Box8-10WAY,BRU30888,-,919.69,183.94,5,1.5,1,250,0,45,155,379.69,0,0,90,0,400,1,0,,2026-06-27T00:00:00.000Z,,excel-seed
seed-sw4-nms-45,,,2026-06-16,白,,,sw4-nms,SW4 NMS,Matal Box4-6WAY,BRU30887,-,1380.36,276.07,5,1.5,1,415,0,55,115,720.36,0,0,75,0,458,0,2,,2026-06-27T00:00:00.000Z,,excel-seed
seed-sw4-nms-46,,,2026-06-17,白,,,sw4-nms,SW4 NMS,Matal Box4-6WAY,BRU30887,-,1197.61,239.52,5,1.5,1,325,0,50,190,537.61,0,0,95,0,467,0,2,,2026-06-27T00:00:00.000Z,,excel-seed
seed-sw4-nms-47,,,2026-06-17,夜,,,sw4-nms,SW4 NMS,Matal Box4-6WAY,BRU30887,-,413.25,82.65,5,1.5,1,105,5,0,0,173.25,0,0,70,60,100,0,1,,2026-06-27T00:00:00.000Z,,excel-seed
seed-sw4-nms-48,,,2026-06-18,白,,,sw4-nms,SW4 NMS,Matal Box4-6WAY,BRU30887,-,1374.46,274.89,5,1.5,1,115,0,5,440,714.46,0,0,100,0,134,0,6,,2026-06-27T00:00:00.000Z,,excel-seed
seed-sw4-nms-49,,,2026-06-19,白,,,sw4-nms,SW4 NMS,Matal Box4-6WAY,BRU30887,-,1322.78,264.56,5,1.5,1,370,0,35,165,662.78,0,0,90,0,448,0,2,,2026-06-27T00:00:00.000Z,,excel-seed
seed-sw4-nms-50,,,2026-06-20,白,,,sw4-nms,SW4 NMS,Matal Box4-6WAY,BRU30887,-,2014.75,402.95,5,1.5,1,225,0,0,345,1354.75,0,0,90,0,142,0,8,,2026-06-27T00:00:00.000Z,,excel-seed
seed-sw4-nms-51,,,2026-06-23,白,,,sw4-nms,SW4 NMS,Matal Box4-6WAY,BRU30887,-,875.25,175.05,5,1.5,1,180,0,35,205,395.25,0,0,60,0,263,0,2,,2026-06-27T00:00:00.000Z,,excel-seed
seed-sw4-nms-52,,,2026-06-24,白,,,sw4-nms,SW4 NMS,Matal Box4-6WAY,BRU30887,-,1298.79,259.76,5,1.5,1,390,0,80,85,638.79,0,0,105,0,435,0,2,,2026-06-27T00:00:00.000Z,,excel-seed
seed-sw4-nms-53,,,2026-06-25,白,,,sw4-nms,SW4 NMS,Matal Box4-6WAY,BRU30887,-,1242.45,248.49,5,1.5,1,210,0,75,280,582.45,0,0,95,0,265,0,2,,2026-06-27T00:00:00.000Z,,excel-seed
seed-sw5-cu-1,,,2026-05-07,白,,,sw5-cu,SW5 CU,Metal Cover 10-Way,NVE96526,-,666.64,133.33,5,0.9,1,330,0,15,0,281.64,0,0,40,0,348,2,0,,2026-06-27T00:00:00.000Z,,excel-seed
seed-sw5-cu-2,,,2026-05-08,白,,,sw5-cu,SW5 CU,Metal Cover 10-Way,NVE96526,-,875.54,175.11,5,0.9,1,405,0,10,0,390.54,0,0,70,0,378,16,0,,2026-06-27T00:00:00.000Z,,excel-seed
seed-sw5-cu-3,,,2026-06-04,白,,,sw5-cu,SW5 CU,Metal Cover 10-Way,NVE96526,-,860.61,172.12,5,0.9,1,355,0,25,0,380.61,0,0,100,0,298,2,0,,2026-06-27T00:00:00.000Z,,excel-seed
seed-sw5-cu-4,,,2026-06-08,白,,,sw5-cu,SW5 CU,Metal Cover 10-Way,NVE96526,-,1103.37,220.67,5,0.9,1,565,0,0,0,443.37,0,0,95,0,648,10,0,,2026-06-27T00:00:00.000Z,,excel-seed
seed-sw5-cu-5,,,2026-06-09,白,,,sw5-cu,SW5 CU,Metal Cover 10-Way,NVE96526,-,792.92,158.58,5,0.9,1,365,0,0,0,367.92,0,0,60,0,375,5,0,,2026-06-27T00:00:00.000Z,,excel-seed
seed-sw6-nlc-1,,,2026-04-05,白,,,sw6-nlc,SW6 NLC,U BOX 450mm,BRU53714,-,180,36,5,1,1,50,0,5,0,50,0,0,0,75,50,0,0,,2026-06-27T00:00:00.000Z,,excel-seed
seed-sw6-nlc-2,,,2026-04-07,白,,,sw6-nlc,SW6 NLC,U BOX 450mm,BRU53714,-,1166.74,233.35,5,1,1,475,0,10,0,626.74,0,0,0,55,360,0,0,,2026-06-27T00:00:00.000Z,,excel-seed
seed-sw6-nlc-3,,,2026-04-08,白,,,sw6-nlc,SW6 NLC,U BOX 450mm,BRU53714,-,1180.42,236.08,5,1,1,410,0,20,0,700.42,0,0,25,25,240,0,0,,2026-06-27T00:00:00.000Z,,excel-seed
seed-sw6-nlc-4,,,2026-04-09,白,,,sw6-nlc,SW6 NLC,U BOX 450mm,BRU53714,-,661.12,132.22,5,1,1,265,0,10,0,351.12,0,0,20,15,200,0,0,,2026-06-27T00:00:00.000Z,,excel-seed
seed-sw6-nlc-5,,,2026-04-09,白,,,sw6-nlc,SW6 NLC,U BOX 600mm,BRU53715,-,1444.29,288.86,5,1,1,440,0,10,0,864.29,0,0,130,0,224,0,0,,2026-06-27T00:00:00.000Z,,excel-seed
seed-sw6-nlc-6,,,2026-04-10,白,,,sw6-nlc,SW6 NLC,U BOX 600mm,BRU53715,-,1650.43,330.09,5,1,1,555,0,10,0,990.43,0,0,75,20,311,0,0,,2026-06-27T00:00:00.000Z,,excel-seed
seed-sw6-nlc-7,,,2026-04-11,白,,,sw6-nlc,SW6 NLC,U BOX 600mm,BRU53715,-,663.32,132.66,5,1,1,195,0,20,0,413.32,0,0,25,10,92,0,0,,2026-06-27T00:00:00.000Z,,excel-seed
seed-sw6-nlc-8,,,2026-04-17,白,,,sw6-nlc,SW6 NLC,U BOX 450mm,BRU53714,-,751.29,150.26,5,1,1,260,5,5,0,456.29,0,0,20,5,151,0,0,,2026-06-27T00:00:00.000Z,,excel-seed
seed-sw6-nlc-9,,,2026-04-17,白,,,sw6-nlc,SW6 NLC,U BOX 750mm,BRU53716,-,527.46,105.49,5,1,1,150,5,15,0,327.46,0,0,25,5,71,0,0,,2026-06-27T00:00:00.000Z,,excel-seed
seed-sw6-nlc-10,,,2026-04-18,白,,,sw6-nlc,SW6 NLC,U BOX 450mm,BRU53714,-,1375.43,275.09,5,1,1,420,0,15,0,895.43,0,0,45,0,197,0,0,,2026-06-27T00:00:00.000Z,,excel-seed
seed-sw6-nlc-11,,,2026-05-20,白,,,sw6-nlc,SW6 NLC,Door 750mm,BRU53747,-,1154.07,230.81,5,1,1,260,0,25,0,674.07,0,160,15,20,162,0,0,,2026-06-27T00:00:00.000Z,,excel-seed
seed-sw6-nlc-12,,,2026-05-21,白,,,sw6-nlc,SW6 NLC,Door 750mm,BRU53747,-,1147.39,229.48,5,1,1,275,0,65,50,677.39,0,10,65,5,136,3,0,,2026-06-27T00:00:00.000Z,,excel-seed
seed-sw6-nlc-13,,,2026-05-22,白,,,sw6-nlc,SW6 NLC,Door 750mm,BRU53747,-,2135,427,5,1,1,630,0,10,10,1365,0,10,85,25,300,0,0,,2026-06-27T00:00:00.000Z,,excel-seed
seed-sw6-nlc-14,,,2026-05-23,白,,,sw6-nlc,SW6 NLC,Door 750mm,BRU53747,-,578.46,115.69,5,1,1,115,0,50,65,318.46,0,0,25,5,65,0,0,,2026-06-27T00:00:00.000Z,,excel-seed
seed-sw6-nlc-15,,,2026-05-23,白,,,sw6-nlc,SW6 NLC,Door 600mm,BRU53744,-,538,107.6,5,1,1,170,5,10,15,323,0,0,10,5,100,0,0,,2026-06-27T00:00:00.000Z,,excel-seed
seed-sw6-nlc-16,,,2026-05-23,夜,,,sw6-nlc,SW6 NLC,Door 600mm,BRU53744,-,2252.11,450.42,5,1,1,550,0,30,0,1592.11,0,0,75,5,190,0,0,,2026-06-27T00:00:00.000Z,,excel-seed
seed-sw6-nlc-17,,,2026-05-25,白,,,sw6-nlc,SW6 NLC,Door 600mm,BRU53744,-,1584.16,316.83,5,1,1,470,0,45,55,924.16,0,0,90,0,267,0,0,,2026-06-27T00:00:00.000Z,,excel-seed
seed-sw6-nlc-18,,,2026-05-25,夜,,,sw6-nlc,SW6 NLC,Door 600mm,BRU53744,-,2294.27,458.85,5,1,1,590,0,0,0,1634.27,0,0,70,0,213,0,0,,2026-06-27T00:00:00.000Z,,excel-seed
seed-sw6-nlc-19,,,2026-05-26,白,,,sw6-nlc,SW6 NLC,Door 600mm,BRU53744,-,1543.75,308.75,5,1,1,505,0,20,55,883.75,0,0,80,0,320,0,0,,2026-06-27T00:00:00.000Z,,excel-seed
seed-sw6-nlc-20,,,2026-05-26,夜,,,sw6-nlc,SW6 NLC,Door 600mm,BRU53744,-,1230,246,5,1,1,360,0,0,0,810,0,0,60,0,160,0,0,,2026-06-27T00:00:00.000Z,,excel-seed
seed-sw6-nlc-21,,,2026-05-28,白,,,sw6-nlc,SW6 NLC,Door 600mm,BRU53744,-,1681.65,336.33,5,1,1,385,0,20,90,1021.65,0,0,165,0,179,1,0,,2026-06-27T00:00:00.000Z,,excel-seed
seed-sw6-nlc-22,,,2026-05-29,白,,,sw6-nlc,SW6 NLC,Door 600mm,BRU53744,-,1050.42,210.08,5,1,1,370,0,15,0,570.42,0,0,95,0,240,0,0,,2026-06-27T00:00:00.000Z,,excel-seed
seed-sw6-nlc-23,,,2026-05-29,夜,,,sw6-nlc,SW6 NLC,Door 600mm,BRU53744,-,1200.85,240.17,5,1,1,390,0,0,0,720.85,0,0,90,0,211,3,0,,2026-06-27T00:00:00.000Z,,excel-seed
seed-sw6-nlc-24,,,2026-06-01,白,,,sw6-nlc,SW6 NLC,Door 450mm,BRU53743,-,337.83,67.57,5,1,1,90,0,10,0,152.83,0,0,10,75,53,10,0,,2026-06-27T00:00:00.000Z,,excel-seed
seed-sw6-nlc-25,,,2026-06-02,白,,,sw6-nlc,SW6 NLC,Door 450mm,BRU53743,-,1372.57,274.51,5,1,1,435,0,10,0,892.57,0,0,30,5,212,0,0,,2026-06-27T00:00:00.000Z,,excel-seed
seed-sw6-nlc-26,,,2026-06-22,白,,,sw6-nlc,SW6 NLC,Door 900mm,BRU53749,-,407.82,81.56,5,1,1,105,0,30,0,177.82,0,0,10,85,62,0,0,,2026-06-27T00:00:00.000Z,,excel-seed
seed-sw6-nlc-27,,,2026-06-26,白,,,sw6-nlc,SW6 NLC,Door 450mm,BRU53743,-,657.5,131.5,5,1,1,210,0,30,0,367.5,0,0,45,5,120,0,0,,2026-06-27T00:00:00.000Z,,excel-seed
seed-sw7-lc-600-1,,,2026-01-05,白,,,sw7-lc-600,SW7 LC 600,LC 600 Box,75170145,-,2490.18,498.04,5,1.7,1,440,0,5,0,2005.18,0,0,40,0,166,0,0,,2026-06-27T00:00:00.000Z,,excel-seed
seed-sw7-lc-600-2,,,2026-01-06,白,,,sw7-lc-600,SW7 LC 600,LC 600 Box,75170145,-,1235.25,247.05,5,1.7,1,320,0,5,0,875.25,0,0,35,0,202,0,0,,2026-06-27T00:00:00.000Z,,excel-seed
seed-sw7-lc-600-3,,,2026-01-13,白,,,sw7-lc-600,SW7 LC 600,LC 600 Box,75170145,-,1141.29,228.26,5,1.7,1,330,0,30,0,721.29,0,0,30,30,280,0,0,,2026-06-27T00:00:00.000Z,,excel-seed
seed-sw7-lc-600-4,,,2026-01-14,白,,,sw7-lc-600,SW7 LC 600,LC 600 Box,75170145,-,599.62,119.92,5,1.7,1,100,0,10,0,359.62,0,0,15,115,52,0,0,,2026-06-27T00:00:00.000Z,,excel-seed
seed-sw7-lc-600-5,,,2026-01-15,白,,,sw7-lc-600,SW7 LC 600,LC 600 Box,75170145,-,1036.56,207.31,5,1.7,1,315,0,10,0,621.56,0,0,85,5,280,0,0,,2026-06-27T00:00:00.000Z,,excel-seed
seed-sw7-lc-600-6,,,2026-01-18,白,,,sw7-lc-600,SW7 LC 600,LC 600 Box,75170145,-,521.47,104.29,5,1.7,1,115,0,0,0,401.47,0,0,0,5,56,0,0,,2026-06-27T00:00:00.000Z,,excel-seed
seed-sw7-lc-600-7,,,2026-01-19,白,,,sw7-lc-600,SW7 LC 600,LC 600 Box,75170145,-,2955,591,5,1.7,1,540,0,10,0,2295,0,0,110,0,220,0,0,,2026-06-27T00:00:00.000Z,,excel-seed
seed-sw7-lc-600-8,,,2026-01-20,夜,,,sw7-lc-600,SW7 LC 600,LC 600 Box,75170145,-,2737.38,547.48,5,1.7,1,610,0,5,0,2077.38,0,0,45,0,307,1,0,,2026-06-27T00:00:00.000Z,,excel-seed
seed-sw7-lc-600-9,,,2026-01-20,白,,,sw7-lc-600,SW7 LC 600,LC 600 Box,75170145,-,2827.2,565.44,5,1.7,1,590,0,15,0,2167.2,0,0,55,0,280,0,0,,2026-06-27T00:00:00.000Z,,excel-seed
seed-sw7-lc-600-10,,,2026-01-21,白,,,sw7-lc-600,SW7 LC 600,LC 600 Box,75170145,-,4092.89,818.58,5,1.7,1,575,0,0,15,3432.89,0,0,70,0,168,0,0,,2026-06-27T00:00:00.000Z,,excel-seed
seed-sw7-lc-600-11,,,2026-01-22,白,,,sw7-lc-600,SW7 LC 600,LC 600 Box,75170145,-,366.25,73.25,5,1.7,1,65,0,5,0,276.25,0,0,15,5,28,0,0,,2026-06-27T00:00:00.000Z,,excel-seed
seed-sw7-lc-600-12,,,2026-01-26,夜,,,sw7-lc-600,SW7 LC 600,LC 600 Box,75170145,-,3660.26,732.05,5,1.7,1,545,0,0,0,3060.26,0,0,30,25,165,0,0,,2026-06-27T00:00:00.000Z,,excel-seed
seed-sw7-lc-600-13,,,2026-01-27,白,,,sw7-lc-600,SW7 LC 600,LC 600 Box,75170145,-,1065.71,213.14,5,1.7,1,160,0,10,0,825.71,0,0,5,65,56,0,0,,2026-06-27T00:00:00.000Z,,excel-seed
seed-sw7-lc-600-14,,,2026-01-27,夜,,,sw7-lc-600,SW7 LC 600,LC 600 Box,75170145,-,2446.45,489.29,5,1.7,1,470,0,5,0,1966.45,0,0,5,0,193,0,0,,2026-06-27T00:00:00.000Z,,excel-seed
seed-sw7-lc-600-15,,,2026-01-28,白,,,sw7-lc-600,SW7 LC 600,LC 600 Box,75170145,-,2254.27,450.85,5,1.7,1,445,0,10,0,1774.27,0,0,25,0,194,0,0,,2026-06-27T00:00:00.000Z,,excel-seed
seed-sw7-lc-600-16,,,2026-01-29,夜,,,sw7-lc-600,SW7 LC 600,LC 600 Box,75170145,-,3300.31,660.06,5,1.7,1,475,0,0,0,2820.31,0,0,0,5,136,0,0,,2026-06-27T00:00:00.000Z,,excel-seed
seed-sw7-lc-600-17,,,2026-01-30,白,,,sw7-lc-600,SW7 LC 600,LC 600 Box,75170145,-,834.24,166.85,5,1.7,1,135,0,10,0,594.24,0,0,20,75,56,0,0,,2026-06-27T00:00:00.000Z,,excel-seed
seed-sw7-lc-600-18,,,2026-01-30,夜,,,sw7-lc-600,SW7 LC 600,LC 600 Box,75170145,-,3279.73,655.95,5,1.7,1,475,0,0,0,2799.73,0,0,0,5,137,0,0,,2026-06-27T00:00:00.000Z,,excel-seed
seed-sw7-lc-600-19,,,2026-01-31,白,,,sw7-lc-600,SW7 LC 600,LC 600 Box,75170145,-,968.57,193.71,5,1.7,1,150,0,10,0,728.57,0,0,20,60,56,0,0,,2026-06-27T00:00:00.000Z,,excel-seed
seed-sw7-lc-600-20,,,2026-01-31,夜,,,sw7-lc-600,SW7 LC 600,LC 600 Box,75170145,-,3287.71,657.54,5,1.7,1,480,0,0,0,2797.71,0,0,0,10,140,0,0,,2026-06-27T00:00:00.000Z,,excel-seed
seed-sw7-lc-600-21,,,2026-02-02,白,,,sw7-lc-600,SW7 LC 600,LC 600 Box,75170145,-,2641.14,528.23,5,1.7,1,510,0,15,0,2041.14,0,0,50,25,223,0,0,,2026-06-27T00:00:00.000Z,,excel-seed
seed-sw7-lc-600-22,,,2026-02-20,白,,,sw7-lc-600,SW7 LC 600,LC 600 Box,75170145,-,2731.38,546.28,5,1.7,1,480,0,15,0,2071.38,0,0,45,120,195,1,0,,2026-06-27T00:00:00.000Z,,excel-seed
seed-sw7-lc-600-23,,,2026-02-21,白,,,sw7-lc-600,SW7 LC 600,LC 600 Box,75170145,-,993.67,198.73,5,1.7,1,190,0,20,0,753.67,0,0,5,25,90,1,0,,2026-06-27T00:00:00.000Z,,excel-seed
seed-sw7-lc-600-24,,,2026-02-23,白,,,sw7-lc-600,SW7 LC 600,LC 600 Box,75170145,-,612.18,122.44,5,1.7,1,135,0,10,0,432.18,0,0,35,0,77,0,0,,2026-06-27T00:00:00.000Z,,excel-seed
seed-sw7-lc-600-25,,,2026-02-24,白,,,sw7-lc-600,SW7 LC 600,LC 600 Box,75170145,-,2098.93,419.79,5,1.7,1,395,0,20,5,1438.93,0,0,95,145,196,1,0,,2026-06-27T00:00:00.000Z,,excel-seed
seed-sw7-lc-600-26,,,2026-02-25,白,,,sw7-lc-600,SW7 LC 600,LC 600 Box,75170145,-,836.01,167.2,5,1.7,1,155,0,35,0,596.01,0,0,30,20,84,0,0,,2026-06-27T00:00:00.000Z,,excel-seed
seed-sw7-lc-600-27,,,2026-02-26,白,,,sw7-lc-600,SW7 LC 600,LC 600 Box,75170145,-,2101.07,420.21,5,1.7,1,420,0,25,0,1621.07,0,0,35,0,196,0,0,,2026-06-27T00:00:00.000Z,,excel-seed
seed-sw7-lc-600-28,,,2026-02-27,白,,,sw7-lc-600,SW7 LC 600,LC 600 Box,75170145,-,1510.33,302.07,5,1.7,1,280,0,10,0,1150.33,0,0,35,35,120,0,0,,2026-06-27T00:00:00.000Z,,excel-seed
seed-sw7-lc-600-29,,,2026-03-06,白,,,sw7-lc-600,SW7 LC 600,LC 600 Box,75170145,-,1347.62,269.52,5,1.7,1,305,0,15,0,987.62,0,0,5,35,168,0,0,,2026-06-27T00:00:00.000Z,,excel-seed
seed-sw7-lc-600-30,,,2026-03-09,白,,,sw7-lc-600,SW7 LC 600,LC 600 Box,75170145,-,653.14,130.63,5,1.7,1,95,0,15,0,413.14,0,0,20,110,43,0,0,,2026-06-27T00:00:00.000Z,,excel-seed
seed-sw7-lc-600-31,,,2026-04-02,白,,,sw7-lc-600,SW7 LC 600,LC 600 Box,75170145,-,2797.62,559.52,5,1.7,1,555,0,25,0,2137.62,0,0,80,0,256,0,0,,2026-06-27T00:00:00.000Z,,excel-seed
seed-sw7-lc-600-32,,,2026-04-03,白,,,sw7-lc-600,SW7 LC 600,LC 600 Box,75170145,-,2801.84,560.37,5,1.7,1,700,0,5,0,2021.84,0,0,75,0,412,0,0,,2026-06-27T00:00:00.000Z,,excel-seed
seed-sw7-lc-600-33,,,2026-04-04,白,,,sw7-lc-600,SW7 LC 600,LC 600 Box,75170145,-,1396.17,279.23,5,1.7,1,300,0,15,0,916.17,0,0,20,145,167,0,0,,2026-06-27T00:00:00.000Z,,excel-seed
seed-sw7-lc-600-34,,,2026-04-05,白,,,sw7-lc-600,SW7 LC 600,LC 600 Box,75170145,-,2489.26,497.85,5,1.7,1,535,0,5,0,1829.26,0,0,15,105,266,0,0,,2026-06-27T00:00:00.000Z,,excel-seed
seed-sw7-lc-600-35,,,2026-04-06,白,,,sw7-lc-600,SW7 LC 600,LC 600 Box,75170145,-,3139.77,627.95,5,1.7,1,700,0,10,0,2359.77,0,0,15,55,353,0,0,,2026-06-27T00:00:00.000Z,,excel-seed
seed-sw7-lc-600-36,,,2026-04-07,白,,,sw7-lc-600,SW7 LC 600,LC 600 Box,75170145,-,817.17,163.43,5,1.7,1,195,0,10,0,577.17,0,0,20,15,112,0,0,,2026-06-27T00:00:00.000Z,,excel-seed
seed-sw7-lc-600-37,,,2026-04-20,白,,,sw7-lc-600,SW7 LC 600,LC 600 Box,75170145,-,1771.32,354.26,5,1.7,1,410,5,5,0,1291.32,0,0,55,5,224,0,0,,2026-06-27T00:00:00.000Z,,excel-seed
seed-sw7-lc-600-38,,,2026-04-21,白,,,sw7-lc-600,SW7 LC 600,LC 600 Box,75170145,-,2256.77,451.35,5,1.7,1,575,0,5,0,1596.77,0,0,80,0,352,0,0,,2026-06-27T00:00:00.000Z,,excel-seed
seed-sw7-lc-600-39,,,2026-04-22,白,,,sw7-lc-600,SW7 LC 600,LC 600 Box,75170145,-,1420.59,284.12,5,1.7,1,415,0,10,0,950.59,0,0,45,0,308,0,0,,2026-06-27T00:00:00.000Z,,excel-seed
seed-sw7-lc-600-40,,,2026-04-23,白,,,sw7-lc-600,SW7 LC 600,LC 600 Box,75170145,-,1975.68,395.14,5,1.7,1,555,0,15,0,1315.68,0,0,90,0,398,0,0,,2026-06-27T00:00:00.000Z,,excel-seed
seed-sw7-lc-600-41,,,2026-04-24,白,,,sw7-lc-600,SW7 LC 600,LC 600 Box,75170145,-,1993.37,398.67,5,1.7,1,565,0,15,0,1333.37,0,0,80,0,407,0,0,,2026-06-27T00:00:00.000Z,,excel-seed
seed-sw7-lc-600-42,,,2026-04-25,白,,,sw7-lc-600,SW7 LC 600,LC 600 Box,75170145,-,2303.84,460.77,5,1.7,1,570,0,5,0,1643.84,0,0,85,0,336,0,0,,2026-06-27T00:00:00.000Z,,excel-seed
seed-sw7-lc-600-43,,,2026-04-26,白,,,sw7-lc-600,SW7 LC 600,LC 600 Box,75170145,-,2598.15,519.63,5,1.7,1,565,0,15,0,1938.15,0,0,80,0,280,0,0,,2026-06-27T00:00:00.000Z,,excel-seed
seed-sw7-lc-600-44,,,2026-04-28,白,,,sw7-lc-600,SW7 LC 600,LC 600 Box,75170145,-,2146.94,429.39,5,1.7,1,575,0,10,0,1486.94,0,0,75,0,378,0,0,,2026-06-27T00:00:00.000Z,,excel-seed
seed-sw7-lc-600-45,,,2026-04-29,白,,,sw7-lc-600,SW7 LC 600,LC 600 Box,75170145,-,1310.65,262.13,5,1.7,1,320,5,20,0,925.65,0,0,35,5,191,6,0,,2026-06-27T00:00:00.000Z,,excel-seed
seed-sw7-lc-600-46,,,2026-05-04,白,,,sw7-lc-600,SW7 LC 600,LC 600 Box,75170145,-,2282.54,456.51,5,1.7,1,610,0,15,0,1502.54,0,0,95,60,421,0,0,,2026-06-27T00:00:00.000Z,,excel-seed
seed-sw7-lc-600-47,,,2026-05-05,白,,,sw7-lc-600,SW7 LC 600,LC 600 Box,75170145,-,2629.6,525.92,5,1.7,1,680,0,15,0,1849.6,0,0,85,0,425,0,0,,2026-06-27T00:00:00.000Z,,excel-seed
seed-sw7-lc-600-48,,,2026-05-06,白,,,sw7-lc-600,SW7 LC 600,LC 600 Box,75170145,-,2407.14,481.43,5,1.7,1,670,0,20,0,1627.14,0,0,90,0,469,0,0,,2026-06-27T00:00:00.000Z,,excel-seed
seed-sw7-lc-600-49,,,2026-05-07,白,,,sw7-lc-600,SW7 LC 600,LC 600 Box,75170145,-,2335.71,467.14,5,1.7,1,660,0,10,0,1555.71,0,0,85,25,476,0,0,,2026-06-27T00:00:00.000Z,,excel-seed
seed-sw7-lc-600-50,,,2026-05-08,白,,,sw7-lc-600,SW7 LC 600,LC 600 Box,75170145,-,2021.87,404.37,5,1.7,1,540,0,15,0,1361.87,0,0,75,30,364,0,0,,2026-06-27T00:00:00.000Z,,excel-seed
seed-sw7-lc-600-51,,,2026-05-09,白,,,sw7-lc-600,SW7 LC 600,LC 600 Box,75170145,-,1096.67,219.33,5,1.7,1,260,0,15,0,736.67,0,0,50,35,156,0,0,,2026-06-27T00:00:00.000Z,,excel-seed
seed-sw7-lc-600-52,,,2026-05-20,白,,,sw7-lc-600,SW7 LC 600,LC 600 Box,75170145,-,878.26,175.65,5,1.7,1,145,0,20,0,638.26,0,0,10,65,56,0,0,,2026-06-27T00:00:00.000Z,,excel-seed
seed-sw7-lc-600-53,,,2026-05-22,白,,,sw7-lc-600,SW7 LC 600,U BOX 750mm,BRU53716,-,4718.22,943.64,5,1.7,1,620,15,15,35,3923.22,0,0,105,5,180,0,0,,2026-06-27T00:00:00.000Z,,excel-seed
seed-sw7-lc-600-54,,,2026-05-23,白,,,sw7-lc-600,SW7 LC 600,U BOX 750mm,BRU53716,-,257.14,51.43,5,1.7,1,45,5,0,0,182.14,0,0,20,5,21,0,0,,2026-06-27T00:00:00.000Z,,excel-seed
seed-sw7-lc-600-55,,,2026-05-23,白,,,sw7-lc-600,SW7 LC 600,U BOX 600mm,BRU53715,-,533.75,106.75,5,1.7,1,150,0,15,0,318.75,0,0,30,20,120,0,0,,2026-06-27T00:00:00.000Z,,excel-seed
seed-sw7-lc-600-56,,,2026-05-25,白,,,sw7-lc-600,SW7 LC 600,U BOX 600mm,BRU53715,-,1955.73,391.15,5,1.7,1,500,0,15,0,1295.73,0,0,65,80,328,0,0,,2026-06-27T00:00:00.000Z,,excel-seed
seed-sw7-lc-600-57,,,2026-05-26,白,,,sw7-lc-600,SW7 LC 600,U BOX 600mm,BRU53715,-,2020.42,404.08,5,1.7,1,520,0,50,0,1380.42,0,0,65,5,333,0,0,,2026-06-27T00:00:00.000Z,,excel-seed
seed-sw7-lc-600-58,,,2026-05-28,白,,,sw7-lc-600,SW7 LC 600,U BOX 750mm,BRU53716,-,760.62,152.12,5,1.7,1,210,0,20,0,520.62,0,0,10,0,144,0,0,,2026-06-27T00:00:00.000Z,,excel-seed
seed-sw7-lc-600-59,,,2026-05-29,白,,,sw7-lc-600,SW7 LC 600,U BOX 750mm,BRU53716,-,372.22,74.44,5,1.7,1,40,0,10,0,302.22,0,0,15,5,9,0,0,,2026-06-27T00:00:00.000Z,,excel-seed
seed-sw7-lc-600-60,,,2026-05-31,白,,,sw7-lc-600,SW7 LC 600,LC 600 Box,75170145,-,1531.25,306.25,5,1.7,1,435,0,20,0,1051.25,0,0,20,5,306,0,0,,2026-06-27T00:00:00.000Z,,excel-seed
seed-sw7-lc-600-61,,,2026-06-01,白,,,sw7-lc-600,SW7 LC 600,LC 600 Box,75170145,-,785.99,157.2,5,1.7,1,245,0,15,0,525.99,0,0,0,0,194,0,0,,2026-06-27T00:00:00.000Z,,excel-seed
seed-sw7-lc-600-62,,,2026-06-20,白,,,sw7-lc-600,SW7 LC 600,U BOX 900mm,BRU53771,-,1021.39,204.28,5,1.7,1,175,0,20,0,826.39,0,0,0,0,63,0,0,,2026-06-27T00:00:00.000Z,,excel-seed
seed-sw7-lc-600-63,,,2026-06-22,白,,,sw7-lc-600,SW7 LC 600,U BOX 900mm,BRU53771,-,196.84,39.37,5,1.7,1,50,0,35,0,111.84,0,0,0,0,38,0,0,,2026-06-27T00:00:00.000Z,,excel-seed
seed-sw7-lc-600-64,,,2026-06-24,白,,,sw7-lc-600,SW7 LC 600,LC 600 Box,75170145,-,902.44,180.49,5,1.7,1,250,0,20,0,632.44,0,0,0,0,168,0,0,,2026-06-27T00:00:00.000Z,,excel-seed
seed-sw7-lc-600-65,,,2026-06-24,白,,,sw7-lc-600,SW7 LC 600,U BOX 600mm,BRU53715,-,940.21,188.04,5,1.7,1,275,0,35,0,630.21,0,0,0,0,204,3,0,,2026-06-27T00:00:00.000Z,,excel-seed
seed-sw7-lc-600-66,,,2026-06-25,白,,,sw7-lc-600,SW7 LC 600,U BOX 600mm,BRU53715,-,1874.78,374.96,5,1.7,1,565,0,65,15,1229.78,0,0,0,0,453,1,0,,2026-06-27T00:00:00.000Z,,excel-seed
seed-sw7-lc-600-67,,,2026-06-26,白,,,sw7-lc-600,SW7 LC 600,U BOX 600mm,BRU53715,-,401.43,80.29,5,1.7,1,130,0,30,0,241.43,0,0,0,0,119,0,0,,2026-06-27T00:00:00.000Z,,excel-seed
seed-sw7-lc-600-68,,,2026-06-26,白,,,sw7-lc-600,SW7 LC 600,U BOX 750mm,BRU53716,-,738.61,147.72,5,1.7,1,215,0,10,0,513.61,0,0,0,0,153,0,0,,2026-06-27T00:00:00.000Z,,excel-seed
seed-sw7-lc-600-69,,,2026-06-26,白,,,sw7-lc-600,SW7 LC 600,U BOX 600mm,BRU53715,-,929.67,185.93,5,1.7,1,280,0,15,0,634.67,0,0,0,0,210,0,0,,2026-06-27T00:00:00.000Z,,excel-seed
seed-sw8-door-lc-1,,,2026-01-06,白,,,sw8-door-lc,SW8 Door LC,LC 600 Flat Door,75170162,-,453.21,90.64,5,1.7,1,125,0,10,0,273.21,0,0,45,0,105,0,0,,2026-06-27T00:00:00.000Z,,excel-seed
seed-sw8-door-lc-2,,,2026-01-07,白,,,sw8-door-lc,SW8 Door LC,LC 600 Flat Door,75170162,-,1449.63,289.93,5,1.7,1,440,0,15,0,969.63,0,0,25,0,351,0,0,,2026-06-27T00:00:00.000Z,,excel-seed
seed-sw8-door-lc-3,,,2026-01-09,白,,,sw8-door-lc,SW8 Door LC,LC 600 Flat Door,75170162,-,2539.35,507.87,5,1.7,1,625,0,10,0,1879.35,0,0,25,0,359,0,0,,2026-06-27T00:00:00.000Z,,excel-seed
seed-sw8-door-lc-4,,,2026-01-16,白,,,sw8-door-lc,SW8 Door LC,LC 600 Flat Door,75170162,-,1884.45,376.89,5,1.7,1,575,0,20,0,1224.45,0,0,65,0,475,1,0,,2026-06-27T00:00:00.000Z,,excel-seed
seed-sw8-door-lc-5,,,2026-01-17,白,,,sw8-door-lc,SW8 Door LC,LC 600 Flat Door,75170162,-,1152.77,230.55,5,1.7,1,495,0,20,0,552.77,0,0,50,35,784,0,0,,2026-06-27T00:00:00.000Z,,excel-seed
seed-sw8-door-lc-6,,,2026-01-21,夜,,,sw8-door-lc,SW8 Door LC,LC 600 Flat Door,75170162,-,1306.34,261.27,5,1.7,1,255,0,5,0,1006.34,0,0,35,5,112,0,0,,2026-06-27T00:00:00.000Z,,excel-seed
seed-sw8-door-lc-7,,,2026-01-22,白,,,sw8-door-lc,SW8 Door LC,LC 600 Flat Door,75170162,-,1641.39,328.28,5,1.7,1,600,0,10,0,981.39,0,0,50,0,634,0,0,,2026-06-27T00:00:00.000Z,,excel-seed
seed-sw8-door-lc-8,,,2026-01-22,夜,,,sw8-door-lc,SW8 Door LC,LC 600 Flat Door,75170162,-,1661.19,332.24,5,1.7,1,610,0,5,0,1001.19,0,0,45,0,637,0,0,,2026-06-27T00:00:00.000Z,,excel-seed
seed-sw8-door-lc-9,,,2026-01-23,白,,,sw8-door-lc,SW8 Door LC,LC 600 Flat Door,75170162,-,1550.19,310.04,5,1.7,1,605,0,0,0,890.19,0,0,55,0,699,0,0,,2026-06-27T00:00:00.000Z,,excel-seed
seed-sw8-door-lc-10,,,2026-01-23,夜,,,sw8-door-lc,SW8 Door LC,LC 600 Flat Door,75170162,-,1722.93,344.59,5,1.7,1,610,0,5,0,1062.93,0,0,45,0,600,0,0,,2026-06-27T00:00:00.000Z,,excel-seed
seed-sw8-door-lc-11,,,2026-01-24,白,,,sw8-door-lc,SW8 Door LC,LC 600 Flat Door,75170162,-,1560.72,312.14,5,1.7,1,590,0,0,0,900.72,0,0,70,0,657,0,0,,2026-06-27T00:00:00.000Z,,excel-seed
seed-sw8-door-lc-12,,,2026-01-24,夜,,,sw8-door-lc,SW8 Door LC,LC 600 Flat Door,75170162,-,381.67,76.33,5,1.7,1,100,0,0,0,141.67,0,0,20,120,120,0,0,,2026-06-27T00:00:00.000Z,,excel-seed
seed-sw8-door-lc-13,,,2026-03-19,白,,,sw8-door-lc,SW8 Door LC,LC 600 Flat Door,75170162,-,1013.35,202.67,5,1.7,1,345,0,10,0,578.35,0,0,80,0,360,0,0,,2026-06-27T00:00:00.000Z,,excel-seed
seed-sw8-door-lc-14,,,2026-03-20,白,,,sw8-door-lc,SW8 Door LC,LC 600 Flat Door,75170162,-,1412.46,282.49,5,1.7,1,455,0,10,0,752.46,0,0,65,130,478,0,0,,2026-06-27T00:00:00.000Z,,excel-seed
seed-sw8-door-lc-15,,,2026-03-21,白,,,sw8-door-lc,SW8 Door LC,LC 600 Flat Door,75170162,-,1110.05,222.01,5,1.7,1,355,0,80,0,625.05,0,0,40,10,420,0,0,,2026-06-27T00:00:00.000Z,,excel-seed
seed-sw8-door-lc-16,,,2026-03-24,白,,,sw8-door-lc,SW8 Door LC,LC 600 Flat Door,75170162,-,1367.62,273.52,5,1.7,1,540,0,15,0,707.62,0,0,70,35,720,0,0,,2026-06-27T00:00:00.000Z,,excel-seed
seed-sw8-door-lc-17,,,2026-03-26,白,,,sw8-door-lc,SW8 Door LC,LC 600 Flat Door,75170162,-,369.67,73.93,5,1.7,1,145,0,20,0,164.67,0,0,35,5,247,1,0,,2026-06-27T00:00:00.000Z,,excel-seed
seed-sw8-door-lc-18,,,2026-04-30,白,,,sw8-door-lc,SW8 Door LC,LC 600 Flat Door,75170162,-,1614.39,322.88,5,1.7,1,665,0,10,0,834.39,0,0,80,25,901,0,0,,2026-06-27T00:00:00.000Z,,excel-seed
seed-sw8-door-lc-19,,,2026-05-02,白,,,sw8-door-lc,SW8 Door LC,LC 600 Flat Door,75170162,-,1433.59,286.72,5,1.7,1,460,0,10,0,773.59,0,0,75,115,465,3,0,,2026-06-27T00:00:00.000Z,,excel-seed
seed-sw8-door-lc-20,,,2026-05-09,白,,,sw8-door-lc,SW8 Door LC,LC 600 Flat Door,75170162,-,256.36,51.27,5,1.7,1,85,5,5,0,131.36,0,0,5,25,99,1,0,,2026-06-27T00:00:00.000Z,,excel-seed
seed-sw8-door-lc-21,,,2026-05-11,白,,,sw8-door-lc,SW8 Door LC,LC 600 Flat Door,75170162,-,1182.73,236.55,5,1.7,1,395,0,20,0,702.73,0,10,55,0,387,1,0,,2026-06-27T00:00:00.000Z,,excel-seed
seed-sw8-door-lc-22,,,2026-05-12,白,,,sw8-door-lc,SW8 Door LC,LC 600 Flat Door,75170162,-,792.52,158.5,5,1.7,1,260,0,20,0,407.52,0,0,35,70,282,2,0,,2026-06-27T00:00:00.000Z,,excel-seed
seed-sw8-door-lc-23,,,2026-05-15,白,,,sw8-door-lc,SW8 Door LC,LC 600 Flat Door,75170162,-,876.66,175.33,5,1.7,1,290,5,10,0,451.66,0,0,50,70,322,5,0,,2026-06-27T00:00:00.000Z,,excel-seed
seed-sw8-door-lc-24,,,2026-05-16,白,,,sw8-door-lc,SW8 Door LC,LC 600 Flat Door,75170162,-,868.53,173.71,5,1.7,1,370,0,30,0,388.53,0,0,40,40,599,1,0,,2026-06-27T00:00:00.000Z,,excel-seed
seed-sw8-door-lc-25,,,2026-05-18,白,,,sw8-door-lc,SW8 Door LC,LC 600 Flat Door,75170162,-,1161.1,232.22,5,1.7,1,545,0,15,0,521.1,0,0,80,0,969,1,0,,2026-06-27T00:00:00.000Z,,excel-seed
seed-sw8-door-lc-26,,,2026-05-19,白,,,sw8-door-lc,SW8 Door LC,LC 600 Flat Door,75170162,-,515.89,103.18,5,1.7,1,140,0,20,0,210.89,0,0,40,105,158,1,0,,2026-06-27T00:00:00.000Z,,excel-seed
seed-sw8-door-lc-27,,,2026-06-03,白,,,sw8-door-lc,SW8 Door LC,LC 600 Flat Door,75170162,-,528.17,105.63,5,1.7,1,155,0,15,0,228.17,0,0,30,100,179,1,0,,2026-06-27T00:00:00.000Z,,excel-seed
seed-sw8-door-lc-28,,,2026-06-04,白,,,sw8-door-lc,SW8 Door LC,LC 600 Flat Door,75170162,-,1168.98,233.8,5,1.7,1,535,0,15,0,508.98,0,0,60,50,956,2,0,,2026-06-27T00:00:00.000Z,,excel-seed
seed-sw8-door-lc-29,,,2026-06-05,白,,,sw8-door-lc,SW8 Door LC,LC 600 Flat Door,75170162,-,1113.48,222.7,5,1.7,1,535,0,15,0,453.48,0,0,65,45,1073,1,0,,2026-06-27T00:00:00.000Z,,excel-seed
seed-sw8-door-lc-30,,,2026-06-08,白,,,sw8-door-lc,SW8 Door LC,LC 600 Flat Door,75170162,-,380.59,76.12,5,1.7,1,140,0,15,0,140.59,0,0,25,60,237,1,0,,2026-06-27T00:00:00.000Z,,excel-seed
seed-sw8-door-lc-31,,,2026-06-09,白,,,sw8-door-lc,SW8 Door LC,LC 600 Flat Door,75170162,-,329.55,65.91,5,1.7,1,145,0,0,0,149.55,0,0,35,0,239,1,0,,2026-06-27T00:00:00.000Z,,excel-seed
seed-sw8-door-lc-32,,,2026-06-16,白,,,sw8-door-lc,SW8 Door LC,LC 600 Flat Door,75170162,-,829.8,165.96,5,1.7,1,415,0,25,0,349.8,0,0,35,5,837,0,1,,2026-06-27T00:00:00.000Z,,excel-seed
seed-sw8-door-lc-33,,,2026-06-17,白,,,sw8-door-lc,SW8 Door LC,LC 600 Flat Door,75170162,-,359.83,71.97,5,1.7,1,170,0,20,0,119.83,0,0,45,5,410,2,1,,2026-06-27T00:00:00.000Z,,excel-seed
seed-riveting-1,,,2026-01-14,白,,,riveting,Riveting,METAL BOX,DBF45-8-U,-,504.5,100.9,5,1,1,230,0,5,0,264.5,0,0,0,5,200,0,0,,2026-06-27T00:00:00.000Z,,excel-seed
seed-riveting-2,,,2026-01-15,白,,,riveting,Riveting,METAL BOX,DBF45-8-U,-,492.64,98.53,5,1,1,240,0,10,0,192.64,0,0,0,50,299,0,0,,2026-06-27T00:00:00.000Z,,excel-seed
seed-riveting-3,,,2026-01-16,夜,,,riveting,Riveting,METAL BOX,DBF60-8-U,-,522.81,104.56,5,1,1,180,0,5,0,162.81,0,0,0,175,199,0,0,,2026-06-27T00:00:00.000Z,,excel-seed
seed-riveting-4,,,2026-01-16,夜,,,riveting,Riveting,METAL BOX WH CSL,DBS45-8-U,-,350.16,70.03,5,1,1,165,0,5,0,170.16,0,0,5,5,160,0,0,,2026-06-27T00:00:00.000Z,,excel-seed
seed-riveting-5,,,2026-01-26,夜,,,riveting,Riveting,METAL BOX WH CSL,DBS30-8-U,-,90.25,18.05,5,1,1,55,0,0,0,30.25,0,0,5,0,100,0,0,,2026-06-27T00:00:00.000Z,,excel-seed
seed-riveting-6,,,2026-01-26,夜,,,riveting,Riveting,METAL BOX WH CSL,DBS45-8-U,-,465.5,93.1,5,1,1,210,0,0,0,220.5,0,0,30,5,200,0,0,,2026-06-27T00:00:00.000Z,,excel-seed
seed-riveting-7,,,2026-01-27,白,,,riveting,Riveting,METAL BOX WH CSL,DBS30-8-U,-,605.45,121.09,5,1,1,270,0,15,0,245.45,0,0,20,55,297,0,0,,2026-06-27T00:00:00.000Z,,excel-seed
seed-riveting-8,,,2026-02-05,白,,,riveting,Riveting,METAL BOX WH CSL,DBS30-8-U,-,690.75,138.15,5,1,1,285,0,5,0,270.75,0,0,30,100,300,0,0,,2026-06-27T00:00:00.000Z,,excel-seed
seed-riveting-9,,,2026-02-06,白,,,riveting,Riveting,METAL BOX WH CSL,DBS30-8-U,-,176.25,35.25,5,1,1,75,0,10,0,56.25,0,0,20,15,100,0,0,,2026-06-27T00:00:00.000Z,,excel-seed
seed-riveting-10,,,2026-02-11,白,,,riveting,Riveting,METAL BOX WH CSL,DBS60-8-U,-,560,112,5,1,1,300,0,5,0,225,0,0,20,10,400,0,0,,2026-06-27T00:00:00.000Z,,excel-seed
seed-riveting-11,,,2026-02-12,白,,,riveting,Riveting,METAL BOX,DBF45-8-U,-,972.73,194.55,5,1,1,415,0,5,0,432.73,0,0,40,80,398,0,0,,2026-06-27T00:00:00.000Z,,excel-seed
seed-riveting-12,,,2026-02-13,白,,,riveting,Riveting,METAL BOX,DBF45-8-U,-,430.12,86.03,5,1,1,195,0,0,0,190.13,0,0,30,15,200,0,0,,2026-06-27T00:00:00.000Z,,excel-seed
seed-riveting-13,,,2026-02-26,白,,,riveting,Riveting,METAL BOX,DBF45-8-U,-,585.04,117.01,5,1,1,240,0,35,0,165.04,0,0,55,90,349,0,0,,2026-06-27T00:00:00.000Z,,excel-seed
seed-riveting-14,,,2026-02-28,白,,,riveting,Riveting,METAL BOX,DBF45-8-U,-,160.5,32.1,5,1,1,45,0,10,0,40.5,0,0,15,50,50,0,0,,2026-06-27T00:00:00.000Z,,excel-seed
seed-riveting-15,,,2026-03-02,白,,,riveting,Riveting,METAL BOX WH CSL,DBS30-8-U,-,692.25,138.45,5,1,1,330,0,10,0,272.25,0,0,35,45,400,0,0,,2026-06-27T00:00:00.000Z,,excel-seed
seed-riveting-16,,,2026-03-02,白,,,riveting,Riveting,METAL BOX,DBF60-8-U,-,485.12,97.03,5,1,1,195,0,25,0,190.13,0,0,20,55,200,0,0,,2026-06-27T00:00:00.000Z,,excel-seed
seed-riveting-17,,,2026-04-29,白,,,riveting,Riveting,METAL BOX,DBF45-8-U,-,765.35,153.07,5,1,1,335,0,0,0,225.35,0,0,50,155,498,0,0,,2026-06-27T00:00:00.000Z,,excel-seed
seed-riveting-18,,,2026-04-30,白,,,riveting,Riveting,METAL BOX WH CSL,DBS30-8-U,-,757.1,151.42,5,1,1,330,0,5,0,277.1,0,0,45,100,393,0,0,,2026-06-27T00:00:00.000Z,,excel-seed
seed-riveting-19,,,2026-05-18,白,,,riveting,Riveting,METAL BOX,DBF60-8-U,-,290,58,5,1,1,100,0,50,0,100,0,0,35,5,100,0,0,,2026-06-27T00:00:00.000Z,,excel-seed
seed-riveting-20,,,2026-05-23,白,,,riveting,Riveting,METAL BOX WH CSL,DBS45-8-U,-,266.58,53.32,5,1,1,135,0,25,0,91.58,0,0,10,5,199,0,0,,2026-06-27T00:00:00.000Z,,excel-seed
seed-riveting-21,,,2026-06-18,白,,,riveting,Riveting,METAL BOX,DBF45-8-U,-,279,55.8,5,1,1,115,5,30,0,69,0,0,10,50,200,0,0,,2026-06-27T00:00:00.000Z,,excel-seed
seed-tapping-1,,,2026-01-05,白,,,tapping,Tapping,LC 600 Box,75170145,-,1418.01,283.6,5,0.8,1,440,0,5,0,933.01,0,0,40,0,166,0,0,,2026-06-27T00:00:00.000Z,,excel-seed
seed-tapping-2,,,2026-01-06,白,,,tapping,Tapping,LC 600 Box,75170145,-,765.54,153.11,5,0.8,1,320,0,5,0,405.54,0,0,35,0,202,0,0,,2026-06-27T00:00:00.000Z,,excel-seed
seed-tapping-3,,,2026-01-13,白,,,tapping,Tapping,LC 600 Box,75170145,-,731.14,146.23,5,0.8,1,330,0,30,0,311.14,0,0,30,30,280,0,0,,2026-06-27T00:00:00.000Z,,excel-seed
seed-tapping-4,,,2026-01-14,白,,,tapping,Tapping,LC 600 Box,75170145,-,409.62,81.92,5,0.8,1,105,0,10,0,169.62,0,0,10,115,52,0,0,,2026-06-27T00:00:00.000Z,,excel-seed
seed-tapping-5,,,2026-01-19,白,,,tapping,Tapping,LC 600 Box,75170145,-,1678.78,335.76,5,0.8,1,595,0,10,0,1018.78,0,0,55,0,278,2,0,,2026-06-27T00:00:00.000Z,,excel-seed
seed-tapping-6,,,2026-01-20,夜,,,tapping,Tapping,LC 600 Box,75170145,-,1599.05,319.81,5,0.8,1,610,0,5,0,939.05,0,0,45,0,317,0,0,,2026-06-27T00:00:00.000Z,,excel-seed
seed-tapping-7,,,2026-01-20,白,,,tapping,Tapping,LC 600 Box,75170145,-,1769.48,353.9,5,0.8,1,590,0,15,0,1109.48,0,0,55,0,251,0,0,,2026-06-27T00:00:00.000Z,,excel-seed
seed-tapping-8,,,2026-01-21,白,,,tapping,Tapping,LC 600 Box,75170145,-,2080.82,416.16,5,0.8,1,590,0,0,0,1420.82,0,0,70,0,196,0,0,,2026-06-27T00:00:00.000Z,,excel-seed
seed-tapping-9,,,2026-01-21,夜,,,tapping,Tapping,LC 600 Box,75170145,-,671.57,134.31,5,0.8,1,255,0,5,0,371.57,0,0,35,5,140,0,0,,2026-06-27T00:00:00.000Z,,excel-seed
seed-tapping-10,,,2026-01-22,白,,,tapping,Tapping,LC 600 Box,75170145,-,210.71,42.14,5,0.8,1,65,0,5,0,120.71,0,0,15,5,28,0,0,,2026-06-27T00:00:00.000Z,,excel-seed
seed-tapping-11,,,2026-01-26,夜,,,tapping,Tapping,LC 600 Box,75170145,-,2175.27,435.05,5,0.8,1,570,0,0,0,1575.27,0,0,30,0,165,0,0,,2026-06-27T00:00:00.000Z,,excel-seed
seed-tapping-12,,,2026-01-27,白,,,tapping,Tapping,LC 600 Box,75170145,-,605.71,121.14,5,0.8,1,160,0,10,0,365.71,0,0,5,65,56,0,0,,2026-06-27T00:00:00.000Z,,excel-seed
seed-tapping-13,,,2026-01-27,夜,,,tapping,Tapping,LC 600 Box,75170145,-,1551.03,310.21,5,0.8,1,470,0,5,0,1071.03,0,0,5,0,165,0,0,,2026-06-27T00:00:00.000Z,,excel-seed
seed-tapping-14,,,2026-01-28,白,,,tapping,Tapping,LC 600 Box,75170145,-,1193.6,238.72,5,0.8,1,445,0,10,0,713.6,0,0,25,0,222,0,0,,2026-06-27T00:00:00.000Z,,excel-seed
seed-tapping-15,,,2026-01-29,夜,,,tapping,Tapping,LC 600 Box,75170145,-,1807.21,361.44,5,0.8,1,475,0,0,0,1327.21,0,0,0,5,136,0,0,,2026-06-27T00:00:00.000Z,,excel-seed
seed-tapping-16,,,2026-01-30,白,,,tapping,Tapping,LC 600 Box,75170145,-,500.36,100.07,5,0.8,1,135,0,10,0,260.36,0,0,20,75,56,0,0,,2026-06-27T00:00:00.000Z,,excel-seed
seed-tapping-17,,,2026-01-30,夜,,,tapping,Tapping,LC 600 Box,75170145,-,1797.52,359.5,5,0.8,1,475,0,0,0,1317.52,0,0,0,5,137,0,0,,2026-06-27T00:00:00.000Z,,excel-seed
seed-tapping-18,,,2026-01-31,白,,,tapping,Tapping,LC 600 Box,75170145,-,500.36,100.07,5,0.8,1,135,0,10,0,260.36,0,0,20,75,56,0,0,,2026-06-27T00:00:00.000Z,,excel-seed
seed-tapping-19,,,2026-01-31,夜,,,tapping,Tapping,LC 600 Box,75170145,-,1806.57,361.31,5,0.8,1,480,0,0,0,1316.57,0,0,0,10,140,0,0,,2026-06-27T00:00:00.000Z,,excel-seed
seed-tapping-20,,,2026-02-02,夜,,,tapping,Tapping,LC 600 Box,75170145,-,1533.09,306.62,5,0.8,1,510,0,20,0,933.09,0,0,45,25,223,0,0,,2026-06-27T00:00:00.000Z,,excel-seed
seed-tapping-21,,,2026-02-20,白,,,tapping,Tapping,LC 600 Box,75170145,-,1620.1,324.02,5,0.8,1,485,0,10,0,960.1,0,0,45,120,196,0,0,,2026-06-27T00:00:00.000Z,,excel-seed
seed-tapping-22,,,2026-02-21,白,,,tapping,Tapping,LC 600 Box,75170145,-,560.89,112.18,5,0.8,1,190,0,15,0,320.89,0,0,5,30,90,0,0,,2026-06-27T00:00:00.000Z,,excel-seed
seed-tapping-23,,,2026-02-23,白,,,tapping,Tapping,LC 600 Box,75170145,-,383.38,76.68,5,0.8,1,135,10,0,0,203.38,0,0,35,0,77,0,0,,2026-06-27T00:00:00.000Z,,excel-seed
seed-tapping-24,,,2026-02-24,白,,,tapping,Tapping,LC 600 Box,75170145,-,1304.9,260.98,5,0.8,1,395,0,20,5,644.9,0,0,95,145,196,0,0,,2026-06-27T00:00:00.000Z,,excel-seed
seed-tapping-25,,,2026-02-25,白,,,tapping,Tapping,LC 600 Box,75170145,-,520.48,104.1,5,0.8,1,155,35,0,0,280.48,0,0,30,20,84,0,0,,2026-06-27T00:00:00.000Z,,excel-seed
seed-tapping-26,,,2026-02-26,白,,,tapping,Tapping,LC 600 Box,75170145,-,1200,240,5,0.8,1,420,0,25,0,720,0,0,35,0,196,0,0,,2026-06-27T00:00:00.000Z,,excel-seed
seed-tapping-27,,,2026-02-27,白,,,tapping,Tapping,LC 600 Box,75170145,-,882.67,176.53,5,0.8,1,280,0,10,0,522.67,0,0,35,35,120,0,0,,2026-06-27T00:00:00.000Z,,excel-seed
seed-tapping-28,,,2026-03-06,白,,,tapping,Tapping,LC 600 Box,75170145,-,802.98,160.6,5,0.8,1,305,0,15,0,442.98,0,0,5,35,168,0,0,,2026-06-27T00:00:00.000Z,,excel-seed
seed-tapping-29,,,2026-03-09,白,,,tapping,Tapping,LC 600 Box,75170145,-,507.91,101.58,5,0.8,1,120,0,15,0,267.91,0,0,20,85,43,0,0,,2026-06-27T00:00:00.000Z,,excel-seed
seed-tapping-30,,,2026-04-02,白,,,tapping,Tapping,LC 600 Box,75170145,-,1622.58,324.52,5,0.8,1,555,0,25,0,962.58,0,0,80,0,256,0,0,,2026-06-27T00:00:00.000Z,,excel-seed
seed-tapping-31,,,2026-04-03,白,,,tapping,Tapping,LC 600 Box,75170145,-,1717.91,343.58,5,0.8,1,695,0,10,0,937.91,0,0,20,55,412,0,0,,2026-06-27T00:00:00.000Z,,excel-seed
seed-tapping-32,,,2026-04-04,白,,,tapping,Tapping,LC 600 Box,75170145,-,970.54,194.11,5,0.8,1,320,0,15,0,490.54,0,0,60,85,167,0,0,,2026-06-27T00:00:00.000Z,,excel-seed
seed-tapping-33,,,2026-04-05,白,,,tapping,Tapping,LC 600 Box,75170145,-,1520.83,304.17,5,0.8,1,535,0,5,0,860.83,0,0,15,105,266,0,0,,2026-06-27T00:00:00.000Z,,excel-seed
seed-tapping-34,,,2026-04-05,白,,,tapping,Tapping,U BOX 450mm,BRU53714,-,170,34,5,0.8,1,50,0,5,0,40,0,0,0,75,50,0,0,,2026-06-27T00:00:00.000Z,,excel-seed
seed-tapping-35,,,2026-04-06,白,,,tapping,Tapping,LC 600 Box,75170145,-,1843.4,368.68,5,0.8,1,685,0,10,0,1063.4,0,0,20,65,353,0,0,,2026-06-27T00:00:00.000Z,,excel-seed
seed-tapping-36,,,2026-04-07,白,,,tapping,Tapping,LC 600 Box,75170145,-,511.61,102.32,5,0.8,1,195,0,10,0,271.61,0,0,20,15,112,0,0,,2026-06-27T00:00:00.000Z,,excel-seed
seed-tapping-37,,,2026-04-07,白,,,tapping,Tapping,U BOX 450mm,BRU53714,-,1030.89,206.18,5,0.8,1,470,0,10,0,490.89,0,0,0,60,360,0,0,,2026-06-27T00:00:00.000Z,,excel-seed
seed-tapping-38,,,2026-04-08,白,,,tapping,Tapping,U BOX 450mm,BRU53714,-,1068,213.6,5,0.8,1,420,0,10,0,588,0,0,25,25,240,0,0,,2026-06-27T00:00:00.000Z,,excel-seed
seed-tapping-39,,,2026-04-09,白,,,tapping,Tapping,U BOX 450mm,BRU53714,-,590.9,118.18,5,0.8,1,265,0,10,0,280.9,0,0,20,15,200,0,0,,2026-06-27T00:00:00.000Z,,excel-seed
seed-tapping-40,,,2026-04-09,白,,,tapping,Tapping,U BOX 600mm,BRU53715,-,1271.43,254.29,5,0.8,1,440,0,10,0,691.43,0,0,0,130,224,0,0,,2026-06-27T00:00:00.000Z,,excel-seed
seed-tapping-41,,,2026-04-10,白,,,tapping,Tapping,U BOX 600mm,BRU53715,-,1438.14,287.63,5,0.8,1,550,0,10,0,778.14,0,0,90,10,311,0,0,,2026-06-27T00:00:00.000Z,,excel-seed
seed-tapping-42,,,2026-04-11,白,,,tapping,Tapping,U BOX 600mm,BRU53715,-,580.65,116.13,5,0.8,1,195,0,20,0,330.65,0,0,25,10,92,1,0,,2026-06-27T00:00:00.000Z,,excel-seed
seed-tapping-43,,,2026-04-17,白,,,tapping,Tapping,U BOX 450mm,BRU53714,-,352.62,70.52,5,0.8,1,170,5,5,0,157.62,0,0,10,5,151,0,0,,2026-06-27T00:00:00.000Z,,excel-seed
seed-tapping-44,,,2026-04-17,白,,,tapping,Tapping,U BOX 750mm,BRU53716,-,440.07,88.01,5,0.8,1,145,5,15,0,245.07,0,0,25,5,71,0,0,,2026-06-27T00:00:00.000Z,,excel-seed
seed-tapping-45,,,2026-04-18,白,,,tapping,Tapping,U BOX 450mm,BRU53714,-,1196.35,239.27,5,0.8,1,420,0,15,0,716.35,0,0,45,0,197,0,0,,2026-06-27T00:00:00.000Z,,excel-seed
seed-tapping-46,,,2026-04-20,白,,,tapping,Tapping,LC 600 Box,75170145,-,1082.68,216.54,5,0.8,1,410,5,5,0,607.68,0,0,55,0,224,0,0,,2026-06-27T00:00:00.000Z,,excel-seed
seed-tapping-47,,,2026-04-21,白,,,tapping,Tapping,LC 600 Box,75170145,-,1398.41,279.68,5,0.8,1,570,0,5,0,738.41,0,0,85,0,352,0,0,,2026-06-27T00:00:00.000Z,,excel-seed
seed-tapping-48,,,2026-04-22,白,,,tapping,Tapping,LC 600 Box,75170145,-,950.68,190.14,5,0.8,1,425,0,10,0,470.68,0,0,45,0,307,1,0,,2026-06-27T00:00:00.000Z,,excel-seed
seed-tapping-49,,,2026-04-23,白,,,tapping,Tapping,LC 600 Box,75170145,-,1279.15,255.83,5,0.8,1,555,0,15,0,619.15,0,0,90,0,398,0,0,,2026-06-27T00:00:00.000Z,,excel-seed
seed-tapping-50,,,2026-04-24,白,,,tapping,Tapping,LC 600 Box,75170145,-,1298.62,259.72,5,0.8,1,570,0,15,0,638.62,0,0,75,0,407,0,0,,2026-06-27T00:00:00.000Z,,excel-seed
seed-tapping-51,,,2026-04-25,白,,,tapping,Tapping,LC 600 Box,75170145,-,1447.2,289.44,5,0.8,1,575,0,5,0,787.2,0,0,80,0,336,0,0,,2026-06-27T00:00:00.000Z,,excel-seed
seed-tapping-52,,,2026-04-27,白,,,tapping,Tapping,LC 600 Box,75170145,-,1572.07,314.41,5,0.8,1,565,0,15,0,912.07,0,0,80,0,280,0,0,,2026-06-27T00:00:00.000Z,,excel-seed
seed-tapping-53,,,2026-04-28,白,,,tapping,Tapping,LC 600 Box,75170145,-,1359.74,271.95,5,0.8,1,575,0,10,0,699.74,0,0,75,0,378,0,0,,2026-06-27T00:00:00.000Z,,excel-seed
seed-tapping-54,,,2026-04-29,白,,,tapping,Tapping,LC 600 Box,75170145,-,725.95,145.19,5,0.8,1,250,5,20,65,345.95,0,0,35,5,185,6,0,,2026-06-27T00:00:00.000Z,,excel-seed
seed-tapping-55,,,2026-05-04,白,,,tapping,Tapping,LC 600 Box,75170145,-,1522.28,304.46,5,0.8,1,625,0,15,0,742.28,0,0,80,60,421,0,0,,2026-06-27T00:00:00.000Z,,excel-seed
seed-tapping-56,,,2026-05-05,白,,,tapping,Tapping,LC 600 Box,75170145,-,1662.86,332.57,5,0.8,1,680,0,20,0,882.86,0,0,80,0,419,6,0,,2026-06-27T00:00:00.000Z,,excel-seed
seed-tapping-57,,,2026-05-06,白,,,tapping,Tapping,LC 600 Box,75170145,-,1545.71,309.14,5,0.8,1,670,0,20,0,765.71,0,0,90,0,469,0,0,,2026-06-27T00:00:00.000Z,,excel-seed
seed-tapping-58,,,2026-05-07,白,,,tapping,Tapping,LC 600 Box,75170145,-,1512.1,302.42,5,0.8,1,660,0,10,0,732.1,0,0,85,25,476,0,0,,2026-06-27T00:00:00.000Z,,excel-seed
seed-tapping-59,,,2026-05-08,白,,,tapping,Tapping,LC 600 Box,75170145,-,1289.07,257.81,5,0.8,1,535,0,15,0,629.07,0,0,80,30,364,0,0,,2026-06-27T00:00:00.000Z,,excel-seed
seed-tapping-60,,,2026-05-09,白,,,tapping,Tapping,LC 600 Box,75170145,-,762.82,152.56,5,0.8,1,275,0,15,0,387.82,0,0,60,25,156,0,0,,2026-06-27T00:00:00.000Z,,excel-seed
seed-tapping-61,,,2026-05-20,白,,,tapping,Tapping,LC 600 Box,75170145,-,576.4,115.28,5,0.8,1,145,0,20,0,336.4,0,0,10,65,50,0,0,,2026-06-27T00:00:00.000Z,,excel-seed
seed-tapping-62,,,2026-05-21,白,,,tapping,Tapping,U BOX 750mm,BRU53716,-,2049.33,409.87,5,0.8,1,510,15,15,35,1269.33,0,0,105,100,180,0,0,,2026-06-27T00:00:00.000Z,,excel-seed
seed-tapping-63,,,2026-05-23,白,,,tapping,Tapping,U BOX 750mm,BRU53716,-,130.95,26.19,5,0.8,1,40,0,5,0,60.95,0,0,20,5,21,0,0,,2026-06-27T00:00:00.000Z,,excel-seed
seed-tapping-64,,,2026-05-23,白,,,tapping,Tapping,U BOX 600mm,BRU53715,-,375.17,75.03,5,0.8,1,155,0,15,0,160.17,0,0,30,15,120,0,0,,2026-06-27T00:00:00.000Z,,excel-seed
seed-tapping-65,,,2026-05-25,白,,,tapping,Tapping,U BOX 600mm,BRU53715,-,1332.26,266.45,5,0.8,1,525,0,15,0,672.26,0,0,65,55,328,0,0,,2026-06-27T00:00:00.000Z,,excel-seed
seed-tapping-66,,,2026-05-26,白,,,tapping,Tapping,U BOX 600mm,BRU53715,-,1289.61,257.92,5,0.8,1,520,0,50,0,649.61,0,0,65,5,333,0,0,,2026-06-27T00:00:00.000Z,,excel-seed
seed-tapping-67,,,2026-05-28,白,,,tapping,Tapping,U BOX 750mm,BRU53716,-,507.27,101.45,5,0.8,1,210,0,20,0,267.27,0,0,10,0,132,0,0,,2026-06-27T00:00:00.000Z,,excel-seed
seed-tapping-68,,,2026-05-29,白,,,tapping,Tapping,U BOX 750mm,BRU53716,-,130.95,26.19,5,0.8,1,40,0,10,0,60.95,0,0,15,5,21,0,0,,2026-06-27T00:00:00.000Z,,excel-seed
seed-tapping-69,,,2026-06-01,白,,,tapping,Tapping,LC 600 Box,75170145,-,594.59,118.92,5,0.8,1,265,0,20,0,289.59,0,0,15,5,194,0,0,,2026-06-27T00:00:00.000Z,,excel-seed
seed-tapping-70,,,2026-06-20,白,,,tapping,Tapping,U BOX 900mm,BRU53771,-,618.89,123.78,5,0.8,1,175,0,20,0,388.89,0,0,30,5,63,0,0,,2026-06-27T00:00:00.000Z,,excel-seed
seed-tapping-71,,,2026-06-22,白,,,tapping,Tapping,U BOX 900mm,BRU53771,-,190.79,38.16,5,0.8,1,60,0,25,0,75.79,0,0,25,5,38,0,0,,2026-06-27T00:00:00.000Z,,excel-seed
seed-tapping-72,,,2026-06-24,白,,,tapping,Tapping,LC 600 Box,75170145,-,510.12,102.02,5,0.8,1,205,0,20,0,200.12,0,0,80,5,168,0,0,,2026-06-27T00:00:00.000Z,,excel-seed
seed-tapping-73,,,2026-06-24,白,,,tapping,Tapping,U BOX 600mm,BRU53715,-,605.41,121.08,5,0.8,1,255,0,35,0,265.41,0,0,45,5,196,0,0,,2026-06-27T00:00:00.000Z,,excel-seed
seed-tapping-74,,,2026-06-25,白,,,tapping,Tapping,U BOX 600mm,BRU53715,-,1522.9,304.58,5,0.8,1,655,0,45,0,742.9,0,0,80,0,462,0,0,,2026-06-27T00:00:00.000Z,,excel-seed
seed-tapping-75,,,2026-06-26,白,,,tapping,Tapping,U BOX 600mm,BRU53715,-,317.52,63.5,5,0.8,1,135,0,35,0,122.52,0,0,20,5,119,0,0,,2026-06-27T00:00:00.000Z,,excel-seed
seed-tapping-76,,,2026-06-26,白,,,tapping,Tapping,U BOX 750mm,BRU53716,-,498.82,99.76,5,0.8,1,220,5,10,0,258.82,0,0,5,0,153,0,0,,2026-06-27T00:00:00.000Z,,excel-seed
seed-tapping-77,,,2026-06-26,白,,,tapping,Tapping,U BOX 600mm,BRU53715,-,728.67,145.73,5,0.8,1,275,0,15,0,308.67,0,0,50,80,196,0,0,,2026-06-27T00:00:00.000Z,,excel-seed
seed-1-arc-stack-1,,,2026-01-10,白,,,1-arc-stack,#1 Arc ·Stack,Arc Stack  Meduim,S1A23976-D,-,410.42,82.08,5,25,1,125,0,5,0,260.42,0,0,15,5,1500,0,0,,2026-06-27T00:00:00.000Z,,excel-seed
seed-1-arc-stack-2,,,2026-01-13,白,,,1-arc-stack,#1 Arc ·Stack,Arc Stack  Meduim,S1A23976-D,-,1155,231,5,25,1,450,0,10,0,675,0,0,15,5,7500,0,0,,2026-06-27T00:00:00.000Z,,excel-seed
seed-1-arc-stack-3,,,2026-01-14,白,,,1-arc-stack,#1 Arc ·Stack,Arc Stack  Meduim,S1A23976-D,-,1203.21,240.64,5,25,1,450,0,10,0,723.21,0,0,15,5,7000,0,0,,2026-06-27T00:00:00.000Z,,excel-seed
seed-1-arc-stack-4,,,2026-01-15,白,,,1-arc-stack,#1 Arc ·Stack,Arc Stack  Meduim,S1A23976-D,-,1323.75,264.75,5,25,1,450,0,10,0,843.75,0,0,15,5,6000,0,0,,2026-06-27T00:00:00.000Z,,excel-seed
seed-1-arc-stack-5,,,2026-01-16,白,,,1-arc-stack,#1 Arc ·Stack,Arc Stack  Meduim,S1A23976-D,-,1400.45,280.09,5,25,1,450,0,10,0,920.45,0,0,15,5,5500,0,0,,2026-06-27T00:00:00.000Z,,excel-seed
seed-1-arc-stack-6,,,2026-01-17,白,,,1-arc-stack,#1 Arc ·Stack,Arc Stack  Meduim,S1A23976-D,-,1323.75,264.75,5,25,1,450,0,10,0,843.75,0,0,15,5,6000,0,0,,2026-06-27T00:00:00.000Z,,excel-seed
seed-1-arc-stack-7,,,2026-01-19,白,,,1-arc-stack,#1 Arc ·Stack,Arc Stack  Meduim,S1A23976-D,-,291.67,58.33,5,25,1,100,0,5,0,166.67,0,0,15,5,1500,0,0,,2026-06-27T00:00:00.000Z,,excel-seed
seed-1-arc-stack-8,,,2026-02-02,白,,,1-arc-stack,#1 Arc ·Stack,Arc Stack  Meduim,S1A23976-D,-,1540.83,308.17,5,25,1,370,0,10,0,1140.83,0,0,15,5,3000,0,0,,2026-06-27T00:00:00.000Z,,excel-seed
seed-1-arc-stack-9,,,2026-02-03,白,,,1-arc-stack,#1 Arc ·Stack,Arc Stack  Meduim,S1A23976-D,-,1926.43,385.29,5,25,1,450,0,10,0,1446.43,0,0,15,5,3500,0,0,,2026-06-27T00:00:00.000Z,,excel-seed
seed-1-arc-stack-10,,,2026-02-05,白,,,1-arc-stack,#1 Arc ·Stack,Arc Stack  Meduim,S1A23976-D,-,1996.43,399.29,5,25,1,460,0,0,0,1511.43,0,0,20,5,3500,0,0,,2026-06-27T00:00:00.000Z,,excel-seed
seed-1-arc-stack-11,,,2026-02-06,白,,,1-arc-stack,#1 Arc ·Stack,Arc Stack  Meduim,S1A23976-D,-,2205.21,441.04,5,25,1,455,0,5,0,1725.21,0,0,15,5,3000,0,0,,2026-06-27T00:00:00.000Z,,excel-seed
seed-1-arc-stack-12,,,2026-02-07,白,,,1-arc-stack,#1 Arc ·Stack,Arc Stack  Meduim,S1A23976-D,-,1802.5,360.5,5,25,1,460,0,0,0,1322.5,0,0,15,5,4000,0,0,,2026-06-27T00:00:00.000Z,,excel-seed
seed-1-arc-stack-13,,,2026-02-13,白,,,1-arc-stack,#1 Arc ·Stack,Arc Stack  Meduim,S1A23976-D,-,986.67,197.33,5,25,1,280,10,0,0,676.67,0,0,15,5,3000,0,0,,2026-06-27T00:00:00.000Z,,excel-seed
seed-1-arc-stack-14,,,2026-02-14,白,,,1-arc-stack,#1 Arc ·Stack,Arc Stack  Meduim,S1A23976-D,-,1323.75,264.75,5,25,1,450,0,10,0,843.75,0,0,15,5,6000,0,0,,2026-06-27T00:00:00.000Z,,excel-seed
seed-1-arc-stack-15,,,2026-02-16,白,,,1-arc-stack,#1 Arc ·Stack,Arc Stack  Meduim,S1A23976-D,-,1240,248,5,25,1,350,0,10,0,875,0,0,0,5,3500,0,0,,2026-06-27T00:00:00.000Z,,excel-seed
seed-1-arc-stack-16,,,2026-02-17,白,,,1-arc-stack,#1 Arc ·Stack,Arc Stack  Meduim,S1A23976-D,-,1821.88,364.38,5,25,1,460,5,0,0,1336.88,0,0,15,5,4000,0,0,,2026-06-27T00:00:00.000Z,,excel-seed
seed-1-arc-stack-17,,,2026-02-18,白,,,1-arc-stack,#1 Arc ·Stack,Arc Stack  Meduim,S1A23976-D,-,1209.46,241.89,5,25,1,335,0,5,20,849.46,0,0,0,0,3500,0,0,,2026-06-27T00:00:00.000Z,,excel-seed
seed-1-arc-stack-18,,,2026-02-19,白,,,1-arc-stack,#1 Arc ·Stack,Arc Stack  Meduim,S1A23976-D,-,1268.44,253.69,5,25,1,435,0,15,0,788.44,0,0,30,0,6000,0,0,,2026-06-27T00:00:00.000Z,,excel-seed
seed-1-arc-stack-19,,,2026-02-20,白,,,1-arc-stack,#1 Arc ·Stack,Arc Stack  Meduim,S1A23976-D,-,1515.12,303.02,5,25,1,455,0,5,0,1035.12,0,0,10,10,5000,0,0,,2026-06-27T00:00:00.000Z,,excel-seed
seed-1-arc-stack-20,,,2026-02-21,白,,,1-arc-stack,#1 Arc ·Stack,Arc Stack  Meduim,S1A23976-D,-,1187.23,237.45,5,25,1,445,0,5,0,707.23,0,0,25,5,7000,0,0,,2026-06-27T00:00:00.000Z,,excel-seed
seed-1-arc-stack-21,,,2026-02-23,白,,,1-arc-stack,#1 Arc ·Stack,Arc Stack  Meduim,S1A23976-D,-,1448,289.6,5,25,1,440,0,10,0,968,0,0,25,5,5000,0,0,,2026-06-27T00:00:00.000Z,,excel-seed
seed-1-arc-stack-22,,,2026-02-25,白,,,1-arc-stack,#1 Arc ·Stack,Arc Stack  Meduim,S1A23976-D,-,1030.07,206.01,5,25,1,445,0,5,0,550.07,0,0,25,5,9000,0,0,,2026-06-27T00:00:00.000Z,,excel-seed
seed-1-arc-stack-23,,,2026-02-27,白,,,1-arc-stack,#1 Arc ·Stack,Arc Stack  Meduim,S1A23976-D,-,1380.11,276.02,5,25,1,445,0,5,0,900.11,0,0,25,5,5500,0,0,,2026-06-27T00:00:00.000Z,,excel-seed
seed-1-arc-stack-24,,,2026-02-28,白,,,1-arc-stack,#1 Arc ·Stack,Arc Stack  Meduim,S1A23976-D,-,1380.11,276.02,5,25,1,445,0,5,0,900.11,0,0,25,5,5500,0,0,,2026-06-27T00:00:00.000Z,,excel-seed
seed-1-arc-stack-25,,,2026-03-02,白,,,1-arc-stack,#1 Arc ·Stack,Arc Stack  Meduim,S1A23976-D,-,1103.91,220.78,5,25,1,345,0,5,0,743.91,0,0,10,0,4000,0,0,,2026-06-27T00:00:00.000Z,,excel-seed
seed-1-arc-stack-26,,,2026-03-24,白,,,1-arc-stack,#1 Arc ·Stack,Arc Stack  Meduim,S1A23976-D,-,1212.91,242.58,5,25,1,235,0,10,0,552.91,0,0,415,0,2497,3,0,,2026-06-27T00:00:00.000Z,,excel-seed
seed-1-arc-stack-27,,,2026-03-25,白,,,1-arc-stack,#1 Arc ·Stack,Arc Stack  Meduim,S1A23976-D,-,1909.62,381.92,5,25,1,570,0,20,0,1249.62,0,0,70,0,6500,0,0,,2026-06-27T00:00:00.000Z,,excel-seed
seed-1-arc-stack-28,,,2026-03-26,白,,,1-arc-stack,#1 Arc ·Stack,Arc Stack  Meduim,S1A23976-D,-,1626.94,325.39,5,25,1,590,0,15,0,966.94,0,0,55,0,9000,0,0,,2026-06-27T00:00:00.000Z,,excel-seed
seed-1-arc-stack-29,,,2026-03-27,白,,,1-arc-stack,#1 Arc ·Stack,Arc Stack  Meduim,S1A23976-D,-,1085.62,217.12,5,25,1,310,0,10,0,600.62,0,0,165,0,4000,0,0,,2026-06-27T00:00:00.000Z,,excel-seed
seed-1-arc-stack-30,,,2026-03-28,白,,,1-arc-stack,#1 Arc ·Stack,Arc Stack  Meduim,S1A23976-D,-,1400.45,280.09,5,25,1,450,0,10,0,920.45,0,0,20,0,5500,0,0,,2026-06-27T00:00:00.000Z,,excel-seed
seed-1-arc-stack-31,,,2026-03-30,白,,,1-arc-stack,#1 Arc ·Stack,Arc Stack  Meduim,S1A23976-D,-,480.83,96.17,5,25,1,170,0,5,0,240.83,0,0,65,0,3000,0,0,,2026-06-27T00:00:00.000Z,,excel-seed
seed-1-arc-stack-32,,,2026-04-01,白,,,1-arc-stack,#1 Arc ·Stack,Arc Stack  Meduim,S1A23976-D,-,1085,217,5,25,1,440,0,10,0,605,0,0,30,0,8000,0,0,,2026-06-27T00:00:00.000Z,,excel-seed
seed-1-arc-stack-33,,,2026-04-02,白,,,1-arc-stack,#1 Arc ·Stack,Arc Stack  Meduim,S1A23976-D,-,1323.75,264.75,5,25,1,450,0,10,0,843.75,0,0,20,0,6000,0,0,,2026-06-27T00:00:00.000Z,,excel-seed
seed-1-arc-stack-34,,,2026-04-03,白,,,1-arc-stack,#1 Arc ·Stack,Arc Stack  Meduim,S1A23976-D,-,401.25,80.25,5,25,1,75,0,5,0,281.25,0,0,40,0,500,0,0,,2026-06-27T00:00:00.000Z,,excel-seed
seed-2-arc-stack-1,,,2026-01-08,白,,,2-arc-stack,#2 Arc ·Stack,Arc Stack High,S1A23969-D,-,1126.95,225.39,5,25,1,455,0,10,0,646.95,0,0,15,0,8000,0,0,,2026-06-27T00:00:00.000Z,,excel-seed
seed-2-arc-stack-2,,,2026-01-09,白,,,2-arc-stack,#2 Arc ·Stack,Arc Stack High,S1A23969-D,-,1075.59,215.12,5,25,1,450,0,10,0,595.59,0,0,15,5,8500,0,0,,2026-06-27T00:00:00.000Z,,excel-seed
seed-2-arc-stack-3,,,2026-01-10,白,,,2-arc-stack,#2 Arc ·Stack,Arc Stack High,S1A23969-D,-,687.6,137.52,5,25,1,295,0,10,0,362.6,0,0,15,5,6000,0,0,,2026-06-27T00:00:00.000Z,,excel-seed
seed-2-arc-stack-4,,,2026-01-19,白,,,2-arc-stack,#2 Arc ·Stack,Arc Stack High,S1A23969-D,-,607.5,121.5,5,25,1,330,0,10,0,247.5,0,0,15,5,11000,0,0,,2026-06-27T00:00:00.000Z,,excel-seed
seed-2-arc-stack-5,,,2026-01-20,白,,,2-arc-stack,#2 Arc ·Stack,Arc Stack High,S1A23969-D,-,211.25,42.25,5,25,1,90,0,5,0,101.25,0,0,10,5,2000,0,0,,2026-06-27T00:00:00.000Z,,excel-seed
seed-2-arc-stack-6,,,2026-02-02,白,,,2-arc-stack,#2 Arc ·Stack,Arc Stack High,S1A23969-D,-,491.61,98.32,5,25,1,195,0,5,0,271.61,0,0,15,5,3500,0,0,,2026-06-27T00:00:00.000Z,,excel-seed
seed-2-arc-stack-7,,,2026-02-03,白,,,2-arc-stack,#2 Arc ·Stack,Arc Stack High,S1A23969-D,-,1075.59,215.12,5,25,1,450,0,10,0,595.59,0,0,15,5,8500,0,0,,2026-06-27T00:00:00.000Z,,excel-seed
seed-2-arc-stack-8,,,2026-02-05,白,,,2-arc-stack,#2 Arc ·Stack,Arc Stack High,S1A23969-D,-,1075.59,215.12,5,25,1,450,0,10,0,595.59,0,0,15,5,8500,0,0,,2026-06-27T00:00:00.000Z,,excel-seed
seed-2-arc-stack-9,,,2026-02-06,白,,,2-arc-stack,#2 Arc ·Stack,Arc Stack High,S1A23969-D,-,648.75,129.75,5,25,1,275,0,10,0,343.75,0,0,15,5,5500,0,0,,2026-06-27T00:00:00.000Z,,excel-seed
seed-2-arc-stack-10,,,2026-02-10,白,,,2-arc-stack,#2 Arc ·Stack,Arc Stack High,S1A23969-D,-,1042.5,208.5,5,25,1,450,0,10,0,562.5,0,0,15,5,9000,0,0,,2026-06-27T00:00:00.000Z,,excel-seed
seed-2-arc-stack-11,,,2026-02-11,白,,,2-arc-stack,#2 Arc ·Stack,Arc Stack High,S1A23969-D,-,528.91,105.78,5,25,1,215,0,5,0,288.91,0,0,15,5,4000,0,0,,2026-06-27T00:00:00.000Z,,excel-seed
seed-2-arc-stack-12,,,2026-02-12,白,,,2-arc-stack,#2 Arc ·Stack,Arc Stack High,S1A23969-D,-,1075.59,215.12,5,25,1,450,0,10,0,595.59,0,0,15,5,8500,0,0,,2026-06-27T00:00:00.000Z,,excel-seed
seed-2-arc-stack-13,,,2026-02-13,白,,,2-arc-stack,#2 Arc ·Stack,Arc Stack High,S1A23969-D,-,390.36,78.07,5,25,1,165,5,0,0,200.36,0,0,15,5,3500,0,0,,2026-06-27T00:00:00.000Z,,excel-seed
seed-2-arc-stack-14,,,2026-03-09,白,,,2-arc-stack,#2 Arc ·Stack,Arc Stack High,S1A23969-D,-,1095,219,5,25,1,240,0,5,25,795,0,0,25,5,2000,0,0,,2026-06-27T00:00:00.000Z,,excel-seed
seed-2-arc-stack-15,,,2026-03-14,白,,,2-arc-stack,#2 Arc ·Stack,Arc Stack High,S1A23969-D,-,1203.21,240.64,5,25,1,450,0,10,0,723.21,0,0,15,5,7000,0,0,,2026-06-27T00:00:00.000Z,,excel-seed
seed-2-arc-stack-16,,,2026-03-16,白,,,2-arc-stack,#2 Arc ·Stack,Arc Stack High,S1A23969-D,-,1176.25,235.25,5,25,1,345,0,15,15,776.25,0,0,20,5,4000,2,0,,2026-06-27T00:00:00.000Z,,excel-seed
seed-2-arc-stack-17,,,2026-03-17,白,,,2-arc-stack,#2 Arc ·Stack,Arc Stack High,S1A23969-D,-,1606.59,321.32,5,25,1,450,0,15,120,971.59,0,0,45,5,6600,400,0,,2026-06-27T00:00:00.000Z,,excel-seed
seed-2-arc-stack-18,,,2026-03-18,白,,,2-arc-stack,#2 Arc ·Stack,Arc Stack High,S1A23969-D,-,1438.75,287.75,5,25,1,445,0,15,150,778.75,0,0,50,0,8500,0,0,,2026-06-27T00:00:00.000Z,,excel-seed
seed-2-arc-stack-19,,,2026-03-19,白,,,2-arc-stack,#2 Arc ·Stack,Arc Stack High,S1A23969-D,-,1488.81,297.76,5,25,1,590,0,15,0,828.81,0,0,55,0,10500,0,0,,2026-06-27T00:00:00.000Z,,excel-seed
seed-2-arc-stack-20,,,2026-03-19,夜,,,2-arc-stack,#2 Arc ·Stack,Arc Stack High,S1A23969-D,-,715.14,143.03,5,25,1,265,0,10,0,390.14,0,0,45,5,4500,0,0,,2026-06-27T00:00:00.000Z,,excel-seed
seed-2-arc-stack-21,,,2026-03-20,白,,,2-arc-stack,#2 Arc ·Stack,Arc Stack High,S1A23969-D,-,977.96,195.59,5,25,1,435,0,15,0,497.96,0,0,30,0,9500,0,0,,2026-06-27T00:00:00.000Z,,excel-seed
seed-2-arc-stack-22,,,2026-03-23,白,,,2-arc-stack,#2 Arc ·Stack,Arc Stack High,S1A23969-D,-,501.25,100.25,5,25,1,200,5,0,0,256.25,0,0,40,0,4000,0,0,,2026-06-27T00:00:00.000Z,,excel-seed
seed-3-cut-chamber-1,,,2026-05-13,白,,,3-cut-chamber,#3 Cut Chamber,Cut Chamber 12 Plate,72570500,-,1372.7,274.54,5,25,1,545,0,10,10,787.7,0,0,15,5,9600,0,0,,2026-06-27T00:00:00.000Z,,excel-seed
seed-3-cut-chamber-2,,,2026-05-19,白,,,3-cut-chamber,#3 Cut Chamber,Cut Chamber 12 Plate,72570500,-,482.25,96.45,5,25,1,220,0,5,0,237.25,0,0,15,5,5100,0,0,,2026-06-27T00:00:00.000Z,,excel-seed
seed-3-cut-chamber-3,,,2026-05-20,白,,,3-cut-chamber,#3 Cut Chamber,Cut Chamber 12 Plate,72570500,-,225,45,5,25,1,120,0,5,0,80,0,0,15,5,4500,0,0,,2026-06-27T00:00:00.000Z,,excel-seed
seed-3-cut-chamber-4,,,2026-06-17,白,,,3-cut-chamber,#3 Cut Chamber,Cut Chamber 12 Plate,72570500,-,785.16,157.03,5,25,1,195,0,25,295,205.16,15,0,45,5,12000,0,0,,2026-06-27T00:00:00.000Z,,excel-seed
seed-3-cut-chamber-5,,,2026-06-25,白,,,3-cut-chamber,#3 Cut Chamber,Cut Chamber 12 Plate,72570500,-,426.74,85.35,5,25,1,230,0,15,0,146.74,15,0,15,5,9600,0,0,,2026-06-27T00:00:00.000Z,,excel-seed
seed-4-gv2-1,,,2026-01-09,白,,,4-gv2,#4 GV2,GV 2 6 Plate,W813890060190-JR,-,982.66,196.53,5,25,1,525,0,20,25,322.66,40,0,45,5,24000,0,0,,2026-06-27T00:00:00.000Z,,excel-seed
seed-4-gv2-2,,,2026-01-10,白,,,4-gv2,#4 GV2,GV 2 6 Plate,W813890060190-JR,-,941.47,188.29,5,25,1,330,0,20,220,281.47,30,0,55,5,17000,0,0,,2026-06-27T00:00:00.000Z,,excel-seed
seed-4-gv2-3,,,2026-01-12,白,,,4-gv2,#4 GV2,GV 2 6 Plate,W813890060190-JR,-,931.2,186.24,5,25,1,480,0,25,40,271.2,45,0,65,5,25000,0,0,,2026-06-27T00:00:00.000Z,,excel-seed
seed-4-gv2-4,,,2026-01-13,白,,,4-gv2,#4 GV2,GV 2 6 Plate,W813890060190-JR,-,982.66,196.53,5,25,1,350,0,10,215,322.66,25,0,55,5,16000,0,0,,2026-06-27T00:00:00.000Z,,excel-seed
seed-4-gv2-5,,,2026-01-14,白,,,4-gv2,#4 GV2,GV 2 6 Plate,W813890060190-JR,-,1056.88,211.38,5,25,1,165,0,0,550,271.88,10,0,50,10,11000,0,0,,2026-06-27T00:00:00.000Z,,excel-seed
seed-4-gv2-6,,,2026-01-15,白,,,4-gv2,#4 GV2,GV 2 6 Plate,W813890060190-JR,-,1246.67,249.33,5,25,1,595,0,15,55,481.67,30,0,65,5,21000,0,0,,2026-06-27T00:00:00.000Z,,excel-seed
seed-4-gv2-7,,,2026-01-16,白,,,4-gv2,#4 GV2,GV 2 6 Plate,W813890060190-JR,-,1214.17,242.83,5,25,1,515,0,20,165,429.17,20,0,55,10,21000,0,0,,2026-06-27T00:00:00.000Z,,excel-seed
seed-4-gv2-8,,,2026-01-17,白,,,4-gv2,#4 GV2,GV 2 6 Plate,W813890060190-JR,-,1111.25,222.25,5,25,1,435,0,15,200,326.25,25,0,100,10,22000,0,0,,2026-06-27T00:00:00.000Z,,excel-seed
seed-4-gv2-9,,,2026-01-19,白,,,4-gv2,#4 GV2,GV 2 6 Plate,W813890060190-JR,-,1093.97,218.79,5,25,1,560,0,35,20,308.97,60,0,105,5,29000,0,0,,2026-06-27T00:00:00.000Z,,excel-seed
seed-4-gv2-10,,,2026-01-20,白,,,4-gv2,#4 GV2,GV 2 6 Plate,W813890060190-JR,-,950.26,190.05,5,25,1,525,0,25,15,290.26,35,0,55,5,26000,0,0,,2026-06-27T00:00:00.000Z,,excel-seed
seed-4-gv2-11,,,2026-01-20,夜,,,4-gv2,#4 GV2,GV 2 6 Plate,W813890060190-JR,-,983.23,196.65,5,25,1,535,0,25,0,323.23,45,0,50,5,24000,0,0,,2026-06-27T00:00:00.000Z,,excel-seed
seed-4-gv2-12,,,2026-01-21,白,,,4-gv2,#4 GV2,GV 2 6 Plate,W813890060190-JR,-,957.63,191.53,5,25,1,390,0,20,160,297.63,30,0,55,5,19000,0,0,,2026-06-27T00:00:00.000Z,,excel-seed
seed-4-gv2-13,,,2026-01-21,夜,,,4-gv2,#4 GV2,GV 2 6 Plate,W813890060190-JR,-,1025.4,205.08,5,25,1,545,0,15,0,365.4,45,0,50,5,22000,0,0,,2026-06-27T00:00:00.000Z,,excel-seed
seed-4-gv2-14,,,2026-01-22,白,,,4-gv2,#4 GV2,GV 2 6 Plate,W813890060190-JR,-,955,191,5,25,1,440,0,15,130,295,20,0,50,5,22000,0,0,,2026-06-27T00:00:00.000Z,,excel-seed
seed-4-gv2-15,,,2026-01-22,夜,,,4-gv2,#4 GV2,GV 2 6 Plate,W813890060190-JR,-,679.53,135.91,5,25,1,345,0,10,0,269.53,30,0,20,5,12000,0,0,,2026-06-27T00:00:00.000Z,,excel-seed
seed-4-gv2-16,,,2026-01-23,白,,,4-gv2,#4 GV2,GV 2 6 Plate,W813890060190-JR,-,944.67,188.93,5,25,1,545,0,20,10,284.67,30,0,50,5,28000,0,0,,2026-06-27T00:00:00.000Z,,excel-seed
seed-4-gv2-17,,,2026-01-23,夜,,,4-gv2,#4 GV2,GV 2 6 Plate,W813890060190-JR,-,977.04,195.41,5,25,1,545,0,0,15,317.04,45,0,50,5,26000,0,0,,2026-06-27T00:00:00.000Z,,excel-seed
seed-4-gv2-18,,,2026-01-24,白,,,4-gv2,#4 GV2,GV 2 6 Plate,W813890060190-JR,-,966.42,193.28,5,25,1,515,0,10,40,306.43,40,0,50,5,25000,0,0,,2026-06-27T00:00:00.000Z,,excel-seed
seed-4-gv2-19,,,2026-01-24,夜,,,4-gv2,#4 GV2,GV 2 6 Plate,W813890060190-JR,-,339.5,67.9,5,25,1,170,0,0,0,144.5,0,0,20,5,5000,0,0,,2026-06-27T00:00:00.000Z,,excel-seed
seed-4-gv2-20,,,2026-01-26,白,,,4-gv2,#4 GV2,GV 2 6 Plate,W813890060190-JR,-,930.42,186.08,5,25,1,550,0,15,0,270.42,40,0,50,5,30000,0,0,,2026-06-27T00:00:00.000Z,,excel-seed
seed-4-gv2-21,,,2026-01-26,夜,,,4-gv2,#4 GV2,GV 2 6 Plate,W813890060190-JR,-,949.29,189.86,5,25,1,540,0,5,0,289.29,60,0,50,5,28000,0,0,,2026-06-27T00:00:00.000Z,,excel-seed
seed-4-gv2-22,,,2026-01-27,白,,,4-gv2,#4 GV2,GV 2 6 Plate,W813890060190-JR,-,921,184.2,5,25,1,540,0,25,0,261,40,0,50,5,30000,0,0,,2026-06-27T00:00:00.000Z,,excel-seed
seed-4-gv2-23,,,2026-01-27,夜,,,4-gv2,#4 GV2,GV 2 6 Plate,W813890060190-JR,-,982.11,196.42,5,25,1,575,0,0,0,322.11,30,0,50,5,27000,0,0,,2026-06-27T00:00:00.000Z,,excel-seed
seed-4-gv2-24,,,2026-01-28,白,,,4-gv2,#4 GV2,GV 2 6 Plate,W813890060190-JR,-,952.5,190.5,5,25,1,500,0,20,55,292.5,30,0,50,5,25000,0,0,,2026-06-27T00:00:00.000Z,,excel-seed
seed-4-gv2-25,,,2026-01-28,夜,,,4-gv2,#4 GV2,GV 2 6 Plate,W813890060190-JR,-,954.4,190.88,5,25,1,545,0,0,0,294.4,60,0,50,5,28000,0,0,,2026-06-27T00:00:00.000Z,,excel-seed
seed-4-gv2-26,,,2026-01-29,白,,,4-gv2,#4 GV2,GV 2 6 Plate,W813890060190-JR,-,921.83,184.37,5,25,1,555,0,20,0,261.83,30,0,50,5,31000,0,0,,2026-06-27T00:00:00.000Z,,excel-seed
seed-4-gv2-27,,,2026-01-29,夜,,,4-gv2,#4 GV2,GV 2 6 Plate,W813890060190-JR,-,954.4,190.88,5,25,1,545,0,0,0,294.4,60,0,50,5,28000,0,0,,2026-06-27T00:00:00.000Z,,excel-seed
seed-4-gv2-28,,,2026-01-30,白,,,4-gv2,#4 GV2,GV 2 9 Plate,W813890890211-JR,-,704.13,140.83,5,25,1,295,0,20,80,234.13,25,0,50,0,12600,0,0,,2026-06-27T00:00:00.000Z,,excel-seed
seed-4-gv2-29,,,2026-01-30,夜,,,4-gv2,#4 GV2,GV 2 9 Plate,W813890890211-JR,-,734.11,146.82,5,25,1,435,0,0,0,249.11,30,0,20,0,20300,0,0,,2026-06-27T00:00:00.000Z,,excel-seed
seed-4-gv2-30,,,2026-01-31,夜,,,4-gv2,#4 GV2,GV 2 9 Plate,W813890890211-JR,-,728.6,145.72,5,25,1,430,0,0,0,243.6,30,0,20,5,20300,0,0,,2026-06-27T00:00:00.000Z,,excel-seed
seed-4-gv2-31,,,2026-02-04,白,,,4-gv2,#4 GV2,GV 2 9 Plate,W813890890211-JR,-,508.39,101.68,5,25,1,255,0,10,35,163.39,15,0,25,5,11900,0,0,,2026-06-27T00:00:00.000Z,,excel-seed
seed-4-gv2-32,,,2026-02-05,夜,,,4-gv2,#4 GV2,GV 2 9 Plate,W813890890211-JR,-,990.12,198.02,5,25,1,570,0,5,0,330.12,30,0,50,5,25900,0,0,,2026-06-27T00:00:00.000Z,,excel-seed
seed-4-gv2-33,,,2026-02-06,白,,,4-gv2,#4 GV2,GV 2 9 Plate,W813890890211-JR,-,506.42,101.28,5,25,1,275,0,10,0,166.42,30,0,20,5,12600,0,0,,2026-06-27T00:00:00.000Z,,excel-seed
seed-4-gv2-34,,,2026-02-07,夜,,,4-gv2,#4 GV2,GV 2 9 Plate,W813890890211-JR,-,491.67,98.33,5,25,1,280,0,5,10,166.67,10,0,5,15,12600,0,0,,2026-06-27T00:00:00.000Z,,excel-seed
seed-4-gv2-35,,,2026-02-09,白,,,4-gv2,#4 GV2,GV 2 9 Plate,W813890890211-JR,-,688.2,137.64,5,25,1,375,0,15,20,203.2,45,0,25,5,20300,0,0,,2026-06-27T00:00:00.000Z,,excel-seed
seed-4-gv2-36,,,2026-02-10,白,,,4-gv2,#4 GV2,GV 2 9 Plate,W813890890211-JR,-,175.6,35.12,5,25,1,85,0,10,0,50.6,15,0,10,5,4200,0,0,,2026-06-27T00:00:00.000Z,,excel-seed
seed-4-gv2-37,,,2026-02-10,夜,,,4-gv2,#4 GV2,GV 2 9 Plate,W813890890211-JR,-,1008.98,201.8,5,25,1,570,0,5,0,348.98,30,0,50,5,24500,0,0,,2026-06-27T00:00:00.000Z,,excel-seed
seed-4-gv2-38,,,2026-02-11,白,,,4-gv2,#4 GV2,GV 2 9 Plate,W813890890211-JR,-,563,112.6,5,25,1,290,0,20,20,198,15,0,15,5,11900,0,0,,2026-06-27T00:00:00.000Z,,excel-seed
seed-4-gv2-39,,,2026-02-12,夜,,,4-gv2,#4 GV2,GV 2 9 Plate,W813890890211-JR,-,512.67,102.53,5,25,1,285,0,5,0,187.67,10,0,20,5,11200,0,0,,2026-06-27T00:00:00.000Z,,excel-seed
seed-4-gv2-40,,,2026-02-16,夜,,,4-gv2,#4 GV2,GV 2 6 Plate,W813890060190-JR,-,666.04,133.21,5,25,1,395,0,20,0,181.04,45,0,20,5,24000,0,0,,2026-06-27T00:00:00.000Z,,excel-seed
seed-4-gv2-41,,,2026-02-17,白,,,4-gv2,#4 GV2,GV 2 6 Plate,W813890060190-JR,-,721.25,144.25,5,25,1,420,0,20,0,236.25,30,0,10,5,20000,0,0,,2026-06-27T00:00:00.000Z,,excel-seed
seed-4-gv2-42,,,2026-02-17,夜,,,4-gv2,#4 GV2,GV 2 6 Plate,W813890060190-JR,-,942.05,188.41,5,25,1,540,0,20,0,282.05,45,0,50,5,28000,0,0,,2026-06-27T00:00:00.000Z,,excel-seed
seed-4-gv2-43,,,2026-02-18,白,,,4-gv2,#4 GV2,GV 2 6 Plate,W813890060190-JR,-,971.11,194.22,5,25,1,560,0,10,0,311.11,40,0,50,0,27000,0,0,,2026-06-27T00:00:00.000Z,,excel-seed
seed-4-gv2-44,,,2026-02-18,夜,,,4-gv2,#4 GV2,GV 2 6 Plate,W813890060190-JR,-,947.1,189.42,5,25,1,545,0,15,0,287.1,45,0,50,5,28000,0,0,,2026-06-27T00:00:00.000Z,,excel-seed
seed-4-gv2-45,,,2026-02-19,白,,,4-gv2,#4 GV2,GV 2 6 Plate,W813890060190-JR,-,957.5,191.5,5,25,1,540,0,15,25,297.5,30,0,50,0,27000,0,0,,2026-06-27T00:00:00.000Z,,excel-seed
seed-4-gv2-46,,,2026-02-19,夜,,,4-gv2,#4 GV2,GV 2 6 Plate,W813890060190-JR,-,934.19,186.84,5,25,1,515,0,30,0,274.19,60,0,50,5,27000,0,0,,2026-06-27T00:00:00.000Z,,excel-seed
seed-4-gv2-47,,,2026-02-20,白,,,4-gv2,#4 GV2,GV 2 6 Plate,W813890060190-JR,-,888.15,177.63,5,25,1,390,0,20,160,228.15,35,0,50,5,25000,0,0,,2026-06-27T00:00:00.000Z,,excel-seed
seed-4-gv2-48,,,2026-02-20,夜,,,4-gv2,#4 GV2,GV 2 6 Plate,W813890060190-JR,-,947.31,189.46,5,25,1,535,0,25,0,287.31,45,0,50,5,27000,0,0,,2026-06-27T00:00:00.000Z,,excel-seed
seed-4-gv2-49,,,2026-02-21,白,,,4-gv2,#4 GV2,GV 2 6 Plate,W813890060190-JR,-,927.03,185.41,5,25,1,525,0,15,25,267.03,40,0,50,5,29000,0,0,,2026-06-27T00:00:00.000Z,,excel-seed
seed-4-gv2-50,,,2026-02-21,夜,,,4-gv2,#4 GV2,GV 2 6 Plate,W813890060190-JR,-,939.2,187.84,5,25,1,530,0,15,0,279.2,60,0,50,5,28000,0,0,,2026-06-27T00:00:00.000Z,,excel-seed
seed-4-gv2-51,,,2026-02-23,白,,,4-gv2,#4 GV2,GV 2 6 Plate,W813890060190-JR,-,921.15,184.23,5,25,1,545,0,20,0,261.15,30,0,60,5,30000,0,0,,2026-06-27T00:00:00.000Z,,excel-seed
seed-4-gv2-52,,,2026-02-23,夜,,,4-gv2,#4 GV2,GV 2 6 Plate,W813890060190-JR,-,934.19,186.84,5,25,1,515,0,30,0,274.19,60,0,50,5,27000,0,0,,2026-06-27T00:00:00.000Z,,excel-seed
seed-4-gv2-53,,,2026-02-24,白,,,4-gv2,#4 GV2,GV 2 6 Plate,W813890060190-JR,-,939.44,187.89,5,25,1,535,0,20,20,279.44,30,0,50,5,28000,0,0,,2026-06-27T00:00:00.000Z,,excel-seed
seed-4-gv2-54,,,2026-02-24,夜,,,4-gv2,#4 GV2,GV 2 6 Plate,W813890060190-JR,-,949.54,189.91,5,25,1,530,0,15,0,289.54,60,0,50,5,27000,0,0,,2026-06-27T00:00:00.000Z,,excel-seed
seed-4-gv2-55,,,2026-02-25,白,,,4-gv2,#4 GV2,GV 2 6 Plate,W813890060190-JR,-,955,191,5,25,1,560,0,15,0,295,30,0,50,5,28000,0,0,,2026-06-27T00:00:00.000Z,,excel-seed
seed-4-gv2-56,,,2026-02-25,夜,,,4-gv2,#4 GV2,GV 2 6 Plate,W813890060190-JR,-,934.22,186.84,5,25,1,525,0,20,0,274.22,60,0,50,5,28000,0,0,,2026-06-27T00:00:00.000Z,,excel-seed
seed-4-gv2-57,,,2026-02-26,白,,,4-gv2,#4 GV2,GV 2 6 Plate,W813890060190-JR,-,944.06,188.81,5,25,1,505,0,20,50,284.06,30,0,50,5,26000,0,0,,2026-06-27T00:00:00.000Z,,excel-seed
seed-4-gv2-58,,,2026-02-26,夜,,,4-gv2,#4 GV2,GV 2 6 Plate,W813890060190-JR,-,960,192,5,25,1,540,0,5,0,300,60,0,50,5,27000,0,0,,2026-06-27T00:00:00.000Z,,excel-seed
seed-4-gv2-59,,,2026-02-27,白,,,4-gv2,#4 GV2,GV 2 6 Plate,W813890060190-JR,-,982.29,196.46,5,25,1,390,0,10,185,322.29,20,0,50,5,18000,0,0,,2026-06-27T00:00:00.000Z,,excel-seed
seed-4-gv2-60,,,2026-02-27,夜,,,4-gv2,#4 GV2,GV 2 6 Plate,W813890060190-JR,-,994.95,198.99,5,25,1,545,0,15,0,334.95,45,0,50,5,24000,0,0,,2026-06-27T00:00:00.000Z,,excel-seed
seed-4-gv2-61,,,2026-02-28,白,,,4-gv2,#4 GV2,GV 2 6 Plate,W813890060190-JR,-,999.71,199.94,5,25,1,385,0,10,185,339.71,30,0,45,5,17000,0,0,,2026-06-27T00:00:00.000Z,,excel-seed
seed-4-gv2-62,,,2026-02-28,夜,,,4-gv2,#4 GV2,GV 2 6 Plate,W813890060190-JR,-,940,188,5,25,1,440,0,5,0,455,15,0,20,5,11000,0,0,,2026-06-27T00:00:00.000Z,,excel-seed
seed-4-gv2-63,,,2026-03-02,白,,,4-gv2,#4 GV2,GV 2 6 Plate,W813890060190-JR,-,1049.58,209.92,5,25,1,550,0,15,0,389.58,45,0,45,5,21000,0,0,,2026-06-27T00:00:00.000Z,,excel-seed
seed-4-gv2-64,,,2026-03-02,夜,,,4-gv2,#4 GV2,GV 2 6 Plate,W813890060190-JR,-,1007.88,201.57,5,25,1,575,0,5,0,347.88,30,0,45,5,25000,0,0,,2026-06-27T00:00:00.000Z,,excel-seed
seed-4-gv2-65,,,2026-03-03,白,,,4-gv2,#4 GV2,GV 2 9 Plate,W813890890211-JR,-,1660.8,332.16,5,25,1,545,0,0,0,1060.8,0,0,50,5,7000,0,0,,2026-06-27T00:00:00.000Z,,excel-seed
seed-4-gv2-66,,,2026-03-03,夜,,,4-gv2,#4 GV2,GV 2 9 Plate,W813890890211-JR,-,1101.07,220.21,5,25,1,450,0,5,0,616.07,10,0,15,5,8400,0,0,,2026-06-27T00:00:00.000Z,,excel-seed
seed-4-gv2-67,,,2026-03-04,白,,,4-gv2,#4 GV2,GV 2 9 Plate,W813890890211-JR,-,1241.25,248.25,5,25,1,465,0,15,100,581.25,30,0,45,5,11900,0,0,,2026-06-27T00:00:00.000Z,,excel-seed
seed-4-gv2-68,,,2026-03-04,夜,,,4-gv2,#4 GV2,GV 2 9 Plate,W813890890211-JR,-,668.08,133.62,5,25,1,265,0,5,15,343.08,10,0,5,25,5600,0,0,,2026-06-27T00:00:00.000Z,,excel-seed
seed-4-gv2-69,,,2026-03-05,白,,,4-gv2,#4 GV2,GV 2 9 Plate,W813890890211-JR,-,1182,236.4,5,25,1,545,0,15,30,522,15,0,50,5,15400,0,0,,2026-06-27T00:00:00.000Z,,excel-seed
seed-4-gv2-70,,,2026-03-05,夜,,,4-gv2,#4 GV2,GV 2 9 Plate,W813890890211-JR,-,1221.36,244.27,5,25,1,415,0,5,110,621.36,20,0,45,5,9100,0,0,,2026-06-27T00:00:00.000Z,,excel-seed
seed-4-gv2-71,,,2026-03-06,白,,,4-gv2,#4 GV2,GV 2 9 Plate,W813890890211-JR,-,1099.29,219.86,5,25,1,410,0,5,175,439.29,15,0,50,5,14000,0,0,,2026-06-27T00:00:00.000Z,,excel-seed
seed-4-gv2-72,,,2026-03-06,夜,,,4-gv2,#4 GV2,GV 2 9 Plate,W813890890211-JR,-,1165.61,233.12,5,25,1,585,0,5,0,505.61,20,0,45,5,17500,0,0,,2026-06-27T00:00:00.000Z,,excel-seed
seed-4-gv2-73,,,2026-03-09,白,,,4-gv2,#4 GV2,GV 2 9 Plate,W813890890211-JR,-,1060.21,212.04,5,25,1,565,0,15,0,400.21,30,0,45,5,21000,0,0,,2026-06-27T00:00:00.000Z,,excel-seed
seed-4-gv2-74,,,2026-03-09,夜,,,4-gv2,#4 GV2,GV 2 9 Plate,W813890890211-JR,-,1112.38,222.48,5,25,1,570,0,5,0,452.38,30,0,50,5,18900,0,0,,2026-06-27T00:00:00.000Z,,excel-seed
seed-4-gv2-75,,,2026-03-10,白,,,4-gv2,#4 GV2,GV 2 9 Plate,W813890890211-JR,-,1033.59,206.72,5,25,1,545,0,10,40,373.59,10,0,50,5,21700,0,0,,2026-06-27T00:00:00.000Z,,excel-seed
seed-4-gv2-76,,,2026-03-10,夜,,,4-gv2,#4 GV2,GV 2 9 Plate,W813890890211-JR,-,213.57,42.71,5,25,1,100,0,5,0,78.57,10,0,15,5,3500,0,0,,2026-06-27T00:00:00.000Z,,excel-seed
seed-4-gv2-77,,,2026-03-11,白,,,4-gv2,#4 GV2,GV 2 9 Plate,W813890890211-JR,-,1003.04,200.61,5,25,1,565,0,15,0,343.04,30,0,45,5,24500,0,0,,2026-06-27T00:00:00.000Z,,excel-seed
seed-4-gv2-78,,,2026-03-11,夜,,,4-gv2,#4 GV2,GV 2 9 Plate,W813890890211-JR,-,1119.06,223.81,5,25,1,590,0,5,0,459.06,20,0,40,5,19600,0,0,,2026-06-27T00:00:00.000Z,,excel-seed
seed-4-gv2-79,,,2026-03-12,白,,,4-gv2,#4 GV2,GV 2 9 Plate,W813890890211-JR,-,1045.71,209.14,5,25,1,540,0,25,0,385.71,40,0,50,5,20300,0,0,,2026-06-27T00:00:00.000Z,,excel-seed
seed-4-gv2-80,,,2026-03-12,夜,,,4-gv2,#4 GV2,GV 2 9 Plate,W813890890211-JR,-,1209.57,241.91,5,25,1,585,0,5,0,549.57,20,0,45,5,16100,0,0,,2026-06-27T00:00:00.000Z,,excel-seed
seed-4-gv2-81,,,2026-03-13,白,,,4-gv2,#4 GV2,GV 2 9 Plate,W813890890211-JR,-,1003.04,200.61,5,25,1,565,0,15,0,343.04,30,0,45,5,24500,0,0,,2026-06-27T00:00:00.000Z,,excel-seed
seed-4-gv2-82,,,2026-03-13,夜,,,4-gv2,#4 GV2,GV 2 9 Plate,W813890890211-JR,-,1090.59,218.12,5,25,1,575,0,5,0,430.59,30,45,0,5,21700,0,0,,2026-06-27T00:00:00.000Z,,excel-seed
seed-4-gv2-83,,,2026-03-14,白,,,4-gv2,#4 GV2,GV 2 9 Plate,W813890890211-JR,-,1036.07,207.21,5,25,1,540,0,20,0,376.07,45,0,50,5,21000,0,0,,2026-06-27T00:00:00.000Z,,excel-seed
seed-4-gv2-84,,,2026-03-16,白,,,4-gv2,#4 GV2,GV 2 6 Plate,W813890060190-JR,-,768.49,153.7,5,25,1,395,0,10,20,258.49,30,0,50,5,17000,0,0,,2026-06-27T00:00:00.000Z,,excel-seed
seed-4-gv2-85,,,2026-03-16,夜,,,4-gv2,#4 GV2,GV 2 6 Plate,W813890060190-JR,-,990.23,198.05,5,25,1,555,0,15,0,330.23,40,0,45,5,25000,0,0,,2026-06-27T00:00:00.000Z,,excel-seed
seed-4-gv2-86,,,2026-03-17,白,,,4-gv2,#4 GV2,GV 2 6 Plate,W813890060190-JR,-,1011.99,202.4,5,25,1,525,0,15,45,351.99,20,0,50,5,22000,0,0,,2026-06-27T00:00:00.000Z,,excel-seed
seed-4-gv2-87,,,2026-03-17,夜,,,4-gv2,#4 GV2,GV 2 6 Plate,W813890060190-JR,-,977.52,195.5,5,25,1,555,0,15,0,317.52,40,0,45,5,26000,0,0,,2026-06-27T00:00:00.000Z,,excel-seed
seed-4-gv2-88,,,2026-03-18,白,,,4-gv2,#4 GV2,GV 2 6 Plate,W813890060190-JR,-,997.79,199.56,5,25,1,545,0,10,20,337.79,30,0,50,5,24000,0,0,,2026-06-27T00:00:00.000Z,,excel-seed
seed-4-gv2-89,,,2026-03-18,夜,,,4-gv2,#4 GV2,GV 2 6 Plate,W813890060190-JR,-,1025.41,205.08,5,25,1,565,0,15,0,365.41,30,0,45,5,23000,0,0,,2026-06-27T00:00:00.000Z,,excel-seed
seed-4-gv2-90,,,2026-03-19,白,,,4-gv2,#4 GV2,GV 2 6 Plate,W813890060190-JR,-,961.15,192.23,5,25,1,245,0,15,330,301.15,15,0,50,5,12000,0,0,,2026-06-27T00:00:00.000Z,,excel-seed
seed-4-gv2-91,,,2026-03-19,夜,,,4-gv2,#4 GV2,GV 2 6 Plate,W813890060190-JR,-,564.75,112.95,5,25,1,290,0,10,0,224.75,20,0,15,5,10000,0,0,,2026-06-27T00:00:00.000Z,,excel-seed
seed-4-gv2-92,,,2026-03-20,夜,,,4-gv2,#4 GV2,GV 2 6 Plate,W813890060190-JR,-,990.23,198.05,5,25,1,555,0,15,0,330.23,40,0,45,5,25000,0,0,,2026-06-27T00:00:00.000Z,,excel-seed
seed-4-gv2-93,,,2026-03-20,白,,,4-gv2,#4 GV2,GV 2 6 Plate,W813890060190-JR,-,980.14,196.03,5,25,1,495,0,15,70,320.14,30,0,45,5,23000,0,0,,2026-06-27T00:00:00.000Z,,excel-seed
seed-4-gv2-94,,,2026-03-21,白,,,4-gv2,#4 GV2,GV 2 6 Plate,W813890060190-JR,-,1035,207,5,25,1,525,0,5,55,375,20,0,50,5,21000,0,0,,2026-06-27T00:00:00.000Z,,excel-seed
seed-4-gv2-95,,,2026-03-21,夜,,,4-gv2,#4 GV2,GV 2 6 Plate,W813890060190-JR,-,996.17,199.23,5,25,1,565,0,15,0,336.18,30,0,45,5,25000,0,0,,2026-06-27T00:00:00.000Z,,excel-seed
seed-4-gv2-96,,,2026-03-23,白,,,4-gv2,#4 GV2,GV 2 6 Plate,W813890060190-JR,-,996.68,199.34,5,25,1,525,0,15,45,336.68,20,0,50,5,23000,0,0,,2026-06-27T00:00:00.000Z,,excel-seed
seed-4-gv2-97,,,2026-03-23,夜,,,4-gv2,#4 GV2,GV 2 6 Plate,W813890060190-JR,-,965.76,193.15,5,25,1,555,0,15,0,305.76,40,0,45,5,27000,0,0,,2026-06-27T00:00:00.000Z,,excel-seed
seed-4-gv2-98,,,2026-03-24,白,,,4-gv2,#4 GV2,GV 2 6 Plate,W813890060190-JR,-,937.2,187.44,5,25,1,545,0,15,0,277.2,45,0,50,5,29000,0,0,,2026-06-27T00:00:00.000Z,,excel-seed
seed-4-gv2-99,,,2026-03-24,夜,,,4-gv2,#4 GV2,GV 2 6 Plate,W813890060190-JR,-,977.52,195.5,5,25,1,555,0,15,0,317.52,40,0,45,5,26000,0,0,,2026-06-27T00:00:00.000Z,,excel-seed
seed-4-gv2-100,,,2026-03-25,白,,,4-gv2,#4 GV2,GV 2 6 Plate,W813890060190-JR,-,944.06,188.81,5,25,1,505,0,20,45,284.06,35,0,50,5,26000,0,0,,2026-06-27T00:00:00.000Z,,excel-seed
seed-4-gv2-101,,,2026-03-25,夜,,,4-gv2,#4 GV2,GV 2 6 Plate,W813890060190-JR,-,1016.25,203.25,5,25,1,570,0,15,0,356.25,30,0,45,0,24000,0,0,,2026-06-27T00:00:00.000Z,,excel-seed
seed-4-gv2-102,,,2026-03-26,白,,,4-gv2,#4 GV2,GV 2 6 Plate,W813890060190-JR,-,957.95,191.59,5,25,1,505,0,15,45,297.95,40,0,50,5,25000,0,0,,2026-06-27T00:00:00.000Z,,excel-seed
seed-4-gv2-103,,,2026-03-26,夜,,,4-gv2,#4 GV2,GV 2 6 Plate,W813890060190-JR,-,977.52,195.5,5,25,1,555,0,15,0,317.52,40,0,45,5,26000,0,0,,2026-06-27T00:00:00.000Z,,excel-seed
seed-4-gv2-104,,,2026-03-27,白,,,4-gv2,#4 GV2,GV 2 6 Plate,W813890060190-JR,-,984.67,196.94,5,25,1,555,0,20,0,324.68,30,0,50,5,25000,0,0,,2026-06-27T00:00:00.000Z,,excel-seed
seed-4-gv2-105,,,2026-03-27,夜,,,4-gv2,#4 GV2,GV 2 6 Plate,W813890060190-JR,-,1087.66,217.53,5,25,1,575,0,15,0,427.66,20,0,45,5,20000,0,0,,2026-06-27T00:00:00.000Z,,excel-seed
seed-4-gv2-106,,,2026-03-28,白,,,4-gv2,#4 GV2,GV 2 6 Plate,W813890060190-JR,-,958.51,191.7,5,25,1,425,0,15,120,298.51,45,0,50,5,21000,0,0,,2026-06-27T00:00:00.000Z,,excel-seed
seed-4-gv2-107,,,2026-03-28,夜,,,4-gv2,#4 GV2,GV 2 6 Plate,W813890060190-JR,-,568.18,113.64,5,25,1,300,0,10,0,218.18,20,0,15,5,11000,0,0,,2026-06-27T00:00:00.000Z,,excel-seed
seed-4-gv2-108,,,2026-03-30,白,,,4-gv2,#4 GV2,GV 2 6 Plate,W813890060190-JR,-,1067.29,213.46,5,25,1,575,0,15,0,407.29,20,0,45,5,21000,0,0,,2026-06-27T00:00:00.000Z,,excel-seed
seed-4-gv2-109,,,2026-03-30,夜,,,4-gv2,#4 GV2,GV 2 6 Plate,W813890060190-JR,-,966.42,193.28,5,25,1,515,0,5,35,306.43,45,0,55,5,25000,0,0,,2026-06-27T00:00:00.000Z,,excel-seed
seed-4-gv2-110,,,2026-03-31,白,,,4-gv2,#4 GV2,GV 2 6 Plate,W813890060190-JR,-,949.73,189.95,5,25,1,550,0,15,0,289.73,40,0,50,5,28000,0,0,,2026-06-27T00:00:00.000Z,,excel-seed
seed-4-gv2-111,,,2026-03-31,夜,,,4-gv2,#4 GV2,GV 2 6 Plate,W813890060190-JR,-,702.25,140.45,5,25,1,395,0,15,0,217.25,45,0,25,5,20000,0,0,,2026-06-27T00:00:00.000Z,,excel-seed
seed-4-gv2-112,,,2026-04-01,白,,,4-gv2,#4 GV2,GV 2 6 Plate,W813890060190-JR,-,765.82,153.16,5,25,1,395,0,10,40,280.82,20,0,15,5,16000,0,0,,2026-06-27T00:00:00.000Z,,excel-seed
seed-4-gv2-113,,,2026-04-02,夜,,,4-gv2,#4 GV2,GV 2 6 Plate,W813890060190-JR,-,715.84,143.17,5,25,1,415,0,5,0,230.84,30,0,30,5,20000,0,0,,2026-06-27T00:00:00.000Z,,excel-seed
seed-4-gv2-114,,,2026-04-03,白,,,4-gv2,#4 GV2,GV 2 6 Plate,W813890060190-JR,-,488.18,97.64,5,25,1,280,0,10,0,178.18,0,0,15,5,11000,0,0,,2026-06-27T00:00:00.000Z,,excel-seed
seed-4-gv2-115,,,2026-04-04,白,,,4-gv2,#4 GV2,GV 2 6 Plate,W813890060190-JR,-,180,36,5,25,1,25,0,10,0,25,15,0,100,5,1000,0,0,,2026-06-27T00:00:00.000Z,,excel-seed
seed-4-gv2-116,,,2026-04-04,夜,,,4-gv2,#4 GV2,GV 2 6 Plate,W813890060190-JR,-,974.66,194.93,5,25,1,550,0,0,0,314.66,45,0,60,5,26000,0,0,,2026-06-27T00:00:00.000Z,,excel-seed
seed-4-gv2-117,,,2026-04-06,白,,,4-gv2,#4 GV2,GV 2 6 Plate,W813890060190-JR,-,987.16,197.43,5,25,1,535,0,25,25,337.16,45,0,15,5,24000,0,0,,2026-06-27T00:00:00.000Z,,excel-seed
seed-4-gv2-118,,,2026-04-06,夜,,,4-gv2,#4 GV2,GV 2 6 Plate,W813890060190-JR,-,745.26,149.05,5,25,1,430,0,0,0,260.26,30,0,20,5,19000,0,0,,2026-06-27T00:00:00.000Z,,excel-seed
seed-4-gv2-119,,,2026-04-07,白,,,4-gv2,#4 GV2,GV 2 6 Plate,W813890060190-JR,-,843.48,168.7,5,25,1,305,0,10,60,183.48,20,0,260,5,16000,0,0,,2026-06-27T00:00:00.000Z,,excel-seed
seed-4-gv2-120,,,2026-04-07,夜,,,4-gv2,#4 GV2,GV 2 6 Plate,W813890060190-JR,-,977.04,195.41,5,25,1,545,0,0,0,317.04,60,0,50,5,26000,0,0,,2026-06-27T00:00:00.000Z,,excel-seed
seed-4-gv2-121,,,2026-04-08,白,,,4-gv2,#4 GV2,GV 2 6 Plate,W813890060190-JR,-,941.25,188.25,5,25,1,500,0,30,40,281.25,45,0,45,0,26000,0,0,,2026-06-27T00:00:00.000Z,,excel-seed
seed-4-gv2-122,,,2026-04-08,夜,,,4-gv2,#4 GV2,GV 2 6 Plate,W813890060190-JR,-,957.73,191.55,5,25,1,545,0,0,0,297.73,45,0,65,5,27000,0,0,,2026-06-27T00:00:00.000Z,,excel-seed
seed-4-gv2-123,,,2026-04-09,白,,,4-gv2,#4 GV2,GV 2 6 Plate,W813890060190-JR,-,953.8,190.76,5,25,1,520,0,30,0,293.8,45,0,60,5,25000,0,0,,2026-06-27T00:00:00.000Z,,excel-seed
seed-4-gv2-124,,,2026-04-09,夜,,,4-gv2,#4 GV2,GV 2 6 Plate,W813890060190-JR,-,841.41,168.28,5,25,1,215,0,0,295,181.41,30,0,115,5,16000,0,0,,2026-06-27T00:00:00.000Z,,excel-seed
seed-4-gv2-125,,,2026-04-10,白,,,4-gv2,#4 GV2,GV 2 6 Plate,W813890060190-JR,-,922.1,184.42,5,25,1,515,0,25,10,262.1,45,0,60,5,28000,0,0,,2026-06-27T00:00:00.000Z,,excel-seed
seed-4-gv2-126,,,2026-04-10,夜,,,4-gv2,#4 GV2,GV 2 6 Plate,W813890060190-JR,-,1012.92,202.58,5,25,1,490,0,0,75,352.92,40,0,50,5,21000,0,0,,2026-06-27T00:00:00.000Z,,excel-seed
seed-4-gv2-127,,,2026-04-11,白,,,4-gv2,#4 GV2,GV 2 6 Plate,W813890060190-JR,-,525.78,105.16,5,25,1,245,0,20,55,160.78,15,0,25,5,12000,0,0,,2026-06-27T00:00:00.000Z,,excel-seed
seed-4-gv2-128,,,2026-04-11,夜,,,4-gv2,#4 GV2,GV 2 6 Plate,W813890060190-JR,-,547.14,109.43,5,25,1,300,0,0,25,182.14,15,0,20,5,14000,0,0,,2026-06-27T00:00:00.000Z,,excel-seed
seed-4-gv2-129,,,2026-04-16,白,,,4-gv2,#4 GV2,GV 2 6 Plate,W813890060190-JR,-,1010,202,5,25,1,450,0,35,65,350,45,0,60,5,18000,0,0,,2026-06-27T00:00:00.000Z,,excel-seed
seed-4-gv2-130,,,2026-04-16,夜,,,4-gv2,#4 GV2,GV 2 6 Plate,W813890060190-JR,-,967.23,193.45,5,25,1,325,0,0,250,307.23,30,0,50,5,16000,0,0,,2026-06-27T00:00:00.000Z,,excel-seed
seed-4-gv2-131,,,2026-04-17,白,,,4-gv2,#4 GV2,GV 2 6 Plate,W813890060190-JR,-,965.47,193.09,5,25,1,340,0,30,205,305.47,30,0,50,5,16000,0,0,,2026-06-27T00:00:00.000Z,,excel-seed
seed-4-gv2-132,,,2026-04-17,夜,,,4-gv2,#4 GV2,GV 2 6 Plate,W813890060190-JR,-,989.19,197.84,5,25,1,370,0,0,205,329.19,30,0,50,5,17000,0,0,,2026-06-27T00:00:00.000Z,,excel-seed
seed-4-gv2-133,,,2026-04-18,白,,,4-gv2,#4 GV2,GV 2 6 Plate,W813890060190-JR,-,935.62,187.12,5,25,1,490,0,25,65,275.62,30,0,45,5,26000,0,0,,2026-06-27T00:00:00.000Z,,excel-seed
seed-4-gv2-134,,,2026-04-18,夜,,,4-gv2,#4 GV2,GV 2 6 Plate,W813890060190-JR,-,962.5,192.5,5,25,1,540,0,0,25,302.5,40,0,50,5,27000,0,0,,2026-06-27T00:00:00.000Z,,excel-seed
seed-4-gv2-135,,,2026-04-20,白,,,4-gv2,#4 GV2,GV 2 9 Plate,W813890890211-JR,-,784.46,156.89,5,25,1,310,0,20,120,304.46,10,0,15,5,11200,0,0,,2026-06-27T00:00:00.000Z,,excel-seed
seed-4-gv2-136,,,2026-04-20,夜,,,4-gv2,#4 GV2,GV 2 9 Plate,W813890890211-JR,-,740.36,148.07,5,25,1,110,0,5,335,255.36,10,0,15,10,4900,0,0,,2026-06-27T00:00:00.000Z,,excel-seed
seed-4-gv2-137,,,2026-04-21,白,,,4-gv2,#4 GV2,GV 2 9 Plate,W813890890211-JR,-,984.11,196.82,5,25,1,135,0,0,455,324.11,15,0,50,5,6300,0,0,,2026-06-27T00:00:00.000Z,,excel-seed
seed-4-gv2-138,,,2026-04-21,夜,,,4-gv2,#4 GV2,GV 2 9 Plate,W813890890211-JR,-,1112.49,222.5,5,25,1,550,0,5,75,452.49,20,0,5,5,19600,0,0,,2026-06-27T00:00:00.000Z,,excel-seed
seed-4-gv2-139,,,2026-04-22,白,,,4-gv2,#4 GV2,GV 2 9 Plate,W813890890211-JR,-,773.48,154.7,5,25,1,420,0,10,10,293.48,20,0,15,5,16100,0,0,,2026-06-27T00:00:00.000Z,,excel-seed
seed-4-gv2-140,,,2026-04-22,夜,,,4-gv2,#4 GV2,GV 2 9 Plate,W813890890211-JR,-,855.54,171.11,5,25,1,415,0,5,15,370.54,20,0,20,10,12600,0,0,,2026-06-27T00:00:00.000Z,,excel-seed
seed-4-gv2-141,,,2026-04-23,白,,,4-gv2,#4 GV2,GV 2 9 Plate,W813890890211-JR,-,748.12,149.62,5,25,1,365,0,10,70,228.12,20,0,45,10,18200,0,0,,2026-06-27T00:00:00.000Z,,excel-seed
seed-4-gv2-142,,,2026-04-23,夜,,,4-gv2,#4 GV2,GV 2 9 Plate,W813890890211-JR,-,1035,207,5,25,1,525,0,5,45,375,30,0,50,5,21000,0,0,,2026-06-27T00:00:00.000Z,,excel-seed
seed-4-gv2-143,,,2026-04-24,白,,,4-gv2,#4 GV2,GV 2 9 Plate,W813890890211-JR,-,794.12,158.82,5,25,1,430,0,10,0,314.12,20,0,15,5,15400,0,0,,2026-06-27T00:00:00.000Z,,excel-seed
seed-4-gv2-144,,,2026-04-25,白,,,4-gv2,#4 GV2,GV 2 9 Plate,W813890890211-JR,-,637.37,127.47,5,25,1,225,0,5,0,157.37,10,0,235,5,8400,0,0,,2026-06-27T00:00:00.000Z,,excel-seed
seed-4-gv2-145,,,2026-04-25,夜,,,4-gv2,#4 GV2,GV 2 9 Plate,W813890890211-JR,-,799.12,159.82,5,25,1,430,0,5,0,314.12,20,0,20,10,15400,0,0,,2026-06-27T00:00:00.000Z,,excel-seed
seed-4-gv2-146,,,2026-04-27,白,,,4-gv2,#4 GV2,GV 2 9 Plate,W813890890211-JR,-,654.71,130.94,5,25,1,350,0,10,0,264.71,10,0,15,5,11900,0,0,,2026-06-27T00:00:00.000Z,,excel-seed
seed-4-gv2-147,,,2026-04-27,夜,,,4-gv2,#4 GV2,GV 2 9 Plate,W813890890211-JR,-,814.08,162.82,5,25,1,430,0,5,0,329.08,20,0,20,10,14700,0,0,,2026-06-27T00:00:00.000Z,,excel-seed
seed-4-gv2-148,,,2026-04-28,白,,,4-gv2,#4 GV2,GV 2 9 Plate,W813890890211-JR,-,268.99,53.8,5,25,1,115,5,0,0,88.99,15,0,45,0,4200,0,0,,2026-06-27T00:00:00.000Z,,excel-seed
seed-4-gv2-149,,,2026-04-28,夜,,,4-gv2,#4 GV2,GV 2 9 Plate,W813890890211-JR,-,988.8,197.76,5,25,1,350,0,5,245,328.8,10,0,45,5,16100,0,0,,2026-06-27T00:00:00.000Z,,excel-seed
seed-4-gv2-150,,,2026-04-29,白,,,4-gv2,#4 GV2,GV 2 9 Plate,W813890890211-JR,-,779.46,155.89,5,25,1,390,0,20,15,299.46,25,0,25,5,14000,0,0,,2026-06-27T00:00:00.000Z,,excel-seed
seed-4-gv2-151,,,2026-04-29,夜,,,4-gv2,#4 GV2,GV 2 9 Plate,W813890890211-JR,-,761.43,152.29,5,25,1,430,0,5,0,276.43,20,0,20,10,17500,0,0,,2026-06-27T00:00:00.000Z,,excel-seed
seed-4-gv2-152,,,2026-04-30,白,,,4-gv2,#4 GV2,GV 2 9 Plate,W813890890211-JR,-,748.04,149.61,5,25,1,385,0,15,25,263.04,30,0,25,5,16100,0,0,,2026-06-27T00:00:00.000Z,,excel-seed
seed-4-gv2-153,,,2026-04-30,夜,,,4-gv2,#4 GV2,GV 2 9 Plate,W813890890211-JR,-,761.25,152.25,5,25,1,425,0,5,0,276.25,30,0,15,10,17500,0,0,,2026-06-27T00:00:00.000Z,,excel-seed
seed-4-gv2-154,,,2026-05-02,白,,,4-gv2,#4 GV2,GV 2 9 Plate,W813890890211-JR,-,690.39,138.08,5,25,1,355,0,0,30,205.39,20,0,75,5,17500,0,0,,2026-06-27T00:00:00.000Z,,excel-seed
seed-4-gv2-155,,,2026-05-04,白,,,4-gv2,#4 GV2,GV 2 9 Plate,W813890890211-JR,-,961.97,192.39,5,25,1,540,0,0,25,301.97,30,0,60,5,26600,0,0,,2026-06-27T00:00:00.000Z,,excel-seed
seed-4-gv2-156,,,2026-05-04,夜,,,4-gv2,#4 GV2,GV 2 9 Plate,W813890890211-JR,-,1014.17,202.83,5,25,1,550,0,15,15,354.17,30,0,45,5,23100,0,0,,2026-06-27T00:00:00.000Z,,excel-seed
seed-4-gv2-157,,,2026-05-05,白,,,4-gv2,#4 GV2,GV 2 9 Plate,W813890890211-JR,-,962.5,192.5,5,25,1,490,0,5,85,302.5,30,0,45,5,24500,0,0,,2026-06-27T00:00:00.000Z,,excel-seed
seed-4-gv2-158,,,2026-05-05,夜,,,4-gv2,#4 GV2,GV 2 9 Plate,W813890890211-JR,-,997.5,199.5,5,25,1,540,0,15,25,337.5,30,0,45,5,23800,0,0,,2026-06-27T00:00:00.000Z,,excel-seed
seed-4-gv2-159,,,2026-05-06,白,,,4-gv2,#4 GV2,GV 2 9 Plate,W813890890211-JR,-,978.75,195.75,5,25,1,435,0,0,130,318.75,30,0,60,5,20300,0,0,,2026-06-27T00:00:00.000Z,,excel-seed
seed-4-gv2-160,,,2026-05-06,夜,,,4-gv2,#4 GV2,GV 2 9 Plate,W813890890211-JR,-,932.73,186.55,5,25,1,280,0,10,310,272.73,10,0,45,5,15400,0,0,,2026-06-27T00:00:00.000Z,,excel-seed
seed-4-gv2-161,,,2026-05-07,白,,,4-gv2,#4 GV2,GV 2 9 Plate,W813890890211-JR,-,1013.57,202.71,5,25,1,495,0,5,85,353.57,20,0,50,5,21000,0,0,,2026-06-27T00:00:00.000Z,,excel-seed
seed-4-gv2-162,,,2026-05-07,夜,,,4-gv2,#4 GV2,GV 2 9 Plate,W813890890211-JR,-,746.32,149.26,5,25,1,295,0,5,140,266.32,20,0,15,5,12600,0,0,,2026-06-27T00:00:00.000Z,,excel-seed
seed-4-gv2-163,,,2026-05-08,夜,,,4-gv2,#4 GV2,GV 2 9 Plate,W813890890211-JR,-,737.72,147.54,5,25,1,395,0,10,0,292.72,20,0,15,5,14000,0,0,,2026-06-27T00:00:00.000Z,,excel-seed
seed-4-gv2-164,,,2026-05-08,白,,,4-gv2,#4 GV2,GV 2 9 Plate,W813890890211-JR,-,693.93,138.79,5,25,1,195,0,5,245,208.93,10,0,25,5,10500,0,0,,2026-06-27T00:00:00.000Z,,excel-seed
seed-4-gv2-165,,,2026-05-11,白,,,4-gv2,#4 GV2,GV 2 9 Plate,W813890890211-JR,-,960,192,5,25,1,465,0,10,65,300,30,0,85,5,21700,0,0,,2026-06-27T00:00:00.000Z,,excel-seed
seed-4-gv2-166,,,2026-05-11,夜,,,4-gv2,#4 GV2,GV 2 9 Plate,W813890890211-JR,-,1003.04,200.61,5,25,1,565,0,15,0,343.04,30,0,45,5,24500,0,0,,2026-06-27T00:00:00.000Z,,excel-seed
seed-4-gv2-167,,,2026-05-12,夜,,,4-gv2,#4 GV2,GV 2 9 Plate,W813890890211-JR,-,991.63,198.33,5,25,1,515,0,15,50,331.63,30,0,45,5,23100,0,0,,2026-06-27T00:00:00.000Z,,excel-seed
seed-4-gv2-168,,,2026-05-12,白,,,4-gv2,#4 GV2,GV 2 9 Plate,W813890890211-JR,-,984.49,196.9,5,25,1,565,0,5,0,324.49,30,0,55,5,25900,0,0,,2026-06-27T00:00:00.000Z,,excel-seed
seed-4-gv2-169,,,2026-05-13,白,,,4-gv2,#4 GV2,GV 2 6 Plate,W813890060190-JR,-,765,153,5,25,1,300,0,0,160,225,20,0,55,5,16000,0,0,,2026-06-27T00:00:00.000Z,,excel-seed
seed-4-gv2-170,,,2026-05-13,夜,,,4-gv2,#4 GV2,GV 2 6 Plate,W813890060190-JR,-,914.31,182.86,5,25,1,530,0,15,25,254.31,40,0,45,5,31000,0,0,,2026-06-27T00:00:00.000Z,,excel-seed
seed-4-gv2-171,,,2026-05-14,白,,,4-gv2,#4 GV2,GV 2 6 Plate,W813890060190-JR,-,702.16,140.43,5,25,1,420,0,0,0,217.16,35,0,25,5,22000,0,0,,2026-06-27T00:00:00.000Z,,excel-seed
seed-4-gv2-172,,,2026-05-14,夜,,,4-gv2,#4 GV2,GV 2 6 Plate,W813890060190-JR,-,695.19,139.04,5,25,1,425,0,10,0,210.19,30,0,15,5,23000,0,0,,2026-06-27T00:00:00.000Z,,excel-seed
seed-4-gv2-173,,,2026-05-15,白,,,4-gv2,#4 GV2,GV 2 6 Plate,W813890060190-JR,-,733.16,146.63,5,25,1,410,0,0,30,248.16,20,0,20,5,19000,0,0,,2026-06-27T00:00:00.000Z,,excel-seed
seed-4-gv2-174,,,2026-05-15,夜,,,4-gv2,#4 GV2,GV 2 6 Plate,W813890060190-JR,-,693.75,138.75,5,25,1,380,0,10,40,213.75,30,0,15,5,20000,0,0,,2026-06-27T00:00:00.000Z,,excel-seed
seed-4-gv2-175,,,2026-05-16,白,,,4-gv2,#4 GV2,GV 2 6 Plate,W813890060190-JR,-,676.63,135.33,5,25,1,410,0,0,0,191.63,20,0,50,5,23000,0,0,,2026-06-27T00:00:00.000Z,,excel-seed
seed-4-gv2-176,,,2026-05-16,夜,,,4-gv2,#4 GV2,GV 2 6 Plate,W813890060190-JR,-,702.04,140.41,5,25,1,375,0,10,45,222.04,30,0,15,5,19000,0,0,,2026-06-27T00:00:00.000Z,,excel-seed
seed-4-gv2-177,,,2026-05-18,白,,,4-gv2,#4 GV2,GV 2 6 Plate,W813890060190-JR,-,708.12,141.62,5,25,1,405,0,10,0,253.12,20,0,15,5,17000,0,0,,2026-06-27T00:00:00.000Z,,excel-seed
seed-4-gv2-178,,,2026-05-19,夜,,,4-gv2,#4 GV2,GV 2 6 Plate,W813890060190-JR,-,726.67,145.33,5,25,1,400,0,0,0,241.67,35,0,45,5,18000,0,0,,2026-06-27T00:00:00.000Z,,excel-seed
seed-4-gv2-179,,,2026-05-21,夜,,,4-gv2,#4 GV2,GV 2 6 Plate,W813890060190-JR,-,751.32,150.26,5,25,1,440,0,0,0,266.32,20,0,20,5,19000,0,0,,2026-06-27T00:00:00.000Z,,excel-seed
seed-4-gv2-180,,,2026-05-22,夜,,,4-gv2,#4 GV2,GV 2 6 Plate,W813890060190-JR,-,420,84,5,25,1,240,0,0,0,150,10,0,15,5,10000,0,0,,2026-06-27T00:00:00.000Z,,excel-seed
seed-4-gv2-181,,,2026-05-23,夜,,,4-gv2,#4 GV2,GV 2 6 Plate,W813890060190-JR,-,733.68,146.74,5,25,1,420,0,0,0,248.68,30,0,30,5,19000,0,0,,2026-06-27T00:00:00.000Z,,excel-seed
seed-4-gv2-182,,,2026-05-25,白,,,4-gv2,#4 GV2,GV 2 6 Plate,W813890060190-JR,-,728.68,145.74,5,25,1,420,0,10,0,248.68,30,0,15,5,19000,0,0,,2026-06-27T00:00:00.000Z,,excel-seed
seed-4-gv2-183,,,2026-05-25,夜,,,4-gv2,#4 GV2,GV 2 6 Plate,W813890060190-JR,-,715.36,143.07,5,25,1,430,0,0,0,230.36,20,0,30,5,21000,0,0,,2026-06-27T00:00:00.000Z,,excel-seed
seed-4-gv2-184,,,2026-05-26,夜,,,4-gv2,#4 GV2,GV 2 6 Plate,W813890060190-JR,-,990.23,198.05,5,25,1,555,0,0,0,330.23,40,0,60,5,25000,0,0,,2026-06-27T00:00:00.000Z,,excel-seed
seed-4-gv2-185,,,2026-05-27,白,,,4-gv2,#4 GV2,GV 2 6 Plate,W813890060190-JR,-,1004.83,200.97,5,25,1,510,0,0,65,344.83,20,0,60,5,22000,0,0,,2026-06-27T00:00:00.000Z,,excel-seed
seed-4-gv2-186,,,2026-05-28,白,,,4-gv2,#4 GV2,GV 2 6 Plate,W813890060190-JR,-,977.52,195.5,5,25,1,555,0,15,0,317.52,40,0,45,5,26000,0,0,,2026-06-27T00:00:00.000Z,,excel-seed
seed-4-gv2-187,,,2026-05-28,夜,,,4-gv2,#4 GV2,GV 2 6 Plate,W813890060190-JR,-,983.25,196.65,5,25,1,565,0,0,0,323.25,30,0,60,5,26000,0,0,,2026-06-27T00:00:00.000Z,,excel-seed
seed-4-gv2-188,,,2026-05-29,白,,,4-gv2,#4 GV2,GV 2 6 Plate,W813890060190-JR,-,983.25,196.65,5,25,1,565,0,15,0,323.25,30,0,45,5,26000,0,0,,2026-06-27T00:00:00.000Z,,excel-seed
seed-4-gv2-189,,,2026-05-29,夜,,,4-gv2,#4 GV2,GV 2 6 Plate,W813890060190-JR,-,988.68,197.74,5,25,1,565,0,0,0,328.68,40,0,50,5,26000,0,0,,2026-06-27T00:00:00.000Z,,excel-seed
seed-4-gv2-190,,,2026-05-30,白,,,4-gv2,#4 GV2,GV 2 6 Plate,W813890060190-JR,-,960.16,192.03,5,25,1,565,0,15,0,300.16,30,0,45,5,28000,0,0,,2026-06-27T00:00:00.000Z,,excel-seed
seed-4-gv2-191,,,2026-05-30,夜,,,4-gv2,#4 GV2,GV 2 6 Plate,W813890060190-JR,-,965.76,193.15,5,25,1,555,0,0,0,305.76,40,0,60,5,27000,0,0,,2026-06-27T00:00:00.000Z,,excel-seed
seed-4-gv2-192,,,2026-06-01,白,,,4-gv2,#4 GV2,GV 2 6 Plate,W813890060190-JR,-,951.35,190.27,5,25,1,505,0,0,65,291.35,30,0,55,5,26000,0,0,,2026-06-27T00:00:00.000Z,,excel-seed
seed-4-gv2-193,,,2026-06-01,夜,,,4-gv2,#4 GV2,GV 2 6 Plate,W813890060190-JR,-,1060.21,212.04,5,25,1,565,0,15,0,400.21,30,0,45,5,21000,0,0,,2026-06-27T00:00:00.000Z,,excel-seed
seed-4-gv2-194,,,2026-06-02,白,,,4-gv2,#4 GV2,GV 2 6 Plate,W813890060190-JR,-,753.75,150.75,5,25,1,430,0,0,0,268.75,20,0,30,5,18000,0,0,,2026-06-27T00:00:00.000Z,,excel-seed
seed-4-gv2-195,,,2026-06-02,夜,,,4-gv2,#4 GV2,GV 2 6 Plate,W813890060190-JR,-,904.43,180.89,5,25,1,415,0,10,25,424.43,10,0,15,5,11000,0,0,,2026-06-27T00:00:00.000Z,,excel-seed
seed-4-gv2-196,,,2026-06-03,白,,,4-gv2,#4 GV2,GV 2 6 Plate,W813890060190-JR,-,1000,200,5,25,1,340,0,0,190,340,30,0,95,5,14000,0,0,,2026-06-27T00:00:00.000Z,,excel-seed
seed-4-gv2-197,,,2026-06-03,夜,,,4-gv2,#4 GV2,GV 2 6 Plate,W813890060190-JR,-,984.27,196.85,5,25,1,545,0,15,20,324.27,30,0,45,5,25000,0,0,,2026-06-27T00:00:00.000Z,,excel-seed
seed-4-gv2-198,,,2026-06-04,白,,,4-gv2,#4 GV2,GV 2 6 Plate,W813890060190-JR,-,986.25,197.25,5,25,1,570,0,0,0,356.25,0,0,55,5,24000,0,0,,2026-06-27T00:00:00.000Z,,excel-seed
seed-4-gv2-199,,,2026-06-04,夜,,,4-gv2,#4 GV2,GV 2 6 Plate,W813890060190-JR,-,960.16,192.03,5,25,1,565,0,15,0,300.16,30,0,45,5,28000,0,0,,2026-06-27T00:00:00.000Z,,excel-seed
seed-4-gv2-200,,,2026-06-05,白,,,4-gv2,#4 GV2,GV 2 6 Plate,W813890060190-JR,-,986.09,197.22,5,25,1,500,0,0,70,326.09,30,0,55,5,23000,0,0,,2026-06-27T00:00:00.000Z,,excel-seed
seed-4-gv2-201,,,2026-06-05,夜,,,4-gv2,#4 GV2,GV 2 6 Plate,W813890060190-JR,-,954.84,190.97,5,25,1,555,0,15,0,294.84,40,0,45,5,28000,0,0,,2026-06-27T00:00:00.000Z,,excel-seed
seed-4-gv2-202,,,2026-06-08,白,,,4-gv2,#4 GV2,GV 2 6 Plate,W813890060190-JR,-,908.08,181.62,5,25,1,535,0,0,0,248.08,40,0,80,5,31000,0,0,,2026-06-27T00:00:00.000Z,,excel-seed
seed-4-gv2-203,,,2026-06-08,夜,,,4-gv2,#4 GV2,GV 2 6 Plate,W813890060190-JR,-,944.68,188.94,5,25,1,555,0,15,0,284.68,40,0,45,5,29000,0,0,,2026-06-27T00:00:00.000Z,,excel-seed
seed-4-gv2-204,,,2026-06-09,白,,,4-gv2,#4 GV2,GV 2 6 Plate,W813890060190-JR,-,930.15,186.03,5,25,1,545,0,0,0,270.15,30,0,80,5,29000,0,0,,2026-06-27T00:00:00.000Z,,excel-seed
seed-4-gv2-205,,,2026-06-09,夜,,,4-gv2,#4 GV2,GV 2 6 Plate,W813890060190-JR,-,935.19,187.04,5,25,1,555,0,15,0,275.19,40,0,45,5,30000,0,0,,2026-06-27T00:00:00.000Z,,excel-seed
seed-4-gv2-206,,,2026-06-10,白,,,4-gv2,#4 GV2,GV 2 6 Plate,W813890060190-JR,-,930.97,186.19,5,25,1,560,0,0,0,270.97,40,0,55,5,31000,0,0,,2026-06-27T00:00:00.000Z,,excel-seed
seed-4-gv2-207,,,2026-06-11,白,,,4-gv2,#4 GV2,GV 2 6 Plate,W813890060190-JR,-,917.12,183.43,5,25,1,255,0,0,330,257.12,20,0,50,5,15000,0,0,,2026-06-27T00:00:00.000Z,,excel-seed
seed-4-gv2-208,,,2026-06-11,夜,,,4-gv2,#4 GV2,GV 2 6 Plate,W813890060190-JR,-,954.84,190.97,5,25,1,555,0,15,0,294.84,40,0,45,5,28000,0,0,,2026-06-27T00:00:00.000Z,,excel-seed
seed-4-gv2-209,,,2026-06-12,白,,,4-gv2,#4 GV2,GV 2 9 Plate,W813890890211-JR,-,782.19,156.44,5,25,1,350,0,0,95,242.19,20,0,70,5,16800,0,0,,2026-06-27T00:00:00.000Z,,excel-seed
seed-4-gv2-210,,,2026-06-13,白,,,4-gv2,#4 GV2,GV 2 9 Plate,W813890890211-JR,-,497.83,99.57,5,25,1,285,0,0,0,147.83,20,0,40,5,14700,0,0,,2026-06-27T00:00:00.000Z,,excel-seed
seed-4-gv2-211,,,2026-06-13,夜,,,4-gv2,#4 GV2,GV 2 9 Plate,W813890890211-JR,-,750.9,150.18,5,25,1,375,0,15,50,270.9,20,0,15,5,15400,0,0,,2026-06-27T00:00:00.000Z,,excel-seed
seed-4-gv2-212,,,2026-06-15,白,,,4-gv2,#4 GV2,GV 2 9 Plate,W813890890211-JR,-,320.71,64.14,5,25,1,180,0,5,0,115.71,0,0,15,5,7000,0,0,,2026-06-27T00:00:00.000Z,,excel-seed
seed-4-gv2-213,,,2026-06-18,夜,,,4-gv2,#4 GV2,GV 2 9 Plate,W813890890211-JR,-,1074.01,214.8,5,25,1,565,0,0,0,414.01,30,0,60,5,20300,0,0,,2026-06-27T00:00:00.000Z,,excel-seed
seed-4-gv2-214,,,2026-06-19,白,,,4-gv2,#4 GV2,GV 2 9 Plate,W813890890211-JR,-,777.99,155.6,5,25,1,375,0,15,50,297.99,20,0,15,5,14000,0,0,,2026-06-27T00:00:00.000Z,,excel-seed
seed-4-gv2-215,,,2026-06-19,夜,,,4-gv2,#4 GV2,GV 2 9 Plate,W813890890211-JR,-,304.35,60.87,5,25,1,170,0,0,0,99.35,10,0,20,5,7700,0,0,,2026-06-27T00:00:00.000Z,,excel-seed
seed-4-gv2-216,,,2026-06-20,夜,,,4-gv2,#4 GV2,GV 2 9 Plate,W813890890211-JR,-,1060.92,212.18,5,25,1,580,0,0,0,400.92,20,0,55,5,21700,0,0,,2026-06-27T00:00:00.000Z,,excel-seed
seed-4-gv2-217,,,2026-06-22,夜,,,4-gv2,#4 GV2,GV 2 9 Plate,W813890890211-JR,-,1030.92,206.18,5,25,1,515,0,0,60,370.92,30,0,50,5,21000,0,0,,2026-06-27T00:00:00.000Z,,excel-seed
seed-4-gv2-218,,,2026-06-23,夜,,,4-gv2,#4 GV2,GV 2 9 Plate,W813890890211-JR,-,798.92,159.78,5,25,1,425,0,0,5,313.92,25,0,25,5,15400,0,0,,2026-06-27T00:00:00.000Z,,excel-seed
seed-4-gv2-219,,,2026-06-24,夜,,,4-gv2,#4 GV2,GV 2 9 Plate,W813890890211-JR,-,705.92,141.18,5,25,1,345,0,0,0,260.92,15,0,80,5,11900,0,0,,2026-06-27T00:00:00.000Z,,excel-seed
seed-4-gv2-220,,,2026-06-25,夜,,,4-gv2,#4 GV2,GV 2 9 Plate,W813890890211-JR,-,788.8,157.76,5,25,1,430,0,0,0,303.8,25,0,25,5,16100,0,0,,2026-06-27T00:00:00.000Z,,excel-seed
seed-4-gv2-221,,,2026-06-26,白,,,4-gv2,#4 GV2,GV 2 9 Plate,W813890890211-JR,-,761.25,152.25,5,25,1,420,0,10,0,281.25,30,0,15,5,16800,0,0,,2026-06-27T00:00:00.000Z,,excel-seed
seed-4-gv2-222,,,2026-06-26,夜,,,4-gv2,#4 GV2,GV 2 9 Plate,W813890890211-JR,-,916.92,183.38,5,25,1,430,0,0,10,431.92,10,0,30,5,11200,0,0,,2026-06-27T00:00:00.000Z,,excel-seed
seed-5-arc-chute-1,,,2025-01-06,A,,,5-arc-chute,#5 Arc Chute,CUT CHAMBER,51207116-JR,-,716.84,143.37,5,25,1,400,0,20,0,236.84,30,0,30,0,19000,0,0,,2026-06-27T00:00:00.000Z,,excel-seed
seed-5-arc-chute-2,,,2025-01-07,A,,,5-arc-chute,#5 Arc Chute,CUT CHAMBER,51207116-JR,-,722.47,144.49,5,25,1,405,0,20,0,242.47,30,0,25,0,19000,0,0,,2026-06-27T00:00:00.000Z,,excel-seed
seed-5-arc-chute-3,,,2025-01-08,A,,,5-arc-chute,#5 Arc Chute,CUT CHAMBER,51207116-JR,-,714.19,142.84,5,25,1,350,0,20,55,234.19,30,0,25,0,17000,0,0,,2026-06-27T00:00:00.000Z,,excel-seed
seed-5-arc-chute-4,,,2025-01-09,A,,,5-arc-chute,#5 Arc Chute,CUT CHAMBER,51207116-JR,-,725.46,145.09,5,25,1,410,0,15,0,245.46,30,0,25,0,19000,0,0,,2026-06-27T00:00:00.000Z,,excel-seed
seed-5-arc-chute-5,,,2025-01-10,A,,,5-arc-chute,#5 Arc Chute,CUT CHAMBER,51207116-JR,-,725.13,145.03,5,25,1,405,0,25,0,245.13,30,0,20,0,19000,0,0,,2026-06-27T00:00:00.000Z,,excel-seed
seed-5-arc-chute-6,,,2025-01-11,A,,,5-arc-chute,#5 Arc Chute,CUT CHAMBER,51207116-JR,-,728.16,145.63,5,25,1,410,0,20,0,248.16,30,0,20,0,19000,0,0,,2026-06-27T00:00:00.000Z,,excel-seed
seed-5-arc-chute-7,,,2025-01-13,A,,,5-arc-chute,#5 Arc Chute,CUT CHAMBER,51207116-JR,-,705.79,141.16,5,25,1,390,0,20,0,225.79,30,0,40,0,19000,0,0,,2026-06-27T00:00:00.000Z,,excel-seed
seed-5-arc-chute-8,,,2025-01-14,A,,,5-arc-chute,#5 Arc Chute,CUT CHAMBER,51207116-JR,-,667.26,133.45,5,25,1,270,0,30,100,187.26,30,0,50,0,15500,1,0,,2026-06-27T00:00:00.000Z,,excel-seed
seed-5-arc-chute-9,,,2025-01-15,A,,,5-arc-chute,#5 Arc Chute,CUT CHAMBER,51207116-JR,-,734.64,146.93,5,25,1,230,0,15,205,254.64,15,0,15,0,10500,0,0,,2026-06-27T00:00:00.000Z,,excel-seed
seed-5-arc-chute-10,,,2025-01-16,A,,,5-arc-chute,#5 Arc Chute,CUT CHAMBER,51207116-JR,-,732.57,146.51,5,25,1,420,0,10,0,252.57,15,0,35,0,18500,0,0,,2026-06-27T00:00:00.000Z,,excel-seed
seed-5-arc-chute-11,,,2025-01-17,A,,,5-arc-chute,#5 Arc Chute,CUT CHAMBER,51207116-JR,-,727.89,145.58,5,25,1,355,0,20,0,247.89,30,0,75,0,14500,0,0,,2026-06-27T00:00:00.000Z,,excel-seed
seed-5-arc-chute-12,,,2025-01-18,A,,,5-arc-chute,#5 Arc Chute,CUT CHAMBER,51207116-JR,-,763.06,152.61,5,25,1,390,0,15,45,283.06,0,0,30,0,15500,0,0,,2026-06-27T00:00:00.000Z,,excel-seed
seed-5-arc-chute-13,,,2025-01-20,A,,,5-arc-chute,#5 Arc Chute,CUT CHAMBER,51207116-JR,-,762.65,152.53,5,25,1,410,0,15,0,282.65,30,0,25,0,16500,1,0,,2026-06-27T00:00:00.000Z,,excel-seed
seed-5-arc-chute-14,,,2025-01-21,A,,,5-arc-chute,#5 Arc Chute,CUT CHAMBER,51207116-JR,-,739.1,147.82,5,25,1,410,0,15,0,259.1,30,0,25,0,18000,8,0,,2026-06-27T00:00:00.000Z,,excel-seed
seed-6-arc-chute-1,,,2026-01-05,白,,,6-arc-chute,#6 Arc Chute,CUT CHAMBER,51207116-JR,-,481.5,96.3,5,25,1,425,0,15,0,1.5,15,0,20,5,16500,0,0,,2026-06-27T00:00:00.000Z,,excel-seed
seed-6-arc-chute-2,,,2026-01-06,白,,,6-arc-chute,#6 Arc Chute,CUT CHAMBER,51207116-JR,-,480.45,96.09,5,25,1,125,0,15,300,0.45,15,0,20,5,5000,0,0,,2026-06-27T00:00:00.000Z,,excel-seed
seed-6-arc-chute-3,,,2026-01-07,白,,,6-arc-chute,#6 Arc Chute,CUT CHAMBER,51207116-JR,-,631.37,126.27,5,25,1,430,0,25,125,1.37,0,0,45,5,20000,0,0,,2026-06-27T00:00:00.000Z,,excel-seed
seed-6-arc-chute-4,,,2026-01-08,白,,,6-arc-chute,#6 Arc Chute,CUT CHAMBER,51207116-JR,-,661.45,132.29,5,25,1,575,0,20,0,1.45,20,0,40,5,21500,0,0,,2026-06-27T00:00:00.000Z,,excel-seed
seed-6-arc-chute-5,,,2026-01-09,白,,,6-arc-chute,#6 Arc Chute,CUT CHAMBER,51207116-JR,-,661.53,132.31,5,25,1,530,0,30,0,1.53,45,0,50,5,22000,0,0,,2026-06-27T00:00:00.000Z,,excel-seed
seed-6-arc-chute-6,,,2026-01-10,白,,,6-arc-chute,#6 Arc Chute,CUT CHAMBER,51207116-JR,-,661.55,132.31,5,25,1,550,0,25,0,1.55,30,0,45,10,22500,0,0,,2026-06-27T00:00:00.000Z,,excel-seed
seed-6-arc-chute-7,,,2026-01-12,白,,,6-arc-chute,#6 Arc Chute,CUT CHAMBER,51207116-JR,-,661.56,132.31,5,25,1,560,0,25,0,1.56,30,0,40,5,23000,0,0,,2026-06-27T00:00:00.000Z,,excel-seed
seed-6-arc-chute-8,,,2026-01-13,白,,,6-arc-chute,#6 Arc Chute,CUT CHAMBER,51207116-JR,-,661.68,132.34,5,25,1,540,0,25,0,1.68,45,0,50,0,24500,0,0,,2026-06-27T00:00:00.000Z,,excel-seed
seed-6-arc-chute-9,,,2026-01-14,白,,,6-arc-chute,#6 Arc Chute,CUT CHAMBER,51207116-JR,-,662.22,132.44,5,25,1,555,0,20,0,2.22,30,0,50,5,32500,0,0,,2026-06-27T00:00:00.000Z,,excel-seed
seed-6-arc-chute-10,,,2026-01-15,白,,,6-arc-chute,#6 Arc Chute,CUT CHAMBER,51207116-JR,-,766.87,153.37,5,25,1,615,0,20,0,1.87,60,0,65,5,31500,0,0,,2026-06-27T00:00:00.000Z,,excel-seed
seed-6-arc-chute-11,,,2026-01-16,白,,,6-arc-chute,#6 Arc Chute,CUT CHAMBER,51207116-JR,-,786.89,157.38,5,25,1,620,0,25,0,1.89,45,0,90,5,31500,0,0,,2026-06-27T00:00:00.000Z,,excel-seed
seed-6-arc-chute-12,,,2026-01-17,白,,,6-arc-chute,#6 Arc Chute,CUT CHAMBER,51207116-JR,-,726.69,145.34,5,25,1,605,0,20,0,1.69,45,0,55,0,27500,0,0,,2026-06-27T00:00:00.000Z,,excel-seed
seed-6-arc-chute-13,,,2026-01-19,白,,,6-arc-chute,#6 Arc Chute,CUT CHAMBER,51207116-JR,-,781.64,156.33,5,25,1,625,0,25,30,1.64,30,0,65,5,28000,0,0,,2026-06-27T00:00:00.000Z,,excel-seed
seed-6-arc-chute-14,,,2026-01-20,白,,,6-arc-chute,#6 Arc Chute,CUT CHAMBER,51207116-JR,-,781.74,156.35,5,25,1,645,0,20,0,1.74,55,0,55,5,30500,0,0,,2026-06-27T00:00:00.000Z,,excel-seed
seed-6-arc-chute-15,,,2026-01-21,白,,,6-arc-chute,#6 Arc Chute,CUT CHAMBER,51207116-JR,-,481.64,96.33,5,25,1,420,0,10,0,1.64,30,0,15,5,18500,0,0,,2026-06-27T00:00:00.000Z,,excel-seed
seed-6-arc-chute-16,,,2026-01-22,白,,,6-arc-chute,#6 Arc Chute,CUT CHAMBER,51207116-JR,-,781.64,156.33,5,25,1,685,0,15,0,1.64,10,0,60,10,28500,0,0,,2026-06-27T00:00:00.000Z,,excel-seed
seed-6-arc-chute-17,,,2026-01-22,夜,,,6-arc-chute,#6 Arc Chute,CUT CHAMBER,51207116-JR,-,251.37,50.27,5,25,1,190,0,5,0,1.37,0,0,50,5,6500,0,0,,2026-06-27T00:00:00.000Z,,excel-seed
seed-6-arc-chute-18,,,2026-01-23,白,,,6-arc-chute,#6 Arc Chute,CUT CHAMBER,51207116-JR,-,786.17,157.23,5,25,1,600,0,20,70,1.17,45,0,45,5,21000,0,0,,2026-06-27T00:00:00.000Z,,excel-seed
seed-6-arc-chute-19,,,2026-01-24,夜,,,6-arc-chute,#6 Arc Chute,CUT CHAMBER,51207116-JR,-,306.57,61.31,5,25,1,240,0,5,0,1.57,15,0,40,5,10000,0,0,,2026-06-27T00:00:00.000Z,,excel-seed
seed-6-arc-chute-20,,,2026-01-24,白,,,6-arc-chute,#6 Arc Chute,CUT CHAMBER,51207116-JR,-,661.69,132.34,5,25,1,560,0,20,0,1.69,30,0,45,5,25000,0,0,,2026-06-27T00:00:00.000Z,,excel-seed
seed-6-arc-chute-21,,,2026-01-26,白,,,6-arc-chute,#6 Arc Chute,CUT CHAMBER,51207116-JR,-,662.22,132.44,5,25,1,535,0,15,0,2.22,60,0,45,5,33000,0,0,,2026-06-27T00:00:00.000Z,,excel-seed
seed-6-arc-chute-22,,,2026-01-27,白,,,6-arc-chute,#6 Arc Chute,CUT CHAMBER,51207116-JR,-,786.62,157.32,5,25,1,670,0,15,0,1.62,45,0,45,10,29000,0,0,,2026-06-27T00:00:00.000Z,,excel-seed
seed-6-arc-chute-23,,,2026-01-28,白,,,6-arc-chute,#6 Arc Chute,CUT CHAMBER,51207116-JR,-,781.69,156.34,5,25,1,675,0,10,0,1.69,45,0,45,5,30500,0,0,,2026-06-27T00:00:00.000Z,,excel-seed
seed-6-arc-chute-24,,,2026-01-29,白,,,6-arc-chute,#6 Arc Chute,CUT CHAMBER,51207116-JR,-,786.59,157.32,5,25,1,665,0,15,0,1.59,50,0,45,10,28500,0,0,,2026-06-27T00:00:00.000Z,,excel-seed
seed-6-arc-chute-25,,,2026-01-30,白,,,6-arc-chute,#6 Arc Chute,CUT CHAMBER,51207116-JR,-,786.69,157.34,5,25,1,690,0,20,0,1.69,45,0,30,0,31000,0,0,,2026-06-27T00:00:00.000Z,,excel-seed
seed-6-arc-chute-26,,,2026-01-31,白,,,6-arc-chute,#6 Arc Chute,CUT CHAMBER,51207116-JR,-,661.46,132.29,5,25,1,520,0,20,40,1.46,30,0,45,5,21500,0,0,,2026-06-27T00:00:00.000Z,,excel-seed
seed-6-arc-chute-27,,,2026-02-02,白,,,6-arc-chute,#6 Arc Chute,CUT CHAMBER,51207116-JR,-,661.53,132.31,5,25,1,560,0,20,0,1.53,30,0,45,5,22500,0,0,,2026-06-27T00:00:00.000Z,,excel-seed
seed-6-arc-chute-28,,,2026-02-02,夜,,,6-arc-chute,#6 Arc Chute,CUT CHAMBER,51207116-JR,-,661.27,132.25,5,25,1,555,0,5,25,1.27,20,0,50,5,19000,0,0,,2026-06-27T00:00:00.000Z,,excel-seed
seed-6-arc-chute-29,,,2026-02-03,白,,,6-arc-chute,#6 Arc Chute,CUT CHAMBER,51207116-JR,-,661.55,132.31,5,25,1,495,0,30,40,1.55,45,0,45,5,22500,0,0,,2026-06-27T00:00:00.000Z,,excel-seed
seed-6-arc-chute-30,,,2026-02-03,夜,,,6-arc-chute,#6 Arc Chute,CUT CHAMBER,51207116-JR,-,481.32,96.26,5,25,1,435,0,5,0,1.32,20,0,15,5,15000,0,0,,2026-06-27T00:00:00.000Z,,excel-seed
seed-6-arc-chute-31,,,2026-02-04,白,,,6-arc-chute,#6 Arc Chute,CUT CHAMBER,51207116-JR,-,661.41,132.28,5,25,1,550,0,30,0,1.41,30,0,45,5,20500,0,0,,2026-06-27T00:00:00.000Z,,excel-seed
seed-6-arc-chute-32,,,2026-02-04,夜,,,6-arc-chute,#6 Arc Chute,CUT CHAMBER,51207116-JR,-,661.27,132.25,5,25,1,580,0,5,0,1.27,20,0,50,5,19000,0,0,,2026-06-27T00:00:00.000Z,,excel-seed
seed-6-arc-chute-33,,,2026-02-05,白,,,6-arc-chute,#6 Arc Chute,CUT CHAMBER,51207116-JR,-,661.51,132.3,5,25,1,510,0,15,55,1.51,30,0,45,5,22500,0,0,,2026-06-27T00:00:00.000Z,,excel-seed
seed-6-arc-chute-34,,,2026-02-06,白,,,6-arc-chute,#6 Arc Chute,CUT CHAMBER,51207116-JR,-,661.59,132.32,5,25,1,495,0,25,55,1.59,30,0,50,5,23000,0,0,,2026-06-27T00:00:00.000Z,,excel-seed
seed-6-arc-chute-35,,,2026-02-06,夜,,,6-arc-chute,#6 Arc Chute,CUT CHAMBER,51207116-JR,-,486.38,97.28,5,25,1,430,5,0,0,1.38,20,0,20,10,15500,0,0,,2026-06-27T00:00:00.000Z,,excel-seed
seed-6-arc-chute-36,,,2026-02-07,白,,,6-arc-chute,#6 Arc Chute,CUT CHAMBER,51207116-JR,-,661.5,132.3,5,25,1,430,0,10,135,1.5,35,0,45,5,22500,0,0,,2026-06-27T00:00:00.000Z,,excel-seed
seed-6-arc-chute-37,,,2026-02-07,夜,,,6-arc-chute,#6 Arc Chute,CUT CHAMBER,51207116-JR,-,166.57,33.31,5,25,1,130,0,5,0,1.57,10,0,15,5,5500,0,0,,2026-06-27T00:00:00.000Z,,excel-seed
seed-6-arc-chute-38,,,2026-02-09,白,,,6-arc-chute,#6 Arc Chute,CUT CHAMBER,51207116-JR,-,661.39,132.28,5,25,1,490,0,35,55,1.39,30,0,45,5,20000,0,0,,2026-06-27T00:00:00.000Z,,excel-seed
seed-6-arc-chute-39,,,2026-02-09,夜,,,6-arc-chute,#6 Arc Chute,CUT CHAMBER,51207116-JR,-,660.89,132.18,5,25,1,595,0,5,0,0.89,10,0,50,0,13500,0,0,,2026-06-27T00:00:00.000Z,,excel-seed
seed-6-arc-chute-40,,,2026-02-10,白,,,6-arc-chute,#6 Arc Chute,CUT CHAMBER,51207116-JR,-,661.55,132.31,5,25,1,520,0,20,30,1.55,45,0,45,0,23000,0,0,,2026-06-27T00:00:00.000Z,,excel-seed
seed-6-arc-chute-41,,,2026-02-11,白,,,6-arc-chute,#6 Arc Chute,CUT CHAMBER,51207116-JR,-,631.45,126.29,5,25,1,590,0,5,15,1.45,0,0,15,5,23000,0,0,,2026-06-27T00:00:00.000Z,,excel-seed
seed-6-arc-chute-42,,,2026-02-11,夜,,,6-arc-chute,#6 Arc Chute,CUT CHAMBER,51207116-JR,-,661.23,132.25,5,25,1,580,0,5,0,1.23,20,0,50,5,18500,0,0,,2026-06-27T00:00:00.000Z,,excel-seed
seed-6-arc-chute-43,,,2026-02-12,白,,,6-arc-chute,#6 Arc Chute,CUT CHAMBER,51207116-JR,-,661.53,132.31,5,25,1,520,0,25,35,1.53,35,0,40,5,22500,0,0,,2026-06-27T00:00:00.000Z,,excel-seed
seed-6-arc-chute-44,,,2026-02-13,白,,,6-arc-chute,#6 Arc Chute,CUT CHAMBER,51207116-JR,-,661.59,132.32,5,25,1,425,0,25,140,1.59,15,0,45,10,23000,0,0,,2026-06-27T00:00:00.000Z,,excel-seed
seed-6-arc-chute-45,,,2026-02-13,夜,,,6-arc-chute,#6 Arc Chute,CUT CHAMBER,51207116-JR,-,661.37,132.27,5,25,1,580,0,5,0,1.37,20,0,50,5,20500,0,0,,2026-06-27T00:00:00.000Z,,excel-seed
seed-6-arc-chute-46,,,2026-02-14,白,,,6-arc-chute,#6 Arc Chute,CUT CHAMBER,51207116-JR,-,481.8,96.36,5,25,1,425,0,5,0,1.8,30,0,15,5,20500,0,0,,2026-06-27T00:00:00.000Z,,excel-seed
seed-6-arc-chute-47,,,2026-02-16,白,,,6-arc-chute,#6 Arc Chute,CUT CHAMBER,51207116-JR,-,361.94,72.39,5,25,1,300,0,10,0,1.94,30,0,15,5,16000,0,0,,2026-06-27T00:00:00.000Z,,excel-seed
seed-6-arc-chute-48,,,2026-02-17,白,,,6-arc-chute,#6 Arc Chute,CUT CHAMBER,51207116-JR,-,481.7,96.34,5,25,1,405,0,20,0,1.7,30,0,20,5,18500,0,0,,2026-06-27T00:00:00.000Z,,excel-seed
seed-6-arc-chute-49,,,2026-02-18,白,,,6-arc-chute,#6 Arc Chute,CUT CHAMBER,51207116-JR,-,326.56,65.31,5,25,1,280,10,0,0,1.56,15,0,15,5,11500,0,0,,2026-06-27T00:00:00.000Z,,excel-seed
seed-6-arc-chute-50,,,2026-02-19,白,,,6-arc-chute,#6 Arc Chute,CUT CHAMBER,51207116-JR,-,481.29,96.26,5,25,1,420,0,10,0,1.29,30,0,15,5,14500,0,0,,2026-06-27T00:00:00.000Z,,excel-seed
seed-6-arc-chute-51,,,2026-02-20,白,,,6-arc-chute,#6 Arc Chute,CUT CHAMBER,51207116-JR,-,481.19,96.24,5,25,1,270,0,10,0,1.19,15,0,180,5,8500,0,0,,2026-06-27T00:00:00.000Z,,excel-seed
seed-6-arc-chute-52,,,2026-02-23,白,,,6-arc-chute,#6 Arc Chute,CUT CHAMBER,51207116-JR,-,481.42,96.28,5,25,1,435,0,10,0,1.42,15,0,15,5,16000,0,0,,2026-06-27T00:00:00.000Z,,excel-seed
seed-6-arc-chute-53,,,2026-02-24,白,,,6-arc-chute,#6 Arc Chute,CUT CHAMBER,51207116-JR,-,481.47,96.29,5,25,1,420,0,10,0,1.47,30,0,15,5,16500,0,0,,2026-06-27T00:00:00.000Z,,excel-seed
seed-6-arc-chute-54,,,2026-02-25,白,,,6-arc-chute,#6 Arc Chute,CUT CHAMBER,51207116-JR,-,481.33,96.27,5,25,1,435,0,10,0,1.33,15,0,15,5,15000,0,0,,2026-06-27T00:00:00.000Z,,excel-seed
seed-6-arc-chute-55,,,2026-02-26,白,,,6-arc-chute,#6 Arc Chute,CUT CHAMBER,51207116-JR,-,321.66,64.33,5,25,1,260,0,10,0,1.66,30,0,15,5,12000,0,0,,2026-06-27T00:00:00.000Z,,excel-seed
seed-6-arc-chute-56,,,2026-02-27,白,,,6-arc-chute,#6 Arc Chute,CUT CHAMBER,51207116-JR,-,481.47,96.29,5,25,1,420,0,10,0,1.47,30,0,15,5,16500,0,0,,2026-06-27T00:00:00.000Z,,excel-seed
seed-6-arc-chute-57,,,2026-02-28,白,,,6-arc-chute,#6 Arc Chute,CUT CHAMBER,51207116-JR,-,481.53,96.31,5,25,1,435,0,10,0,1.53,10,0,20,5,17000,0,0,,2026-06-27T00:00:00.000Z,,excel-seed
seed-6-arc-chute-58,,,2026-03-02,白,,,6-arc-chute,#6 Arc Chute,CUT CHAMBER,51207116-JR,-,121.05,24.21,5,25,1,95,0,5,0,1.05,0,0,15,5,2500,0,0,,2026-06-27T00:00:00.000Z,,excel-seed
seed-6-arc-chute-59,,,2026-03-03,白,,,6-arc-chute,#6 Arc Chute,CUT CHAMBER,51207116-JR,-,481.42,96.28,5,25,1,435,0,10,0,1.42,15,0,15,5,16000,0,0,,2026-06-27T00:00:00.000Z,,excel-seed
seed-6-arc-chute-60,,,2026-03-04,白,,,6-arc-chute,#6 Arc Chute,CUT CHAMBER,51207116-JR,-,486.57,97.31,5,25,1,415,0,15,0,1.57,30,0,20,5,17500,0,0,,2026-06-27T00:00:00.000Z,,excel-seed
seed-6-arc-chute-61,,,2026-03-04,夜,,,6-arc-chute,#6 Arc Chute,CUT CHAMBER,51207116-JR,-,126.6,25.32,5,25,1,100,0,0,0,1.6,0,0,15,10,4000,0,0,,2026-06-27T00:00:00.000Z,,excel-seed
seed-6-arc-chute-62,,,2026-03-05,白,,,6-arc-chute,#6 Arc Chute,CUT CHAMBER,51207116-JR,-,481.49,96.3,5,25,1,440,0,5,0,1.49,15,0,15,5,17000,0,0,,2026-06-27T00:00:00.000Z,,excel-seed
seed-6-arc-chute-63,,,2026-03-06,白,,,6-arc-chute,#6 Arc Chute,CUT CHAMBER,51207116-JR,-,481.12,96.22,5,25,1,435,0,5,10,1.12,0,0,25,5,12500,0,0,,2026-06-27T00:00:00.000Z,,excel-seed
seed-6-arc-chute-64,,,2026-03-09,白,,,6-arc-chute,#6 Arc Chute,CUT CHAMBER,51207116-JR,-,485.89,97.18,5,25,1,325,0,10,110,0.89,15,0,20,5,10000,0,0,,2026-06-27T00:00:00.000Z,,excel-seed
seed-6-arc-chute-65,,,2026-03-10,白,,,6-arc-chute,#6 Arc Chute,CUT CHAMBER,51207116-JR,-,486.26,97.25,5,25,1,415,0,20,15,1.26,15,0,15,5,14000,0,0,,2026-06-27T00:00:00.000Z,,excel-seed
seed-6-arc-chute-66,,,2026-03-10,夜,,,6-arc-chute,#6 Arc Chute,CUT CHAMBER,51207116-JR,-,316.19,63.24,5,25,1,275,0,0,0,1.19,10,0,25,5,8500,0,0,,2026-06-27T00:00:00.000Z,,excel-seed
seed-6-arc-chute-67,,,2026-03-11,白,,,6-arc-chute,#6 Arc Chute,CUT CHAMBER,51207116-JR,-,486.45,97.29,5,25,1,410,0,20,0,1.45,30,0,20,5,16000,0,0,,2026-06-27T00:00:00.000Z,,excel-seed
seed-6-arc-chute-68,,,2026-03-12,白,,,6-arc-chute,#6 Arc Chute,CUT CHAMBER,51207116-JR,-,486.41,97.28,5,25,1,440,0,5,0,1.41,15,0,20,5,16000,0,0,,2026-06-27T00:00:00.000Z,,excel-seed
seed-6-arc-chute-69,,,2026-03-13,白,,,6-arc-chute,#6 Arc Chute,CUT CHAMBER,51207116-JR,-,486.52,97.3,5,25,1,390,0,20,0,1.52,30,0,40,5,16000,0,0,,2026-06-27T00:00:00.000Z,,excel-seed
seed-6-arc-chute-70,,,2026-03-14,夜,,,6-arc-chute,#6 Arc Chute,CUT CHAMBER,51207116-JR,-,456.44,91.29,5,25,1,420,0,5,0,1.44,10,0,15,5,15500,0,0,,2026-06-27T00:00:00.000Z,,excel-seed
seed-6-arc-chute-71,,,2026-03-16,白,,,6-arc-chute,#6 Arc Chute,CUT CHAMBER,51207116-JR,-,486.33,97.27,5,25,1,425,0,10,0,1.33,25,0,15,10,15000,0,0,,2026-06-27T00:00:00.000Z,,excel-seed
seed-6-arc-chute-72,,,2026-03-17,白,,,6-arc-chute,#6 Arc Chute,CUT CHAMBER,51207116-JR,-,486.4,97.28,5,25,1,400,0,10,0,1.4,30,0,40,5,15000,1,0,,2026-06-27T00:00:00.000Z,,excel-seed
seed-6-arc-chute-73,,,2026-03-18,白,,,6-arc-chute,#6 Arc Chute,CUT CHAMBER,51207116-JR,-,486.12,97.22,5,25,1,300,0,5,130,1.12,15,0,30,5,12500,0,0,,2026-06-27T00:00:00.000Z,,excel-seed
seed-6-arc-chute-74,,,2026-03-19,白,,,6-arc-chute,#6 Arc Chute,CUT CHAMBER,51207116-JR,-,71.54,14.31,5,25,1,65,0,0,0,1.54,0,0,0,5,2500,0,0,,2026-06-27T00:00:00.000Z,,excel-seed
seed-6-arc-chute-75,,,2026-03-20,白,,,6-arc-chute,#6 Arc Chute,CUT CHAMBER,51207116-JR,-,486.47,97.29,5,25,1,430,0,10,0,1.47,20,0,15,10,16500,0,0,,2026-06-27T00:00:00.000Z,,excel-seed
seed-6-arc-chute-76,,,2026-03-21,白,,,6-arc-chute,#6 Arc Chute,CUT CHAMBER,51207116-JR,-,486.52,97.3,5,25,1,380,0,15,25,1.52,30,0,30,5,16500,0,0,,2026-06-27T00:00:00.000Z,,excel-seed
seed-6-arc-chute-77,,,2026-03-23,白,,,6-arc-chute,#6 Arc Chute,CUT CHAMBER,51207116-JR,-,266.71,53.34,5,25,1,195,0,10,0,1.71,15,0,40,5,9000,0,0,,2026-06-27T00:00:00.000Z,,excel-seed
seed-6-arc-chute-78,,,2026-03-26,白,,,6-arc-chute,#6 Arc Chute,CUT CHAMBER,51207116-JR,-,96.41,19.28,5,25,1,55,0,5,30,1.41,0,0,0,5,3000,0,0,,2026-06-27T00:00:00.000Z,,excel-seed
seed-6-arc-chute-79,,,2026-05-19,白,,,6-arc-chute,#6 Arc Chute,CUT CHAMBER,51207116-JR,-,351.75,70.35,5,25,1,305,0,10,0,1.75,15,0,15,5,14000,0,0,,2026-06-27T00:00:00.000Z,,excel-seed
seed-6-arc-chute-80,,,2026-05-20,白,,,6-arc-chute,#6 Arc Chute,CUT CHAMBER,51207116-JR,-,481.41,96.28,5,25,1,415,0,20,0,1.41,25,0,15,5,15500,0,0,,2026-06-27T00:00:00.000Z,,excel-seed
seed-6-arc-chute-81,,,2026-05-20,夜,,,6-arc-chute,#6 Arc Chute,CUT CHAMBER,51207116-JR,-,486.13,97.23,5,25,1,415,0,0,30,1.13,15,0,20,5,13000,0,0,,2026-06-27T00:00:00.000Z,,excel-seed
seed-6-arc-chute-82,,,2026-05-21,白,,,6-arc-chute,#6 Arc Chute,CUT CHAMBER,51207116-JR,-,486.18,97.24,5,25,1,425,0,20,0,1.18,15,0,20,5,13000,0,0,,2026-06-27T00:00:00.000Z,,excel-seed
seed-6-arc-chute-83,,,2026-05-22,白,,,6-arc-chute,#6 Arc Chute,CUT CHAMBER,51207116-JR,-,486.51,97.3,5,25,1,430,0,5,0,1.51,20,0,20,10,17000,0,0,,2026-06-27T00:00:00.000Z,,excel-seed
seed-6-arc-chute-84,,,2026-05-22,夜,,,6-arc-chute,#6 Arc Chute,CUT CHAMBER,51207116-JR,-,196,39.2,5,25,1,160,0,0,0,1,0,0,30,5,4000,0,0,,2026-06-27T00:00:00.000Z,,excel-seed
seed-6-arc-chute-85,,,2026-05-23,白,,,6-arc-chute,#6 Arc Chute,CUT CHAMBER,51207116-JR,-,486.39,97.28,5,25,1,425,0,15,0,1.39,20,0,20,5,15500,0,0,,2026-06-27T00:00:00.000Z,,excel-seed
seed-6-arc-chute-86,,,2026-05-25,白,,,6-arc-chute,#6 Arc Chute,CUT CHAMBER,51207116-JR,-,486.29,97.26,5,25,1,435,0,10,0,1.29,15,0,15,10,14500,0,0,,2026-06-27T00:00:00.000Z,,excel-seed
seed-6-arc-chute-87,,,2026-05-26,白,,,6-arc-chute,#6 Arc Chute,CUT CHAMBER,51207116-JR,-,486.53,97.31,5,25,1,420,0,15,0,1.53,25,0,20,5,17000,0,0,,2026-06-27T00:00:00.000Z,,excel-seed
seed-6-arc-chute-88,,,2026-05-27,白,,,6-arc-chute,#6 Arc Chute,CUT CHAMBER,51207116-JR,-,661.63,132.33,5,25,1,555,0,25,0,1.63,35,0,40,5,24000,0,0,,2026-06-27T00:00:00.000Z,,excel-seed
seed-6-arc-chute-89,,,2026-05-28,白,,,6-arc-chute,#6 Arc Chute,CUT CHAMBER,51207116-JR,-,661.56,132.31,5,25,1,570,0,25,0,1.56,20,0,40,5,23000,0,0,,2026-06-27T00:00:00.000Z,,excel-seed
seed-6-arc-chute-90,,,2026-05-29,白,,,6-arc-chute,#6 Arc Chute,CUT CHAMBER,51207116-JR,-,661.61,132.32,5,25,1,490,0,35,0,1.61,70,0,60,5,22500,0,0,,2026-06-27T00:00:00.000Z,,excel-seed
seed-6-arc-chute-91,,,2026-05-30,白,,,6-arc-chute,#6 Arc Chute,CUT CHAMBER,51207116-JR,-,661.64,132.33,5,25,1,495,0,45,25,1.64,40,0,50,5,23000,3,0,,2026-06-27T00:00:00.000Z,,excel-seed
seed-6-arc-chute-92,,,2026-06-01,白,,,6-arc-chute,#6 Arc Chute,CUT CHAMBER,51207116-JR,-,661.69,132.34,5,25,1,540,0,35,0,1.69,40,0,40,5,24500,0,0,,2026-06-27T00:00:00.000Z,,excel-seed
seed-6-arc-chute-93,,,2026-06-02,白,,,6-arc-chute,#6 Arc Chute,CUT CHAMBER,51207116-JR,-,661.37,132.27,5,25,1,560,0,25,0,1.37,25,0,45,5,20000,0,0,,2026-06-27T00:00:00.000Z,,excel-seed
seed-6-arc-chute-94,,,2026-06-03,白,,,6-arc-chute,#6 Arc Chute,CUT CHAMBER,51207116-JR,-,661.21,132.24,5,25,1,565,0,25,0,1.21,15,0,50,5,17500,0,0,,2026-06-27T00:00:00.000Z,,excel-seed
seed-6-arc-chute-95,,,2026-06-04,白,,,6-arc-chute,#6 Arc Chute,CUT CHAMBER,51207116-JR,-,660.94,132.19,5,25,1,425,0,15,155,0.94,15,0,45,5,14000,0,0,,2026-06-27T00:00:00.000Z,,excel-seed
seed-6-arc-chute-96,,,2026-06-08,白,,,6-arc-chute,#6 Arc Chute,CUT CHAMBER,51207116-JR,-,601.22,120.24,5,25,1,495,0,25,0,1.22,30,0,45,5,16000,0,0,,2026-06-27T00:00:00.000Z,,excel-seed
seed-6-arc-chute-97,,,2026-06-09,白,,,6-arc-chute,#6 Arc Chute,CUT CHAMBER,51207116-JR,-,661.66,132.33,5,25,1,555,0,35,0,1.66,25,0,40,5,24000,0,0,,2026-06-27T00:00:00.000Z,,excel-seed
seed-6-arc-chute-98,,,2026-06-10,白,,,6-arc-chute,#6 Arc Chute,CUT CHAMBER,51207116-JR,-,661.44,132.29,5,25,1,525,0,40,0,1.44,45,0,45,5,20500,0,0,,2026-06-27T00:00:00.000Z,,excel-seed
seed-6-arc-chute-99,,,2026-06-10,夜,,,6-arc-chute,#6 Arc Chute,CUT CHAMBER,51207116-JR,-,661.24,132.25,5,25,1,565,0,15,0,1.24,15,0,60,5,18000,0,0,,2026-06-27T00:00:00.000Z,,excel-seed
seed-6-arc-chute-100,,,2026-06-11,白,,,6-arc-chute,#6 Arc Chute,CUT CHAMBER,51207116-JR,-,661.17,132.23,5,25,1,550,0,35,0,1.17,30,0,40,5,17000,0,0,,2026-06-27T00:00:00.000Z,,excel-seed
seed-6-arc-chute-101,,,2026-06-12,白,,,6-arc-chute,#6 Arc Chute,CUT CHAMBER,51207116-JR,-,661.28,132.26,5,25,1,465,0,30,85,1.28,30,0,45,5,18500,0,0,,2026-06-27T00:00:00.000Z,,excel-seed
seed-6-arc-chute-102,,,2026-06-13,白,,,6-arc-chute,#6 Arc Chute,CUT CHAMBER,51207116-JR,-,661.09,132.22,5,25,1,545,0,25,10,1.09,30,0,45,5,16000,0,0,,2026-06-27T00:00:00.000Z,,excel-seed
seed-6-arc-chute-103,,,2026-06-15,白,,,6-arc-chute,#6 Arc Chute,CUT CHAMBER,51207116-JR,-,600.26,120.05,5,25,1,60,0,20,485,0.26,0,0,30,5,3500,0,0,,2026-06-27T00:00:00.000Z,,excel-seed
seed-6-arc-chute-104,,,2026-06-16,白,,,6-arc-chute,#6 Arc Chute,CUT CHAMBER,51207116-JR,-,661.6,132.32,5,25,1,530,0,40,0,1.6,45,0,40,5,23000,0,0,,2026-06-27T00:00:00.000Z,,excel-seed
seed-6-arc-chute-105,,,2026-06-16,夜,,,6-arc-chute,#6 Arc Chute,CUT CHAMBER,51207116-JR,-,421.44,84.29,5,25,1,300,0,0,45,1.44,15,0,55,5,13000,0,0,,2026-06-27T00:00:00.000Z,,excel-seed
seed-6-arc-chute-106,,,2026-06-17,白,,,6-arc-chute,#6 Arc Chute,CUT CHAMBER,51207116-JR,-,661.75,132.35,5,25,1,525,0,35,0,1.75,45,0,50,5,25000,0,0,,2026-06-27T00:00:00.000Z,,excel-seed
seed-6-arc-chute-107,,,2026-06-18,白,,,6-arc-chute,#6 Arc Chute,CUT CHAMBER,51207116-JR,-,661.54,132.31,5,25,1,500,0,40,40,1.54,0,30,45,5,22000,0,0,,2026-06-27T00:00:00.000Z,,excel-seed
seed-6-arc-chute-108,,,2026-06-19,白,,,6-arc-chute,#6 Arc Chute,CUT CHAMBER,51207116-JR,-,186.12,37.23,5,25,1,145,0,10,0,1.12,15,0,10,5,4500,0,0,,2026-06-27T00:00:00.000Z,,excel-seed
seed-6-arc-chute-109,,,2026-06-20,白,,,6-arc-chute,#6 Arc Chute,CUT CHAMBER,51207116-JR,-,661.18,132.24,5,25,1,545,0,35,0,1.18,30,0,45,5,17000,0,0,,2026-06-27T00:00:00.000Z,,excel-seed
seed-6-arc-chute-110,,,2026-06-22,白,,,6-arc-chute,#6 Arc Chute,CUT CHAMBER,51207116-JR,-,661.45,132.29,5,25,1,550,0,30,0,1.45,30,0,45,5,21000,0,0,,2026-06-27T00:00:00.000Z,,excel-seed
seed-6-arc-chute-111,,,2026-06-23,白,,,6-arc-chute,#6 Arc Chute,CUT CHAMBER,51207116-JR,-,391.03,78.21,5,25,1,300,0,10,60,1.03,15,0,0,5,10000,0,0,,2026-06-27T00:00:00.000Z,,excel-seed
seed-6-arc-chute-112,,,2026-06-25,白,,,6-arc-chute,#6 Arc Chute,CUT CHAMBER,51207116-JR,-,426.49,85.3,5,25,1,330,0,30,15,1.49,30,0,15,5,14000,0,0,,2026-06-27T00:00:00.000Z,,excel-seed
seed-6-arc-chute-113,,,2026-06-26,白,,,6-arc-chute,#6 Arc Chute,CUT CHAMBER,51207116-JR,-,486.47,97.29,5,25,1,405,0,30,0,1.47,30,0,15,5,16000,0,0,,2026-06-27T00:00:00.000Z,,excel-seed
seed-7-arc-chute-1,,,2026-01-08,白,,,7-arc-chute,#7 Arc Chute,CUT CHAMBER,51207116-JR,-,982.55,196.51,5,25,1,545,0,25,0,322.55,35,0,50,5,24500,0,0,,2026-06-27T00:00:00.000Z,,excel-seed
seed-7-arc-chute-2,,,2026-01-09,白,,,7-arc-chute,#7 Arc Chute,CUT CHAMBER,51207116-JR,-,537.5,107.5,5,25,1,240,0,20,60,157.5,15,0,40,5,12000,0,0,,2026-06-27T00:00:00.000Z,,excel-seed
seed-7-arc-chute-3,,,2026-01-10,白,,,7-arc-chute,#7 Arc Chute,CUT CHAMBER,51207116-JR,-,829.46,165.89,5,25,1,255,0,10,220,294.46,10,0,40,0,10500,0,0,,2026-06-27T00:00:00.000Z,,excel-seed
seed-7-arc-chute-4,,,2026-01-26,白,,,7-arc-chute,#7 Arc Chute,CUT CHAMBER,51207116-JR,-,256.81,51.36,5,25,1,5,0,5,240,6.81,0,0,0,0,4500,0,0,,2026-06-27T00:00:00.000Z,,excel-seed
seed-7-arc-chute-5,,,2026-01-31,白,,,7-arc-chute,#7 Arc Chute,CUT CHAMBER,51207116-JR,-,834.8,166.96,5,25,1,490,0,10,0,254.8,30,0,45,5,25000,0,0,,2026-06-27T00:00:00.000Z,,excel-seed
seed-7-arc-chute-6,,,2026-02-03,白,,,7-arc-chute,#7 Arc Chute,CUT CHAMBER,51207116-JR,-,717.31,143.46,5,25,1,60,0,15,455,122.31,15,0,45,5,6500,0,0,,2026-06-27T00:00:00.000Z,,excel-seed
seed-7-arc-chute-7,,,2026-02-04,白,,,7-arc-chute,#7 Arc Chute,CUT CHAMBER,51207116-JR,-,960,192,5,25,1,480,0,15,100,300,45,0,15,5,25000,0,0,,2026-06-27T00:00:00.000Z,,excel-seed
seed-7-arc-chute-8,,,2026-02-04,夜,,,7-arc-chute,#7 Arc Chute,CUT CHAMBER,51207116-JR,-,665.18,133.04,5,25,1,335,0,0,0,275.18,10,0,40,5,10500,0,0,,2026-06-27T00:00:00.000Z,,excel-seed
seed-7-arc-chute-9,,,2026-02-05,白,,,7-arc-chute,#7 Arc Chute,CUT CHAMBER,51207116-JR,-,816.19,163.24,5,25,1,105,0,5,475,156.19,15,0,55,5,10000,0,0,,2026-06-27T00:00:00.000Z,,excel-seed
seed-7-arc-chute-10,,,2026-02-06,白,,,7-arc-chute,#7 Arc Chute,CUT CHAMBER,51207116-JR,-,963.47,192.69,5,25,1,380,0,30,165,303.47,30,0,50,5,18000,0,0,,2026-06-27T00:00:00.000Z,,excel-seed
seed-7-arc-chute-11,,,2026-02-07,白,,,7-arc-chute,#7 Arc Chute,CUT CHAMBER,51207116-JR,-,942.11,188.42,5,25,1,550,0,15,0,282.11,45,0,45,5,29000,0,0,,2026-06-27T00:00:00.000Z,,excel-seed
seed-7-arc-chute-12,,,2026-02-09,白,,,7-arc-chute,#7 Arc Chute,CUT CHAMBER,51207116-JR,-,943.33,188.67,5,25,1,510,0,5,30,283.33,60,0,50,5,27000,0,0,,2026-06-27T00:00:00.000Z,,excel-seed
seed-7-arc-chute-13,,,2026-02-09,夜,,,7-arc-chute,#7 Arc Chute,CUT CHAMBER,51207116-JR,-,251.61,50.32,5,25,1,125,0,5,0,111.61,0,0,10,0,3500,0,0,,2026-06-27T00:00:00.000Z,,excel-seed
seed-7-arc-chute-14,,,2026-02-10,白,,,7-arc-chute,#7 Arc Chute,CUT CHAMBER,51207116-JR,-,926.69,185.34,5,25,1,465,0,15,65,266.69,55,0,55,5,25500,0,0,,2026-06-27T00:00:00.000Z,,excel-seed
seed-7-arc-chute-15,,,2026-02-11,白,,,7-arc-chute,#7 Arc Chute,CUT CHAMBER,51207116-JR,-,972.29,194.46,5,25,1,515,0,25,30,312.29,25,0,60,5,23500,0,0,,2026-06-27T00:00:00.000Z,,excel-seed
seed-7-arc-chute-16,,,2026-02-12,白,,,7-arc-chute,#7 Arc Chute,CUT CHAMBER,51207116-JR,-,923.11,184.62,5,25,1,475,0,25,45,263.11,45,0,65,5,25500,0,0,,2026-06-27T00:00:00.000Z,,excel-seed
seed-7-arc-chute-17,,,2026-02-12,夜,,,7-arc-chute,#7 Arc Chute,CUT CHAMBER,51207116-JR,-,182.5,36.5,5,25,1,100,0,0,0,62.5,0,0,15,5,4000,0,0,,2026-06-27T00:00:00.000Z,,excel-seed
seed-7-arc-chute-18,,,2026-02-13,白,,,7-arc-chute,#7 Arc Chute,CUT CHAMBER,51207116-JR,-,914.62,182.93,5,25,1,485,0,25,35,254.62,60,50,0,5,30000,0,0,,2026-06-27T00:00:00.000Z,,excel-seed
seed-7-arc-chute-19,,,2026-02-14,白,,,7-arc-chute,#7 Arc Chute,CUT CHAMBER,51207116-JR,-,686.67,137.33,5,25,1,385,0,15,25,201.67,30,0,25,5,21000,0,0,,2026-06-27T00:00:00.000Z,,excel-seed
seed-7-arc-chute-20,,,2026-02-16,白,,,7-arc-chute,#7 Arc Chute,CUT CHAMBER,51207116-JR,-,528.75,105.75,5,25,1,270,0,10,45,168.75,10,0,20,5,13000,0,0,,2026-06-27T00:00:00.000Z,,excel-seed
seed-7-arc-chute-21,,,2026-02-17,白,,,7-arc-chute,#7 Arc Chute,CUT CHAMBER,51207116-JR,-,705,141,5,25,1,420,0,10,0,225,30,0,15,5,21000,0,0,,2026-06-27T00:00:00.000Z,,excel-seed
seed-7-arc-chute-22,,,2026-02-18,白,,,7-arc-chute,#7 Arc Chute,CUT CHAMBER,51207116-JR,-,465,93,5,25,1,260,0,10,0,145,30,0,15,5,13000,0,0,,2026-06-27T00:00:00.000Z,,excel-seed
seed-7-arc-chute-23,,,2026-02-20,白,,,7-arc-chute,#7 Arc Chute,CUT CHAMBER,51207116-JR,-,654.89,130.98,5,25,1,270,0,10,0,174.89,15,0,180,5,11000,0,0,,2026-06-27T00:00:00.000Z,,excel-seed
seed-7-arc-chute-24,,,2026-02-23,白,,,7-arc-chute,#7 Arc Chute,CUT CHAMBER,51207116-JR,-,716.25,143.25,5,25,1,420,0,10,0,236.25,30,0,15,5,20000,0,0,,2026-06-27T00:00:00.000Z,,excel-seed
seed-7-arc-chute-25,,,2026-02-24,白,,,7-arc-chute,#7 Arc Chute,CUT CHAMBER,51207116-JR,-,716.25,143.25,5,25,1,420,0,10,0,236.25,30,0,15,5,20000,0,0,,2026-06-27T00:00:00.000Z,,excel-seed
seed-7-arc-chute-26,,,2026-02-25,白,,,7-arc-chute,#7 Arc Chute,CUT CHAMBER,51207116-JR,-,728.68,145.74,5,25,1,420,0,10,0,248.68,30,0,15,5,19000,0,0,,2026-06-27T00:00:00.000Z,,excel-seed
seed-7-arc-chute-27,,,2026-03-03,白,,,7-arc-chute,#7 Arc Chute,CUT CHAMBER,51207116-JR,-,805.19,161.04,5,25,1,380,0,5,65,325.19,0,0,25,5,13000,0,0,,2026-06-27T00:00:00.000Z,,excel-seed
seed-7-arc-chute-28,,,2026-03-04,白,,,7-arc-chute,#7 Arc Chute,CUT CHAMBER,51207116-JR,-,594.19,118.84,5,25,1,245,0,5,80,234.19,0,0,25,5,8500,0,0,,2026-06-27T00:00:00.000Z,,excel-seed
seed-7-arc-chute-29,,,2026-03-06,白,,,7-arc-chute,#7 Arc Chute,CUT CHAMBER,51207116-JR,-,345.42,69.08,5,25,1,115,0,5,0,220.42,0,0,0,5,1500,0,0,,2026-06-27T00:00:00.000Z,,excel-seed
seed-7-arc-chute-30,,,2026-03-09,白,,,7-arc-chute,#7 Arc Chute,CUT CHAMBER,51207116-JR,-,214.46,42.89,5,25,1,115,0,5,0,94.46,0,0,0,0,3500,0,0,,2026-06-27T00:00:00.000Z,,excel-seed
seed-7-arc-chute-31,,,2026-03-11,白,,,7-arc-chute,#7 Arc Chute,CUT CHAMBER,51207116-JR,-,337.22,67.44,5,25,1,110,0,10,90,122.22,0,0,0,5,4500,0,0,,2026-06-27T00:00:00.000Z,,excel-seed
seed-7-arc-chute-32,,,2026-03-16,白,,,7-arc-chute,#7 Arc Chute,CUT CHAMBER,51207116-JR,-,437.14,87.43,5,25,1,195,0,10,35,167.14,10,0,15,5,7000,0,0,,2026-06-27T00:00:00.000Z,,excel-seed
seed-7-arc-chute-33,,,2026-03-18,白,,,7-arc-chute,#7 Arc Chute,CUT CHAMBER,51207116-JR,-,833.98,166.8,5,25,1,350,0,10,80,353.98,15,0,20,5,11000,0,0,,2026-06-27T00:00:00.000Z,,excel-seed
seed-7-arc-chute-34,,,2026-03-20,白,,,7-arc-chute,#7 Arc Chute,CUT CHAMBER,51207116-JR,-,753.31,150.66,5,25,1,410,0,15,15,268.31,20,0,15,10,17000,0,0,,2026-06-27T00:00:00.000Z,,excel-seed
seed-7-arc-chute-35,,,2026-03-21,白,,,7-arc-chute,#7 Arc Chute,CUT CHAMBER,51207116-JR,-,758.75,151.75,5,25,1,365,0,10,70,273.75,15,0,20,5,15000,0,0,,2026-06-27T00:00:00.000Z,,excel-seed
seed-7-arc-chute-36,,,2026-03-23,白,,,7-arc-chute,#7 Arc Chute,CUT CHAMBER,51207116-JR,-,711.32,142.26,5,25,1,400,0,15,0,226.32,30,0,35,5,19000,0,0,,2026-06-27T00:00:00.000Z,,excel-seed
seed-7-arc-chute-37,,,2026-05-20,白,,,7-arc-chute,#7 Arc Chute,CUT CHAMBER,51207116-JR,-,738.45,147.69,5,25,1,425,0,10,0,258.45,25,0,15,5,18500,0,0,,2026-06-27T00:00:00.000Z,,excel-seed
seed-7-arc-chute-38,,,2026-05-21,白,,,7-arc-chute,#7 Arc Chute,CUT CHAMBER,51207116-JR,-,750,150,5,25,1,420,0,10,0,270,30,0,15,5,17500,0,0,,2026-06-27T00:00:00.000Z,,excel-seed
seed-7-arc-chute-39,,,2026-05-22,白,,,7-arc-chute,#7 Arc Chute,CUT CHAMBER,51207116-JR,-,728.68,145.74,5,25,1,420,0,10,0,248.68,30,0,15,5,19000,0,0,,2026-06-27T00:00:00.000Z,,excel-seed
seed-7-arc-chute-40,,,2026-05-23,白,,,7-arc-chute,#7 Arc Chute,CUT CHAMBER,51207116-JR,-,699.32,139.86,5,25,1,345,0,15,85,219.32,15,0,15,5,17500,0,0,,2026-06-27T00:00:00.000Z,,excel-seed
seed-7-arc-chute-41,,,2026-05-25,白,,,7-arc-chute,#7 Arc Chute,CUT CHAMBER,51207116-JR,-,747.67,149.53,5,25,1,425,0,10,0,262.67,20,0,20,10,18000,0,0,,2026-06-27T00:00:00.000Z,,excel-seed
seed-7-arc-chute-42,,,2026-05-26,白,,,7-arc-chute,#7 Arc Chute,CUT CHAMBER,51207116-JR,-,710.77,142.15,5,25,1,400,0,10,20,230.77,30,0,15,5,19500,0,0,,2026-06-27T00:00:00.000Z,,excel-seed
seed-7-arc-chute-43,,,2026-05-27,白,,,7-arc-chute,#7 Arc Chute,CUT CHAMBER,51207116-JR,-,981.23,196.25,5,25,1,585,0,25,0,321.23,30,0,15,5,28000,0,0,,2026-06-27T00:00:00.000Z,,excel-seed
seed-7-arc-chute-44,,,2026-05-28,白,,,7-arc-chute,#7 Arc Chute,CUT CHAMBER,51207116-JR,-,1028.95,205.79,5,25,1,555,0,20,0,368.95,30,0,50,5,22000,0,0,,2026-06-27T00:00:00.000Z,,excel-seed
seed-7-arc-chute-45,,,2026-05-30,白,,,7-arc-chute,#7 Arc Chute,CUT CHAMBER,51207116-JR,-,254.69,50.94,5,25,1,65,0,10,35,44.69,10,0,85,5,4000,0,0,,2026-06-27T00:00:00.000Z,,excel-seed
seed-7-arc-chute-46,,,2026-06-01,白,,,7-arc-chute,#7 Arc Chute,CUT CHAMBER,51207116-JR,-,939.72,187.94,5,25,1,380,0,30,125,279.72,25,0,95,5,18000,0,0,,2026-06-27T00:00:00.000Z,,excel-seed
seed-7-arc-chute-47,,,2026-06-02,白,,,7-arc-chute,#7 Arc Chute,CUT CHAMBER,51207116-JR,-,931.2,186.24,5,25,1,480,0,45,60,271.2,25,0,45,5,25000,0,0,,2026-06-27T00:00:00.000Z,,excel-seed
seed-7-arc-chute-48,,,2026-06-03,白,,,7-arc-chute,#7 Arc Chute,CUT CHAMBER,51207116-JR,-,912.01,182.4,5,25,1,485,0,40,0,252.01,45,0,85,5,25500,0,0,,2026-06-27T00:00:00.000Z,,excel-seed
seed-7-arc-chute-49,,,2026-06-04,白,,,7-arc-chute,#7 Arc Chute,CUT CHAMBER,51207116-JR,-,939.66,187.93,5,25,1,535,0,40,0,279.66,40,0,40,5,27500,0,0,,2026-06-27T00:00:00.000Z,,excel-seed
seed-7-arc-chute-50,,,2026-06-05,白,,,7-arc-chute,#7 Arc Chute,CUT CHAMBER,51207116-JR,-,961.64,192.33,5,25,1,495,0,30,70,301.64,20,0,40,5,24000,0,0,,2026-06-27T00:00:00.000Z,,excel-seed
seed-7-arc-chute-51,,,2026-06-08,白,,,7-arc-chute,#7 Arc Chute,CUT CHAMBER,51207116-JR,-,964.22,192.84,5,25,1,535,0,35,0,304.22,45,0,40,5,25500,0,0,,2026-06-27T00:00:00.000Z,,excel-seed
seed-7-arc-chute-52,,,2026-06-10,白,,,7-arc-chute,#7 Arc Chute,CUT CHAMBER,51207116-JR,-,239.84,47.97,5,25,1,115,0,10,0,89.84,10,0,10,5,4000,0,0,,2026-06-27T00:00:00.000Z,,excel-seed
seed-7-arc-chute-53,,,2026-06-12,白,,,7-arc-chute,#7 Arc Chute,CUT CHAMBER,51207116-JR,-,658.5,131.7,5,25,1,265,0,15,80,238.5,15,0,40,5,10000,0,0,,2026-06-27T00:00:00.000Z,,excel-seed
seed-7-arc-chute-54,,,2026-06-12,夜,,,7-arc-chute,#7 Arc Chute,CUT CHAMBER,51207116-JR,-,710.49,142.1,5,25,1,420,0,10,0,230.49,30,0,15,5,20500,0,0,,2026-06-27T00:00:00.000Z,,excel-seed
seed-7-arc-chute-55,,,2026-06-13,白,,,7-arc-chute,#7 Arc Chute,CUT CHAMBER,51207116-JR,-,995.71,199.14,5,25,1,505,0,30,50,335.71,30,0,40,5,22000,0,0,,2026-06-27T00:00:00.000Z,,excel-seed
seed-7-arc-chute-56,,,2026-06-15,白,,,7-arc-chute,#7 Arc Chute,CUT CHAMBER,51207116-JR,-,962.79,192.56,5,25,1,495,0,40,35,302.79,45,0,40,5,23500,0,0,,2026-06-27T00:00:00.000Z,,excel-seed
seed-7-arc-chute-57,,,2026-06-15,夜,,,7-arc-chute,#7 Arc Chute,CUT CHAMBER,51207116-JR,-,717.2,143.44,5,25,1,395,0,0,10,232.2,30,0,45,5,18500,0,0,,2026-06-27T00:00:00.000Z,,excel-seed
seed-7-arc-chute-58,,,2026-06-16,白,,,7-arc-chute,#7 Arc Chute,CUT CHAMBER,51207116-JR,-,943.73,188.75,5,25,1,485,0,30,70,283.73,30,0,40,5,25000,0,0,,2026-06-27T00:00:00.000Z,,excel-seed
seed-7-arc-chute-59,,,2026-06-17,白,,,7-arc-chute,#7 Arc Chute,CUT CHAMBER,51207116-JR,-,692.06,138.41,5,25,1,320,0,35,95,207.06,25,0,5,5,17000,0,0,,2026-06-27T00:00:00.000Z,,excel-seed
seed-7-arc-chute-60,,,2026-06-18,白,,,7-arc-chute,#7 Arc Chute,CUT CHAMBER,51207116-JR,-,671.36,134.27,5,25,1,120,0,10,280,226.36,15,0,15,5,5500,0,0,,2026-06-27T00:00:00.000Z,,excel-seed
seed-7-arc-chute-61,,,2026-06-19,白,,,7-arc-chute,#7 Arc Chute,CUT CHAMBER,51207116-JR,-,931.53,186.31,5,25,1,425,0,40,120,271.53,30,0,40,5,22500,0,0,,2026-06-27T00:00:00.000Z,,excel-seed
seed-7-arc-chute-62,,,2026-06-20,白,,,7-arc-chute,#7 Arc Chute,CUT CHAMBER,51207116-JR,-,726.52,145.3,5,25,1,65,0,25,465,126.52,15,0,30,0,7000,0,0,,2026-06-27T00:00:00.000Z,,excel-seed
seed-7-arc-chute-63,,,2026-06-22,白,,,7-arc-chute,#7 Arc Chute,CUT CHAMBER,51207116-JR,-,705,141,5,25,1,400,0,30,0,200,30,0,40,5,21500,0,0,,2026-06-27T00:00:00.000Z,,excel-seed
seed-7-arc-chute-64,,,2026-06-23,白,,,7-arc-chute,#7 Arc Chute,CUT CHAMBER,51207116-JR,-,752.7,150.54,5,25,1,385,0,15,30,267.7,30,0,20,5,16000,0,0,,2026-06-27T00:00:00.000Z,,excel-seed
seed-7-arc-chute-65,,,2026-06-24,白,,,7-arc-chute,#7 Arc Chute,CUT CHAMBER,51207116-JR,-,777.99,155.6,5,25,1,425,0,15,0,292.99,30,0,10,5,16500,0,0,,2026-06-27T00:00:00.000Z,,excel-seed
seed-7-arc-chute-66,,,2026-06-25,白,,,7-arc-chute,#7 Arc Chute,CUT CHAMBER,51207116-JR,-,731.46,146.29,5,25,1,355,0,35,40,251.46,30,0,15,5,15000,0,0,,2026-06-27T00:00:00.000Z,,excel-seed
seed-7-arc-chute-67,,,2026-06-26,白,,,7-arc-chute,#7 Arc Chute,CUT CHAMBER,51207116-JR,-,766.36,153.27,5,25,1,420,0,25,0,286.36,30,0,0,5,16500,0,0,,2026-06-27T00:00:00.000Z,,excel-seed
seed-8-arc-chute-1,,,2026-01-05,白,,,8-arc-chute,#8 Arc Chute,CUT CHAMBER,51207116-JR,-,705.27,141.05,5,25,1,290,0,20,145,225.27,0,0,20,5,14000,0,0,,2026-06-27T00:00:00.000Z,,excel-seed
seed-8-arc-chute-2,,,2026-01-06,白,,,8-arc-chute,#8 Arc Chute,CUT CHAMBER,51207116-JR,-,711.81,142.36,5,25,1,405,0,20,0,231.81,30,0,20,5,19000,0,0,,2026-06-27T00:00:00.000Z,,excel-seed
seed-8-arc-chute-3,,,2026-01-07,白,,,8-arc-chute,#8 Arc Chute,CUT CHAMBER,51207116-JR,-,989.06,197.81,5,25,1,540,0,30,0,329.06,45,0,40,5,24000,0,0,,2026-06-27T00:00:00.000Z,,excel-seed
seed-8-arc-chute-4,,,2026-01-08,白,,,8-arc-chute,#8 Arc Chute,CUT CHAMBER,51207116-JR,-,966.73,193.35,5,25,1,550,0,25,0,306.73,30,0,50,5,26000,0,0,,2026-06-27T00:00:00.000Z,,excel-seed
seed-8-arc-chute-5,,,2026-01-09,白,,,8-arc-chute,#8 Arc Chute,CUT CHAMBER,51207116-JR,-,953.03,190.61,5,25,1,530,0,30,0,293.03,45,0,50,5,26000,0,0,,2026-06-27T00:00:00.000Z,,excel-seed
seed-8-arc-chute-6,,,2026-01-10,白,,,8-arc-chute,#8 Arc Chute,CUT CHAMBER,51207116-JR,-,976.63,195.33,5,25,1,535,0,30,0,316.63,45,0,45,5,24500,0,0,,2026-06-27T00:00:00.000Z,,excel-seed
seed-8-arc-chute-7,,,2026-01-12,白,,,8-arc-chute,#8 Arc Chute,CUT CHAMBER,51207116-JR,-,997.14,199.43,5,25,1,560,0,25,0,337.14,30,0,40,5,24500,0,0,,2026-06-27T00:00:00.000Z,,excel-seed
seed-8-arc-chute-8,,,2026-01-13,白,,,8-arc-chute,#8 Arc Chute,CUT CHAMBER,51207116-JR,-,975.9,195.18,5,25,1,540,0,25,0,315.9,45,0,45,5,25000,0,0,,2026-06-27T00:00:00.000Z,,excel-seed
seed-8-arc-chute-9,,,2026-01-14,白,,,8-arc-chute,#8 Arc Chute,CUT CHAMBER,51207116-JR,-,1145,229,5,25,1,360,0,25,330,360,30,0,35,5,18000,0,0,,2026-06-27T00:00:00.000Z,,excel-seed
seed-8-arc-chute-10,,,2026-01-15,白,,,8-arc-chute,#8 Arc Chute,CUT CHAMBER,51207116-JR,-,1064.64,212.93,5,25,1,510,0,20,125,309.64,45,0,50,5,28000,0,0,,2026-06-27T00:00:00.000Z,,excel-seed
seed-8-arc-chute-11,,,2026-01-16,白,,,8-arc-chute,#8 Arc Chute,CUT CHAMBER,51207116-JR,-,1087.62,217.52,5,25,1,570,0,15,65,307.62,45,0,80,5,31500,0,0,,2026-06-27T00:00:00.000Z,,excel-seed
seed-8-arc-chute-12,,,2026-01-17,白,,,8-arc-chute,#8 Arc Chute,CUT CHAMBER,51207116-JR,-,1060.55,212.11,5,25,1,575,0,15,5,345.55,45,0,70,5,26000,0,0,,2026-06-27T00:00:00.000Z,,excel-seed
seed-8-arc-chute-13,,,2026-01-19,白,,,8-arc-chute,#8 Arc Chute,CUT CHAMBER,51207116-JR,-,1185.07,237.01,5,25,1,615,0,15,45,405.07,25,0,75,5,26000,0,0,,2026-06-27T00:00:00.000Z,,excel-seed
seed-8-arc-chute-14,,,2026-01-20,白,,,8-arc-chute,#8 Arc Chute,CUT CHAMBER,51207116-JR,-,1124.38,224.88,5,25,1,665,0,15,0,344.38,60,0,35,5,35000,0,0,,2026-06-27T00:00:00.000Z,,excel-seed
seed-8-arc-chute-15,,,2026-01-21,白,,,8-arc-chute,#8 Arc Chute,CUT CHAMBER,51207116-JR,-,699.77,139.95,5,25,1,420,0,10,0,219.77,30,0,15,5,21500,0,0,,2026-06-27T00:00:00.000Z,,excel-seed
seed-8-arc-chute-16,,,2026-01-22,白,,,8-arc-chute,#8 Arc Chute,CUT CHAMBER,51207116-JR,-,1134.63,226.93,5,25,1,660,0,10,0,354.63,60,0,45,5,33500,0,0,,2026-06-27T00:00:00.000Z,,excel-seed
seed-8-arc-chute-17,,,2026-01-22,夜,,,8-arc-chute,#8 Arc Chute,CUT CHAMBER,51207116-JR,-,410.09,82.02,5,25,1,205,0,0,0,150.09,0,0,50,5,7000,0,0,,2026-06-27T00:00:00.000Z,,excel-seed
seed-8-arc-chute-18,,,2026-01-23,白,,,8-arc-chute,#8 Arc Chute,CUT CHAMBER,51207116-JR,-,1163.87,232.77,5,25,1,655,0,15,60,383.87,0,0,45,5,30500,0,0,,2026-06-27T00:00:00.000Z,,excel-seed
seed-8-arc-chute-19,,,2026-01-24,白,,,8-arc-chute,#8 Arc Chute,CUT CHAMBER,51207116-JR,-,949.53,189.91,5,25,1,415,0,10,155,289.53,30,0,45,5,21500,0,0,,2026-06-27T00:00:00.000Z,,excel-seed
seed-8-arc-chute-20,,,2026-01-26,白,,,8-arc-chute,#8 Arc Chute,CUT CHAMBER,51207116-JR,-,751.52,150.3,5,25,1,250,0,15,205,216.52,30,0,30,5,14000,0,0,,2026-06-27T00:00:00.000Z,,excel-seed
seed-8-arc-chute-21,,,2026-01-27,白,,,8-arc-chute,#8 Arc Chute,CUT CHAMBER,51207116-JR,-,857.31,171.46,5,25,1,500,0,15,0,252.31,45,0,40,5,27000,0,0,,2026-06-27T00:00:00.000Z,,excel-seed
seed-8-arc-chute-22,,,2026-01-28,白,,,8-arc-chute,#8 Arc Chute,CUT CHAMBER,51207116-JR,-,1101.08,220.22,5,25,1,660,0,10,0,321.08,60,0,45,5,37000,0,0,,2026-06-27T00:00:00.000Z,,excel-seed
seed-8-arc-chute-23,,,2026-01-29,白,,,8-arc-chute,#8 Arc Chute,CUT CHAMBER,51207116-JR,-,1090.07,218.01,5,25,1,645,0,15,0,305.07,55,0,60,10,37000,0,0,,2026-06-27T00:00:00.000Z,,excel-seed
seed-8-arc-chute-24,,,2026-01-30,白,,,8-arc-chute,#8 Arc Chute,CUT CHAMBER,51207116-JR,-,1072.7,214.54,5,25,1,655,0,15,0,292.7,60,0,45,5,40000,0,0,,2026-06-27T00:00:00.000Z,,excel-seed
seed-8-arc-chute-25,,,2026-01-31,白,,,8-arc-chute,#8 Arc Chute,CUT CHAMBER,51207116-JR,-,927.71,185.54,5,25,1,540,0,20,0,267.71,45,0,50,5,29500,0,0,,2026-06-27T00:00:00.000Z,,excel-seed
seed-8-arc-chute-26,,,2026-02-02,白,,,8-arc-chute,#8 Arc Chute,CUT CHAMBER,51207116-JR,-,930.42,186.08,5,25,1,490,0,20,50,270.42,45,0,50,5,26500,0,0,,2026-06-27T00:00:00.000Z,,excel-seed
seed-8-arc-chute-27,,,2026-02-02,夜,,,8-arc-chute,#8 Arc Chute,CUT CHAMBER,51207116-JR,-,1038.26,207.65,5,25,1,580,0,5,0,378.26,20,0,50,5,23000,0,0,,2026-06-27T00:00:00.000Z,,excel-seed
seed-8-arc-chute-28,,,2026-02-03,夜,,,8-arc-chute,#8 Arc Chute,CUT CHAMBER,51207116-JR,-,647.74,129.55,5,25,1,370,0,5,10,232.74,10,0,5,15,15500,0,0,,2026-06-27T00:00:00.000Z,,excel-seed
seed-8-arc-chute-29,,,2026-02-03,白,,,8-arc-chute,#8 Arc Chute,CUT CHAMBER,51207116-JR,-,963.68,192.74,5,25,1,525,0,5,20,303.68,45,0,60,5,25500,0,0,,2026-06-27T00:00:00.000Z,,excel-seed
seed-8-arc-chute-30,,,2026-02-04,白,,,8-arc-chute,#8 Arc Chute,CUT CHAMBER,51207116-JR,-,977.94,195.59,5,25,1,485,0,20,75,317.94,30,0,45,5,22500,0,0,,2026-06-27T00:00:00.000Z,,excel-seed
seed-8-arc-chute-31,,,2026-02-04,夜,,,8-arc-chute,#8 Arc Chute,CUT CHAMBER,51207116-JR,-,380.97,76.19,5,25,1,205,0,5,10,130.97,15,0,5,10,9000,0,0,,2026-06-27T00:00:00.000Z,,excel-seed
seed-8-arc-chute-32,,,2026-02-05,白,,,8-arc-chute,#8 Arc Chute,CUT CHAMBER,51207116-JR,-,917.97,183.59,5,25,1,525,0,30,0,257.97,45,0,55,5,29000,0,0,,2026-06-27T00:00:00.000Z,,excel-seed
seed-8-arc-chute-33,,,2026-02-06,白,,,8-arc-chute,#8 Arc Chute,CUT CHAMBER,51207116-JR,-,946,189.2,5,25,1,520,0,30,0,286,30,0,75,5,25000,0,0,,2026-06-27T00:00:00.000Z,,excel-seed
seed-8-arc-chute-34,,,2026-02-06,夜,,,8-arc-chute,#8 Arc Chute,CUT CHAMBER,51207116-JR,-,1057.67,211.53,5,25,1,570,0,5,0,397.67,30,0,50,5,21500,0,0,,2026-06-27T00:00:00.000Z,,excel-seed
seed-8-arc-chute-35,,,2026-02-07,白,,,8-arc-chute,#8 Arc Chute,CUT CHAMBER,51207116-JR,-,920.85,184.17,5,25,1,540,0,30,0,260.85,30,0,55,5,29500,0,0,,2026-06-27T00:00:00.000Z,,excel-seed
seed-8-arc-chute-36,,,2026-02-09,白,,,8-arc-chute,#8 Arc Chute,CUT CHAMBER,51207116-JR,-,900.62,180.12,5,25,1,490,0,30,15,240.62,45,0,75,5,28000,0,0,,2026-06-27T00:00:00.000Z,,excel-seed
seed-8-arc-chute-37,,,2026-02-09,夜,,,8-arc-chute,#8 Arc Chute,CUT CHAMBER,51207116-JR,-,874.38,174.88,5,25,1,445,5,0,0,389.38,10,0,20,5,13000,0,0,,2026-06-27T00:00:00.000Z,,excel-seed
seed-8-arc-chute-38,,,2026-02-10,白,,,8-arc-chute,#8 Arc Chute,CUT CHAMBER,51207116-JR,-,941.97,188.39,5,25,1,510,0,25,50,281.97,15,0,55,5,26000,0,0,,2026-06-27T00:00:00.000Z,,excel-seed
seed-8-arc-chute-39,,,2026-02-11,白,,,8-arc-chute,#8 Arc Chute,CUT CHAMBER,51207116-JR,-,910.71,182.14,5,25,1,540,0,20,0,250.71,45,0,50,5,31500,0,0,,2026-06-27T00:00:00.000Z,,excel-seed
seed-8-arc-chute-40,,,2026-02-11,夜,,,8-arc-chute,#8 Arc Chute,CUT CHAMBER,51207116-JR,-,1046.67,209.33,5,25,1,580,0,5,0,386.67,20,0,50,5,22500,0,0,,2026-06-27T00:00:00.000Z,,excel-seed
seed-8-arc-chute-41,,,2026-02-12,白,,,8-arc-chute,#8 Arc Chute,CUT CHAMBER,51207116-JR,-,879.91,175.98,5,25,1,460,0,35,40,219.91,45,0,75,5,28500,0,0,,2026-06-27T00:00:00.000Z,,excel-seed
seed-8-arc-chute-42,,,2026-02-13,白,,,8-arc-chute,#8 Arc Chute,CUT CHAMBER,51207116-JR,-,910.36,182.07,5,25,1,510,0,25,0,250.36,30,0,90,5,27500,0,0,,2026-06-27T00:00:00.000Z,,excel-seed
seed-8-arc-chute-43,,,2026-02-13,夜,,,8-arc-chute,#8 Arc Chute,CUT CHAMBER,51207116-JR,-,1046.53,209.31,5,25,1,575,0,5,0,386.53,30,0,45,5,22500,0,0,,2026-06-27T00:00:00.000Z,,excel-seed
seed-8-arc-chute-44,,,2026-02-14,白,,,8-arc-chute,#8 Arc Chute,CUT CHAMBER,51207116-JR,-,670.94,134.19,5,25,1,350,0,30,60,185.94,15,0,20,10,20000,0,0,,2026-06-27T00:00:00.000Z,,excel-seed
seed-8-arc-chute-45,,,2026-02-16,白,,,8-arc-chute,#8 Arc Chute,CUT CHAMBER,51207116-JR,-,512.78,102.56,5,25,1,250,0,10,65,152.78,15,0,15,5,13500,0,0,,2026-06-27T00:00:00.000Z,,excel-seed
seed-8-arc-chute-46,,,2026-02-17,白,,,8-arc-chute,#8 Arc Chute,CUT CHAMBER,51207116-JR,-,679.74,135.95,5,25,1,380,0,30,0,199.74,30,0,35,5,19500,0,0,,2026-06-27T00:00:00.000Z,,excel-seed
seed-8-arc-chute-47,,,2026-02-18,白,,,8-arc-chute,#8 Arc Chute,CUT CHAMBER,51207116-JR,-,474.46,94.89,5,25,1,250,0,25,0,149.46,25,0,20,5,11500,0,0,,2026-06-27T00:00:00.000Z,,excel-seed
seed-8-arc-chute-48,,,2026-02-19,白,,,8-arc-chute,#8 Arc Chute,CUT CHAMBER,51207116-JR,-,742.5,148.5,5,25,1,420,0,10,0,262.5,30,0,15,5,18000,0,0,,2026-06-27T00:00:00.000Z,,excel-seed
seed-8-arc-chute-49,,,2026-02-20,白,,,8-arc-chute,#8 Arc Chute,CUT CHAMBER,51207116-JR,-,577.73,115.55,5,25,1,200,0,20,0,97.73,15,0,240,5,11000,0,0,,2026-06-27T00:00:00.000Z,,excel-seed
seed-8-arc-chute-50,,,2026-02-23,白,,,8-arc-chute,#8 Arc Chute,CUT CHAMBER,51207116-JR,-,704.93,140.99,5,25,1,395,0,25,0,224.93,15,0,40,5,18000,0,0,,2026-06-27T00:00:00.000Z,,excel-seed
seed-8-arc-chute-51,,,2026-02-24,白,,,8-arc-chute,#8 Arc Chute,CUT CHAMBER,51207116-JR,-,701.91,140.38,5,25,1,385,0,20,0,221.91,30,0,40,5,18000,0,0,,2026-06-27T00:00:00.000Z,,excel-seed
seed-8-arc-chute-52,,,2026-02-25,白,,,8-arc-chute,#8 Arc Chute,CUT CHAMBER,51207116-JR,-,704.67,140.93,5,25,1,380,0,20,0,259.67,30,0,10,5,15000,0,0,,2026-06-27T00:00:00.000Z,,excel-seed
seed-8-arc-chute-53,,,2026-02-26,白,,,8-arc-chute,#8 Arc Chute,CUT CHAMBER,51207116-JR,-,437.93,87.59,5,25,1,265,0,10,0,127.93,15,0,15,5,14500,0,0,,2026-06-27T00:00:00.000Z,,excel-seed
seed-8-arc-chute-54,,,2026-02-27,白,,,8-arc-chute,#8 Arc Chute,CUT CHAMBER,51207116-JR,-,696.96,139.39,5,25,1,405,0,10,0,216.96,45,0,15,5,21000,0,0,,2026-06-27T00:00:00.000Z,,excel-seed
seed-8-arc-chute-55,,,2026-02-28,白,,,8-arc-chute,#8 Arc Chute,CUT CHAMBER,51207116-JR,-,759.9,151.98,5,25,1,435,0,5,0,274.9,20,0,15,10,18000,0,0,,2026-06-27T00:00:00.000Z,,excel-seed
seed-8-arc-chute-56,,,2026-03-03,白,,,8-arc-chute,#8 Arc Chute,CUT CHAMBER,51207116-JR,-,690,138,5,25,1,420,0,10,0,210,30,0,15,5,22500,0,0,,2026-06-27T00:00:00.000Z,,excel-seed
seed-8-arc-chute-57,,,2026-03-04,白,,,8-arc-chute,#8 Arc Chute,CUT CHAMBER,51207116-JR,-,731.43,146.29,5,25,1,230,0,10,205,246.43,15,0,20,5,10500,0,0,,2026-06-27T00:00:00.000Z,,excel-seed
seed-8-arc-chute-58,,,2026-03-05,白,,,8-arc-chute,#8 Arc Chute,CUT CHAMBER,51207116-JR,-,728.68,145.74,5,25,1,420,0,10,0,248.68,30,0,15,5,19000,0,0,,2026-06-27T00:00:00.000Z,,excel-seed
seed-8-arc-chute-59,,,2026-03-09,白,,,8-arc-chute,#8 Arc Chute,CUT CHAMBER,51207116-JR,-,716.28,143.26,5,25,1,410,0,20,0,231.28,30,0,20,5,19500,0,0,,2026-06-27T00:00:00.000Z,,excel-seed
seed-8-arc-chute-60,,,2026-03-10,白,,,8-arc-chute,#8 Arc Chute,CUT CHAMBER,51207116-JR,-,722.95,144.59,5,25,1,385,0,15,30,237.95,30,0,20,5,18000,0,0,,2026-06-27T00:00:00.000Z,,excel-seed
seed-8-arc-chute-61,,,2026-03-10,夜,,,8-arc-chute,#8 Arc Chute,CUT CHAMBER,51207116-JR,-,518,103.6,5,25,1,280,0,0,0,203,10,0,15,10,10000,0,0,,2026-06-27T00:00:00.000Z,,excel-seed
seed-8-arc-chute-62,,,2026-03-11,白,,,8-arc-chute,#8 Arc Chute,CUT CHAMBER,51207116-JR,-,700.53,140.11,5,25,1,360,0,5,65,215.53,30,0,20,5,19000,0,0,,2026-06-27T00:00:00.000Z,,excel-seed
seed-8-arc-chute-63,,,2026-03-12,白,,,8-arc-chute,#8 Arc Chute,CUT CHAMBER,51207116-JR,-,688.06,137.61,5,25,1,340,0,15,60,203.06,30,0,35,5,18000,0,0,,2026-06-27T00:00:00.000Z,,excel-seed
seed-8-arc-chute-64,,,2026-03-13,白,,,8-arc-chute,#8 Arc Chute,CUT CHAMBER,51207116-JR,-,727.99,145.6,5,25,1,415,0,15,0,242.99,30,0,20,5,19000,0,0,,2026-06-27T00:00:00.000Z,,excel-seed
seed-8-arc-chute-65,,,2026-03-14,夜,,,8-arc-chute,#8 Arc Chute,CUT CHAMBER,51207116-JR,-,730.59,146.12,5,25,1,415,0,5,0,275.59,10,0,15,10,16000,0,0,,2026-06-27T00:00:00.000Z,,excel-seed
seed-8-arc-chute-66,,,2026-03-16,白,,,8-arc-chute,#8 Arc Chute,CUT CHAMBER,51207116-JR,-,802.93,160.59,5,25,1,325,0,0,110,317.93,15,0,25,10,11500,0,0,,2026-06-27T00:00:00.000Z,,excel-seed
seed-8-arc-chute-67,,,2026-03-17,白,,,8-arc-chute,#8 Arc Chute,CUT CHAMBER,51207116-JR,-,795,159,5,25,1,420,0,10,0,315,30,0,15,5,15000,0,0,,2026-06-27T00:00:00.000Z,,excel-seed
seed-8-arc-chute-68,,,2026-03-18,白,,,8-arc-chute,#8 Arc Chute,CUT CHAMBER,51207116-JR,-,733.68,146.74,5,25,1,420,0,10,0,248.68,30,0,20,5,19000,0,0,,2026-06-27T00:00:00.000Z,,excel-seed
seed-8-arc-chute-69,,,2026-03-19,白,,,8-arc-chute,#8 Arc Chute,CUT CHAMBER,51207116-JR,-,709.39,141.88,5,25,1,400,0,10,45,224.39,15,0,15,0,20500,0,0,,2026-06-27T00:00:00.000Z,,excel-seed
seed-8-arc-chute-70,,,2026-03-20,白,,,8-arc-chute,#8 Arc Chute,CUT CHAMBER,51207116-JR,-,733.68,146.74,5,25,1,420,0,15,0,248.68,30,0,15,5,19000,0,0,,2026-06-27T00:00:00.000Z,,excel-seed
seed-8-arc-chute-71,,,2026-03-21,白,,,8-arc-chute,#8 Arc Chute,CUT CHAMBER,51207116-JR,-,731.46,146.29,5,25,1,390,0,10,35,246.46,30,0,15,5,18000,0,0,,2026-06-27T00:00:00.000Z,,excel-seed
seed-8-arc-chute-72,,,2026-03-23,白,,,8-arc-chute,#8 Arc Chute,CUT CHAMBER,51207116-JR,-,696.28,139.26,5,25,1,395,0,5,35,211.28,30,0,15,5,21500,0,0,,2026-06-27T00:00:00.000Z,,excel-seed
seed-8-arc-chute-73,,,2026-03-24,白,,,8-arc-chute,#8 Arc Chute,CUT CHAMBER,51207116-JR,-,733.16,146.63,5,25,1,410,0,5,20,248.16,30,0,15,5,19000,0,0,,2026-06-27T00:00:00.000Z,,excel-seed
seed-8-arc-chute-74,,,2026-05-19,白,,,8-arc-chute,#8 Arc Chute,CUT CHAMBER,51207116-JR,-,593.81,118.76,5,25,1,320,0,10,0,243.81,0,0,15,5,10500,0,0,,2026-06-27T00:00:00.000Z,,excel-seed
seed-8-arc-chute-75,,,2026-05-20,白,,,8-arc-chute,#8 Arc Chute,CUT CHAMBER,51207116-JR,-,808.44,161.69,5,25,1,450,0,0,0,323.44,10,0,15,10,16000,0,0,,2026-06-27T00:00:00.000Z,,excel-seed
seed-8-arc-chute-76,,,2026-05-20,夜,,,8-arc-chute,#8 Arc Chute,CUT CHAMBER,51207116-JR,-,811.5,162.3,5,25,1,315,0,0,110,346.5,15,0,20,5,10000,0,0,,2026-06-27T00:00:00.000Z,,excel-seed
seed-8-arc-chute-77,,,2026-05-21,白,,,8-arc-chute,#8 Arc Chute,CUT CHAMBER,51207116-JR,-,785,157,5,25,1,360,0,10,60,300,30,0,20,5,13500,0,0,,2026-06-27T00:00:00.000Z,,excel-seed
seed-8-arc-chute-78,,,2026-05-22,白,,,8-arc-chute,#8 Arc Chute,CUT CHAMBER,51207116-JR,-,796.16,159.23,5,25,1,410,0,15,0,311.16,15,0,35,10,14000,0,0,,2026-06-27T00:00:00.000Z,,excel-seed
seed-8-arc-chute-79,,,2026-05-22,夜,,,8-arc-chute,#8 Arc Chute,CUT CHAMBER,51207116-JR,-,351.39,70.28,5,25,1,155,0,0,0,146.39,15,0,30,5,4500,0,0,,2026-06-27T00:00:00.000Z,,excel-seed
seed-8-arc-chute-80,,,2026-05-23,白,,,8-arc-chute,#8 Arc Chute,CUT CHAMBER,51207116-JR,-,791.5,158.3,5,25,1,350,0,15,80,311.5,15,0,15,5,12500,0,0,,2026-06-27T00:00:00.000Z,,excel-seed
seed-8-arc-chute-81,,,2026-05-25,白,,,8-arc-chute,#8 Arc Chute,CUT CHAMBER,51207116-JR,-,861.44,172.29,5,25,1,435,0,10,0,376.44,15,0,20,5,13000,0,0,,2026-06-27T00:00:00.000Z,,excel-seed
seed-8-arc-chute-82,,,2026-05-26,白,,,8-arc-chute,#8 Arc Chute,CUT CHAMBER,51207116-JR,-,725.44,145.09,5,25,1,335,0,20,85,240.44,25,0,15,5,15500,0,0,,2026-06-27T00:00:00.000Z,,excel-seed
seed-8-arc-chute-83,,,2026-05-27,白,,,8-arc-chute,#8 Arc Chute,CUT CHAMBER,51207116-JR,-,952.19,190.44,5,25,1,550,0,15,0,292.19,45,0,45,5,28000,0,0,,2026-06-27T00:00:00.000Z,,excel-seed
seed-8-arc-chute-84,,,2026-05-28,白,,,8-arc-chute,#8 Arc Chute,CUT CHAMBER,51207116-JR,-,951.93,190.39,5,25,1,475,0,45,0,291.93,115,0,20,5,24000,0,0,,2026-06-27T00:00:00.000Z,,excel-seed
seed-8-arc-chute-85,,,2026-06-05,白,,,8-arc-chute,#8 Arc Chute,CUT CHAMBER,51207116-JR,-,362.21,72.44,5,25,1,155,0,5,50,122.21,0,0,20,10,6500,0,0,,2026-06-27T00:00:00.000Z,,excel-seed
seed-8-arc-chute-86,,,2026-06-10,夜,,,8-arc-chute,#8 Arc Chute,CUT CHAMBER,51207116-JR,-,1009.11,201.82,5,25,1,510,0,20,35,349.11,30,0,60,5,21000,0,0,,2026-06-27T00:00:00.000Z,,excel-seed
seed-8-arc-chute-87,,,2026-06-11,白,,,8-arc-chute,#8 Arc Chute,CUT CHAMBER,51207116-JR,-,944.73,188.95,5,25,1,540,0,35,0,284.73,40,0,40,5,27500,0,0,,2026-06-27T00:00:00.000Z,,excel-seed
seed-8-arc-chute-88,,,2026-06-16,白,,,8-arc-chute,#8 Arc Chute,CUT CHAMBER,51207116-JR,-,963.01,192.6,5,25,1,550,0,15,15,303.01,30,0,45,5,27000,0,0,,2026-06-27T00:00:00.000Z,,excel-seed
seed-8-arc-chute-89,,,2026-06-16,夜,,,8-arc-chute,#8 Arc Chute,CUT CHAMBER,51207116-JR,-,347.81,69.56,5,25,1,105,0,0,120,102.81,10,0,5,5,6000,0,0,,2026-06-27T00:00:00.000Z,,excel-seed
seed-8-arc-chute-90,,,2026-06-17,白,,,8-arc-chute,#8 Arc Chute,CUT CHAMBER,51207116-JR,-,695.83,139.17,5,25,1,370,0,5,55,215.83,30,0,15,5,19500,0,0,,2026-06-27T00:00:00.000Z,,excel-seed
seed-8-arc-chute-91,,,2026-06-17,夜,,,8-arc-chute,#8 Arc Chute,CUT CHAMBER,51207116-JR,-,957.32,191.46,5,25,1,555,0,0,0,297.32,45,0,55,5,28000,0,0,,2026-06-27T00:00:00.000Z,,excel-seed
seed-8-arc-chute-92,,,2026-06-18,白,,,8-arc-chute,#8 Arc Chute,CUT CHAMBER,51207116-JR,-,942.18,188.44,5,25,1,530,0,40,0,282.18,45,0,40,5,27000,0,0,,2026-06-27T00:00:00.000Z,,excel-seed
seed-8-arc-chute-93,,,2026-06-19,白,,,8-arc-chute,#8 Arc Chute,CUT CHAMBER,51207116-JR,-,1069.14,213.83,5,25,1,420,0,50,130,409.14,15,0,40,5,14500,0,0,,2026-06-27T00:00:00.000Z,,excel-seed
seed-8-arc-chute-94,,,2026-06-19,夜,,,8-arc-chute,#8 Arc Chute,CUT CHAMBER,51207116-JR,-,621.39,124.28,5,25,1,245,0,0,110,181.39,30,0,50,5,13000,0,0,,2026-06-27T00:00:00.000Z,,excel-seed
seed-8-arc-chute-95,,,2026-06-20,白,,,8-arc-chute,#8 Arc Chute,CUT CHAMBER,51207116-JR,-,942.62,188.53,5,25,1,475,0,20,80,282.62,40,0,40,5,25000,0,0,,2026-06-27T00:00:00.000Z,,excel-seed
seed-8-arc-chute-96,,,2026-06-22,白,,,8-arc-chute,#8 Arc Chute,CUT CHAMBER,51207116-JR,-,953.55,190.71,5,25,1,515,0,40,25,293.55,30,0,45,5,25000,0,0,,2026-06-27T00:00:00.000Z,,excel-seed
seed-8-arc-chute-97,,,2026-06-23,白,,,8-arc-chute,#8 Arc Chute,CUT CHAMBER,51207116-JR,-,769.44,153.89,5,25,1,395,0,35,0,289.44,30,0,15,5,14500,0,0,,2026-06-27T00:00:00.000Z,,excel-seed
seed-8-arc-chute-98,,,2026-06-24,白,,,8-arc-chute,#8 Arc Chute,CUT CHAMBER,51207116-JR,-,732.94,146.59,5,25,1,400,0,30,0,252.94,30,0,15,5,17000,0,0,,2026-06-27T00:00:00.000Z,,excel-seed
seed-8-arc-chute-99,,,2026-06-25,白,,,8-arc-chute,#8 Arc Chute,CUT CHAMBER,51207116-JR,-,764.46,152.89,5,25,1,440,0,10,0,279.46,30,0,0,5,18500,0,0,,2026-06-27T00:00:00.000Z,,excel-seed
seed-8-arc-chute-100,,,2026-06-26,白,,,8-arc-chute,#8 Arc Chute,CUT CHAMBER,51207116-JR,-,769.38,153.88,5,25,1,425,0,10,0,284.38,30,0,15,5,17000,0,0,,2026-06-27T00:00:00.000Z,,excel-seed
seed-rv1-1,,,2026-01-17,白,,,rv1,RV1,CG BASE UNIT RR,2567475-AA,3,1709.48,341.9,5,4,1,485,0,5,0,1164.48,0,0,55,0,808,0,0,,2026-06-27T00:00:00.000Z,,excel-seed
seed-rv1-2,,,2026-01-19,白,,,rv1,RV1,CG BASE UNIT RR,2567475-AA,3,2196.91,439.38,5,4,1,680,0,5,0,1411.91,0,0,100,0,1310,0,0,,2026-06-27T00:00:00.000Z,,excel-seed
seed-rv1-3,,,2026-01-20,白,,,rv1,RV1,CG BASE UNIT RR,2567475-AA,3,1901.28,380.26,5,4,1,700,0,5,0,1121.28,0,0,75,0,1748,0,0,,2026-06-27T00:00:00.000Z,,excel-seed
seed-rv1-4,,,2026-01-21,白,,,rv1,RV1,CG BASE UNIT RR,2567475-AA,3,570,114,5,4,1,265,5,0,0,300,0,0,0,0,954,0,0,,2026-06-27T00:00:00.000Z,,excel-seed
seed-rv1-5,,,2026-01-22,白,,,rv1,RV1,CG BASE UNIT RR,2567475-AA,3,731.25,146.25,5,4,1,305,0,5,0,381.25,0,0,40,0,976,0,0,,2026-06-27T00:00:00.000Z,,excel-seed
seed-rv1-6,,,2026-01-23,白,,,rv1,RV1,CG BASE UNIT RR,2567475-AA,3,109.44,21.89,5,4,1,25,0,5,0,69.44,0,0,10,0,36,0,0,,2026-06-27T00:00:00.000Z,,excel-seed
seed-rv1-7,,,2026-02-13,白,,,rv1,RV1,CG BASE UNIT RR,2567475-AA,3,1657.98,331.6,5,4,1,685,0,15,0,872.98,0,0,85,0,2150,0,0,,2026-06-27T00:00:00.000Z,,excel-seed
seed-rv1-8,,,2026-02-14,白,,,rv1,RV1,CG BASE UNIT RR,2567475-AA,3,1779.89,355.98,5,4,1,735,0,15,0,994.89,0,0,35,0,2172,0,0,,2026-06-27T00:00:00.000Z,,excel-seed
seed-rv1-9,,,2026-02-16,白,,,rv1,RV1,CG BASE UNIT RR,2567475-AA,3,169.44,33.89,5,4,1,50,0,5,0,69.44,0,0,45,0,144,0,0,,2026-06-27T00:00:00.000Z,,excel-seed
seed-rv1-10,,,2026-02-28,白,,,rv1,RV1,CG BASE UNIT RR,2567475-AA,3,2002.42,400.48,5,4,1,660,0,5,0,1277.42,0,0,60,0,1364,0,0,,2026-06-27T00:00:00.000Z,,excel-seed
seed-rv1-11,,,2026-03-01,白,,,rv1,RV1,CG BASE UNIT RR,2567475-AA,3,1661.86,332.37,5,4,1,690,0,5,0,906.86,0,0,60,0,2100,0,0,,2026-06-27T00:00:00.000Z,,excel-seed
seed-rv1-12,,,2026-03-03,白,,,rv1,RV1,CG BASE UNIT RR,2567475-AA,3,2156.09,431.22,5,4,1,680,0,10,0,1371.09,0,0,95,0,1349,0,0,,2026-06-27T00:00:00.000Z,,excel-seed
seed-rv1-13,,,2026-03-09,白,,,rv1,RV1,CG BASE UNIT RR,2567475-AA,3,1860.74,372.15,5,4,1,655,0,5,0,1135.74,0,0,65,0,1511,1,0,,2026-06-27T00:00:00.000Z,,excel-seed
seed-rv1-14,,,2026-03-10,白,,,rv1,RV1,CG BASE UNIT RR,2567475-AA,3,1661.92,332.38,5,4,1,570,0,115,0,876.92,0,0,100,0,1482,1,0,,2026-06-27T00:00:00.000Z,,excel-seed
seed-rv1-15,,,2026-03-14,白,,,rv1,RV1,CG BASE UNIT RR,2567475-AA,3,1234.56,246.91,5,4,1,385,0,70,0,749.56,0,0,30,0,791,1,0,,2026-06-27T00:00:00.000Z,,excel-seed
seed-rv1-16,,,2026-03-15,白,,,rv1,RV1,CG BASE UNIT RR,2567475-AA,3,304.88,60.98,5,4,1,160,0,5,0,124.88,0,0,15,0,820,1,0,,2026-06-27T00:00:00.000Z,,excel-seed
seed-rv1-17,,,2026-03-21,白,,,rv1,RV1,CG BASE UNIT RR,2567475-AA,3,1033.83,206.77,5,4,1,425,0,0,5,433.83,0,0,170,0,1685,3,0,,2026-06-27T00:00:00.000Z,,excel-seed
seed-rv1-18,,,2026-03-24,白,,,rv1,RV1,CG BASE UNIT RR,2567475-AA,3,681.72,136.34,5,4,1,220,0,25,0,396.72,0,0,40,0,488,1,0,,2026-06-27T00:00:00.000Z,,excel-seed
seed-rv1-19,,,2026-03-25,白,,,rv1,RV1,CG BASE UNIT RR,2567475-AA,3,1367.21,273.44,5,4,1,440,0,35,0,707.21,0,0,75,110,1095,1,0,,2026-06-27T00:00:00.000Z,,excel-seed
seed-rv1-20,,,2026-03-26,白,,,rv1,RV1,CG BASE UNIT RR,2567475-AA,3,2621.74,524.35,5,4,1,680,0,5,0,1836.74,0,0,100,0,1007,2,0,,2026-06-27T00:00:00.000Z,,excel-seed
seed-rv1-21,,,2026-03-27,白,,,rv1,RV1,CG BASE UNIT RR,2567475-AA,3,1572.5,314.5,5,4,1,630,0,5,0,787.5,0,0,120,30,2016,1,0,,2026-06-27T00:00:00.000Z,,excel-seed
seed-rv1-22,,,2026-03-28,白,,,rv1,RV1,CG BASE UNIT RR,2567475-AA,3,429.25,85.85,5,4,1,200,0,5,0,199.25,0,0,20,5,803,1,0,,2026-06-27T00:00:00.000Z,,excel-seed
seed-rv1-23,,,2026-04-01,白,,,rv1,RV1,CG BASE UNIT RR,2567475-AA,3,1077.87,215.57,5,4,1,425,0,160,0,417.87,0,0,75,0,1729,1,0,,2026-06-27T00:00:00.000Z,,excel-seed
seed-rv1-24,,,2026-04-02,白,,,rv1,RV1,CG BASE UNIT RR,2567475-AA,3,1613.82,322.76,5,4,1,600,0,110,0,833.82,0,0,70,0,1727,1,0,,2026-06-27T00:00:00.000Z,,excel-seed
seed-rv1-25,,,2026-04-03,白,,,rv1,RV1,CG BASE UNIT RR,2567475-AA,3,1654.8,330.96,5,4,1,595,0,90,35,874.8,0,0,60,0,1714,7,0,,2026-06-27T00:00:00.000Z,,excel-seed
seed-rv1-26,,,2026-04-04,白,,,rv1,RV1,CG BASE UNIT RR,2567475-AA,3,715.79,143.16,5,4,1,290,5,0,0,385.79,0,0,35,0,887,1,0,,2026-06-27T00:00:00.000Z,,excel-seed
seed-rv1-27,,,2026-04-07,白,,,rv1,RV1,CG BASE UNIT RR,2567475-AA,3,359.92,71.98,5,4,1,115,0,25,0,209.92,0,0,10,0,252,2,0,,2026-06-27T00:00:00.000Z,,excel-seed
seed-rv1-28,,,2026-04-07,白,,,rv1,RV1,CG BASE UNIT RR,2567475-AA,3,451.42,90.28,5,4,1,190,0,0,0,246.42,0,0,10,5,586,0,0,,2026-06-27T00:00:00.000Z,,excel-seed
seed-rv1-29,,,2026-04-10,白,,,rv1,RV1,CG BASE UNIT RR,2567475-AA,3,657.79,131.56,5,4,1,150,0,5,0,502.79,0,0,0,0,179,1,0,,2026-06-27T00:00:00.000Z,,excel-seed
seed-rv1-30,,,2026-04-11,白,,,rv1,RV1,CG BASE UNIT RR,2567475-AA,3,2577.03,515.41,5,4,1,285,0,5,0,2272.03,0,0,10,5,143,0,0,,2026-06-27T00:00:00.000Z,,excel-seed
seed-rv1-31,,,2026-04-16,白,,,rv1,RV1,CG BASE UNIT RR,2567475-AA,3,1379.27,275.85,5,4,1,360,5,5,0,984.27,0,0,20,5,534,1,0,,2026-06-27T00:00:00.000Z,,excel-seed
seed-rv1-32,,,2026-04-17,白,,,rv1,RV1,CG BASE UNIT RR,2567475-AA,3,195.85,39.17,5,4,1,60,0,0,0,135.85,0,0,0,0,106,0,0,,2026-06-27T00:00:00.000Z,,excel-seed
seed-rv1-33,,,2026-04-18,白,,,rv1,RV1,CG BASE UNIT RR,2567475-AA,3,986.46,197.29,5,4,1,340,0,110,0,506.46,0,0,30,0,913,1,0,,2026-06-27T00:00:00.000Z,,excel-seed
seed-rv1-34,,,2026-04-20,白,,,rv1,RV1,CG BASE UNIT RR,2567475-AA,3,1429.64,285.93,5,4,1,415,0,90,95,769.64,0,0,60,0,1100,2,0,,2026-06-27T00:00:00.000Z,,excel-seed
seed-rv1-35,,,2026-04-21,白,,,rv1,RV1,CG BASE UNIT RR,2567475-AA,3,1748.82,349.76,5,4,1,610,0,25,65,968.82,0,0,80,0,1700,2,0,,2026-06-27T00:00:00.000Z,,excel-seed
seed-rv1-36,,,2026-04-22,白,,,rv1,RV1,CG BASE UNIT RR,2567475-AA,3,1848.27,369.65,5,4,1,550,0,25,0,1063.27,0,0,120,90,1138,2,0,,2026-06-27T00:00:00.000Z,,excel-seed
seed-rv1-37,,,2026-04-23,白,,,rv1,RV1,CG BASE UNIT RR,2567475-AA,3,952.2,190.44,5,4,1,340,0,0,55,537.2,0,0,20,0,1000,2,0,,2026-06-27T00:00:00.000Z,,excel-seed
seed-rv1-38,,,2026-04-23,白,,,rv1,RV1,CG BASE UNIT RR,2567475-AA,3,1136.07,227.21,5,4,1,265,0,0,0,831.07,0,0,40,0,338,1,0,,2026-06-27T00:00:00.000Z,,excel-seed
seed-rv1-39,,,2026-04-24,白,,,rv1,RV1,CG BASE UNIT RR,2567475-AA,3,1413.72,282.74,5,4,1,395,0,5,0,928.72,0,0,80,5,672,1,0,,2026-06-27T00:00:00.000Z,,excel-seed
seed-rv1-40,,,2026-04-25,白,,,rv1,RV1,CG BASE UNIT RR,2567475-AA,3,1279.81,255.96,5,4,1,310,0,25,0,889.81,0,0,45,10,432,2,0,,2026-06-27T00:00:00.000Z,,excel-seed
seed-rv1-41,,,2026-04-27,白,,,rv1,RV1,CG BASE UNIT RR,2567475-AA,3,1209.39,241.88,5,4,1,315,0,60,0,784.39,0,0,50,0,506,1,0,,2026-06-27T00:00:00.000Z,,excel-seed
seed-rv1-42,,,2026-04-28,白,,,rv1,RV1,CG BASE UNIT RR,2567475-AA,3,1614.02,322.8,5,4,1,410,0,25,10,954.02,0,0,70,145,722,1,0,,2026-06-27T00:00:00.000Z,,excel-seed
seed-rv1-43,,,2026-04-30,白,,,rv1,RV1,CG BASE UNIT RR,2567475-AA,3,1825.32,365.06,5,4,1,670,0,30,0,1040.32,0,0,85,0,1726,2,0,,2026-06-27T00:00:00.000Z,,excel-seed
seed-rv1-44,,,2026-05-02,白,,,rv1,RV1,CG BASE UNIT RR,2567475-AA,3,1284.04,256.81,5,4,1,450,0,60,0,624.04,0,0,90,60,1298,2,0,,2026-06-27T00:00:00.000Z,,excel-seed
seed-rv1-45,,,2026-05-05,白,,,rv1,RV1,CG BASE UNIT RR,2567475-AA,3,1773.25,354.65,5,4,1,565,0,15,0,1113.25,0,0,80,0,1147,3,0,,2026-06-27T00:00:00.000Z,,excel-seed
seed-rv1-46,,,2026-05-06,白,,,rv1,RV1,CG BASE UNIT RR,2567475-AA,3,178.32,35.66,5,4,1,55,0,15,0,88.32,0,0,15,5,137,3,0,,2026-06-27T00:00:00.000Z,,excel-seed
seed-rv1-47,,,2026-05-06,夜,,,rv1,RV1,CJ BASE UNIT RH,1188861-AA,-,936.88,187.38,5,2.5,1,225,0,25,0,646.88,5,0,30,5,200,3,0,,2026-06-27T00:00:00.000Z,,excel-seed
seed-rv1-48,,,2026-05-06,夜,,,rv1,RV1,CJ BASE UNIT LH,1188862-AA,-,470.31,94.06,5,2.5,1,155,0,0,0,300.31,0,0,15,0,200,2,0,,2026-06-27T00:00:00.000Z,,excel-seed
seed-rv1-49,,,2026-05-07,白,,,rv1,RV1,CG BASE UNIT RR,2567475-AA,3,275.56,55.11,5,4,1,95,0,15,10,105.56,0,0,50,0,378,2,0,,2026-06-27T00:00:00.000Z,,excel-seed
seed-rv1-50,,,2026-05-08,白,,,rv1,RV1,CG BASE UNIT RR,2567475-AA,3,255,51,5,4,1,60,0,30,0,160,0,0,0,5,90,1,0,,2026-06-27T00:00:00.000Z,,excel-seed
seed-rv1-51,,,2026-05-09,白,,,rv1,RV1,CG BASE UNIT RR,2567475-AA,3,1406.68,281.34,5,4,1,460,0,30,0,856.68,0,0,60,0,988,2,0,,2026-06-27T00:00:00.000Z,,excel-seed
seed-rv1-52,,,2026-05-11,白,,,rv1,RV1,CG BASE UNIT RR,2567475-AA,3,451.14,90.23,5,4,1,130,0,10,0,266.14,0,0,45,0,254,1,0,,2026-06-27T00:00:00.000Z,,excel-seed
seed-rv1-53,,,2026-05-11,夜,,,rv1,RV1,CG BASE UNIT RR,2567475-AA,3,1762.17,352.43,5,4,1,585,0,0,0,1102.17,0,0,70,5,1242,3,0,,2026-06-27T00:00:00.000Z,,excel-seed
seed-rv1-54,,,2026-05-12,白,,,rv1,RV1,CG BASE UNIT RR,2567475-AA,3,306.59,61.32,5,4,1,85,5,10,0,186.59,0,0,20,0,164,2,0,,2026-06-27T00:00:00.000Z,,excel-seed
seed-rv1-55,,,2026-05-18,白,,,rv1,RV1,CG BASE UNIT RR,2567475-AA,3,852.9,170.58,5,4,1,225,0,65,0,517.9,0,0,45,0,391,2,0,,2026-06-27T00:00:00.000Z,,excel-seed
seed-rv1-56,,,2026-05-19,夜,,,rv1,RV1,CG BASE UNIT RR,2567475-AA,3,1817.26,363.45,5,4,1,570,0,15,0,1157.26,0,0,75,0,1123,2,0,,2026-06-27T00:00:00.000Z,,excel-seed
seed-rv1-57,,,2026-05-20,白,,,rv1,RV1,CG BASE UNIT RR,2567475-AA,3,1764.84,352.97,5,4,1,585,0,0,0,1104.84,0,0,75,0,1239,5,0,,2026-06-27T00:00:00.000Z,,excel-seed
seed-rv1-58,,,2026-05-20,夜,,,rv1,RV1,CG BASE UNIT RR,2567475-AA,3,2344.56,468.91,5,4,1,565,0,15,0,1684.56,0,0,80,0,758,2,0,,2026-06-27T00:00:00.000Z,,excel-seed
seed-rv1-59,,,2026-05-21,白,,,rv1,RV1,CG BASE UNIT RR,2567475-AA,3,1777.24,355.45,5,4,1,540,0,10,0,1117.24,0,0,110,0,1044,4,0,,2026-06-27T00:00:00.000Z,,excel-seed
seed-rv1-60,,,2026-05-21,夜,,,rv1,RV1,CG BASE UNIT RR,2567475-AA,3,1078.01,215.6,5,4,1,310,5,15,0,718.01,0,0,30,0,544,2,0,,2026-06-27T00:00:00.000Z,,excel-seed
seed-rv1-61,,,2026-05-22,白,,,rv1,RV1,CG BASE UNIT RR,2567475-AA,3,869.01,173.8,5,4,1,310,5,15,0,484.01,0,0,55,0,807,3,0,,2026-06-27T00:00:00.000Z,,excel-seed
seed-rv1-62,,,2026-05-24,白,,,rv1,RV1,CJ BASE UNIT RH,1188861-AA,1,881.22,176.24,5,2.5,1,370,5,35,0,376.22,0,0,95,0,922,0,0,,2026-06-27T00:00:00.000Z,,excel-seed
seed-rv1-63,,,2026-05-24,白,,,rv1,RV1,CJ BASE UNIT LH,1188862-AA,1,707.23,141.45,5,2.5,1,340,25,0,0,337.23,0,0,5,0,920,0,0,,2026-06-27T00:00:00.000Z,,excel-seed
seed-rv1-64,,,2026-05-26,白,,,rv1,RV1,"CJQST BASE UNIT FR,LH",5038788-AB,2,760.33,152.07,5,2.5,1,195,0,20,0,500.33,0,0,45,0,190,9,0,,2026-06-27T00:00:00.000Z,,excel-seed
seed-rv1-65,,,2026-05-26,夜,,,rv1,RV1,"CJQST BASE UNIT FR,RH",5038789-AB,2,764.47,152.89,5,2.5,1,200,5,10,0,539.47,0,0,10,0,190,2,0,,2026-06-27T00:00:00.000Z,,excel-seed
seed-rv1-66,,,2026-05-27,白,,,rv1,RV1,CG BASE UNIT RR,2567475-AA,3,1226.67,245.33,5,4,1,270,0,200,70,566.67,0,0,120,0,648,4,0,,2026-06-27T00:00:00.000Z,,excel-seed
seed-rv1-67,,,2026-05-27,夜,,,rv1,RV1,CG BASE UNIT RR,2567475-AA,3,1893.49,378.7,5,4,1,505,0,15,0,1233.49,0,0,140,0,827,1,0,,2026-06-27T00:00:00.000Z,,excel-seed
seed-rv1-68,,,2026-05-30,白,,,rv1,RV1,CG BASE UNIT RR,2567475-AA,3,1543.12,308.62,5,4,1,400,0,15,0,1063.12,0,0,65,0,602,2,0,,2026-06-27T00:00:00.000Z,,excel-seed
seed-rv1-69,,,2026-05-30,夜,,,rv1,RV1,CG BASE UNIT RR,2567475-AA,3,1150.86,230.17,5,4,1,400,0,15,0,670.86,0,0,65,0,954,2,0,,2026-06-27T00:00:00.000Z,,excel-seed
seed-rv1-70,,,2026-06-01,白,,,rv1,RV1,CG BASE UNIT RR,2567475-AA,3,1157.75,231.55,5,4,1,415,0,15,0,672.75,0,0,55,0,1024,2,0,,2026-06-27T00:00:00.000Z,,excel-seed
seed-rv1-71,,,2026-06-01,夜,,,rv1,RV1,CG BASE UNIT RR,2567475-AA,3,1773.92,354.78,5,4,1,590,0,0,0,1113.92,0,0,70,0,1250,2,0,,2026-06-27T00:00:00.000Z,,excel-seed
seed-rv1-72,,,2026-06-02,白,,,rv1,RV1,CG BASE UNIT RR,2567475-AA,3,1113.15,222.63,5,4,1,410,0,20,0,633.15,0,0,50,0,1062,4,0,,2026-06-27T00:00:00.000Z,,excel-seed
seed-rv1-73,,,2026-06-02,夜,,,rv1,RV1,"CJQST BASE UNIT FR,LH",5038788-AB,2,382.81,76.56,5,2.5,1,135,0,0,0,227.81,0,0,20,0,200,0,0,,2026-06-27T00:00:00.000Z,,excel-seed
seed-rv1-74,,,2026-06-02,夜,,,rv1,RV1,"CJQST BASE UNIT FR,LH",5038789-AB,2,684.38,136.88,5,2.5,1,185,5,40,0,439.38,0,0,15,0,200,0,0,,2026-06-27T00:00:00.000Z,,excel-seed
seed-rv1-75,,,2026-06-03,白,,,rv1,RV1,CG BASE UNIT RR,2567475-AA,3,937.38,187.48,5,4,1,260,0,25,0,627.38,0,0,25,0,431,2,0,,2026-06-27T00:00:00.000Z,,excel-seed
seed-rv1-76,,,2026-06-03,夜,,,rv1,RV1,CG BASE UNIT RR,2567475-AA,3,412.13,82.43,5,4,1,155,0,0,0,232.13,0,0,25,0,414,0,0,,2026-06-27T00:00:00.000Z,,excel-seed
seed-rv1-77,,,2026-06-05,夜,,,rv1,RV1,CG BASE UNIT RR,2567475-AA,3,1596.69,319.34,5,4,1,425,0,15,0,1116.69,0,0,40,0,647,2,0,,2026-06-27T00:00:00.000Z,,excel-seed
seed-rv1-78,,,2026-06-08,白,,,rv1,RV1,CG BASE UNIT RR,2567475-AA,3,798.81,159.76,5,4,1,240,5,20,0,438.81,0,0,60,35,536,2,0,,2026-06-27T00:00:00.000Z,,excel-seed
seed-rv1-79,,,2026-06-13,夜,,,rv1,RV1,"CJQST BASE UNIT FR,LH",5038788-AB,2,1145.16,229.03,5,2.5,1,420,0,20,0,665.16,0,0,40,0,663,2,0,,2026-06-27T00:00:00.000Z,,excel-seed
seed-rv1-80,,,2026-06-15,白,,,rv1,RV1,"CJQST BASE UNIT FR,LH",5038788-AB,2,1098.07,219.61,5,2.5,1,420,5,0,0,618.07,0,0,55,0,722,5,0,,2026-06-27T00:00:00.000Z,,excel-seed
seed-rv1-81,,,2026-06-15,夜,,,rv1,RV1,"CJQST BASE UNIT FR,RH",5038789-AB,2,166.63,33.33,5,2.5,1,40,0,20,0,81.63,0,0,25,0,49,0,0,,2026-06-27T00:00:00.000Z,,excel-seed
seed-rv1-82,,,2026-06-16,白,,,rv1,RV1,"CJQST BASE UNIT FR,RH",5038789-AB,2,1498.93,299.79,5,2.5,1,290,0,125,115,838.93,0,0,110,20,350,0,1,,2026-06-27T00:00:00.000Z,,excel-seed
seed-rv1-83,,,2026-06-16,夜,,,rv1,RV1,"CJQST BASE UNIT FR,RH",5038789-AB,2,993.37,198.67,5,2.5,1,365,0,20,0,568.37,0,0,40,0,586,0,2,,2026-06-27T00:00:00.000Z,,excel-seed
seed-rv1-84,,,2026-06-17,白,,,rv1,RV1,"CJQST BASE UNIT FR,RH",5038789-AB,2,941.34,188.27,5,2.5,1,275,0,105,0,281.34,0,0,105,175,672,0,0,,2026-06-27T00:00:00.000Z,,excel-seed
seed-rv1-85,,,2026-06-23,夜,,,rv1,RV1,CG BASE UNIT RR,2567475-AA,3,1426.42,285.28,5,4,1,430,0,15,0,766.42,0,0,90,125,965,0,2,,2026-06-27T00:00:00.000Z,,excel-seed
seed-rv1-86,,,2026-06-24,夜,,,rv1,RV1,CG BASE UNIT RR,2567475-AA,3,1472.28,294.46,5,4,1,460,0,15,0,812.28,0,0,90,95,1042,0,2,,2026-06-27T00:00:00.000Z,,excel-seed
seed-rv1-87,,,2026-06-24,白,,,rv1,RV1,CG BASE UNIT RR,2567475-AA,3,770.19,154.04,5,4,1,170,0,20,0,535.19,0,0,45,0,216,0,2,,2026-06-27T00:00:00.000Z,,excel-seed
seed-rv1-88,,,2026-06-25,白,,,rv1,RV1,CG BASE UNIT RR,2567475-AA,3,1257.01,251.4,5,4,1,370,0,5,0,742.01,0,0,55,85,738,0,2,,2026-06-27T00:00:00.000Z,,excel-seed
seed-rv1-89,,,2026-06-25,夜,,,rv1,RV1,CG BASE UNIT RR,2567475-AA,3,1568.65,313.73,5,4,1,535,0,15,0,908.65,0,0,90,20,1260,2,2,,2026-06-27T00:00:00.000Z,,excel-seed
seed-rv1-90,,,2026-06-26,白,,,rv1,RV1,CG BASE UNIT RR,2567475-AA,3,1495.89,299.18,5,4,1,345,0,45,90,955.89,0,0,60,0,628,0,2,,2026-06-27T00:00:00.000Z,,excel-seed
seed-rv1-91,,,2026-06-26,夜,,,rv1,RV1,CG BASE UNIT RR,2567475-AA,3,805.57,161.11,5,4,1,290,0,0,0,480.57,0,0,30,5,700,0,2,,2026-06-27T00:00:00.000Z,,excel-seed
seed-rv2-1,,,2026-01-10,白,,,rv2,RV2,CG BASE UNIT RR,2567475-AA,4,248.08,49.62,5,5,1,115,0,5,0,118.08,0,0,10,0,560,1,0,,2026-06-27T00:00:00.000Z,,excel-seed
seed-rv2-2,,,2026-01-15,白,,,rv2,RV2,CG BASE UNIT RR,2567475-AA,2,637.36,127.47,5,5,1,265,0,5,0,362.36,0,0,5,0,969,1,0,,2026-06-27T00:00:00.000Z,,excel-seed
seed-rv2-3,,,2026-01-16,白,,,rv2,RV2,CG BASE UNIT RR,2567475-AA,2,1279.16,255.83,5,5,1,485,0,5,0,734.16,0,0,55,0,1602,0,0,,2026-06-27T00:00:00.000Z,,excel-seed
seed-rv2-4,,,2026-01-17,白,,,rv2,RV2,CG BASE UNIT RR,2567475-AA,2,1356.32,271.26,5,5,1,645,0,5,0,636.32,0,0,70,0,3269,0,0,,2026-06-27T00:00:00.000Z,,excel-seed
seed-rv2-5,,,2026-01-19,白,,,rv2,RV2,CG BASE UNIT RR,2567475-AA,4,1851.92,370.38,5,5,1,650,0,15,0,1066.92,0,0,120,0,1980,1,0,,2026-06-27T00:00:00.000Z,,excel-seed
seed-rv2-6,,,2026-01-20,白,,,rv2,RV2,CG BASE UNIT RR,2567475-AA,4,1265.65,253.13,5,5,1,420,0,15,0,480.65,0,0,125,225,1835,1,0,,2026-06-27T00:00:00.000Z,,excel-seed
seed-rv2-7,,,2026-01-21,白,,,rv2,RV2,CG BASE UNIT RR,2567475-AA,4,376.26,75.25,5,5,1,180,0,0,0,191.26,0,0,5,0,847,1,0,,2026-06-27T00:00:00.000Z,,excel-seed
seed-rv2-8,,,2026-01-22,白,,,rv2,RV2,CG BASE UNIT RR,2567475-AA,4,837.78,167.56,5,5,1,160,0,10,0,177.78,0,0,40,450,720,0,0,,2026-06-27T00:00:00.000Z,,excel-seed
seed-rv2-9,,,2026-01-23,白,,,rv2,RV2,CG BASE UNIT RR,2567475-AA,4,361.12,72.22,5,5,1,130,0,5,0,186.12,0,0,35,5,454,0,0,,2026-06-27T00:00:00.000Z,,excel-seed
seed-rv2-10,,,2026-02-12,白,,,rv2,RV2,CG BASE UNIT RR,2567475-AA,2,1520.52,304.1,5,5,1,645,0,5,0,740.52,0,0,130,0,2809,0,0,,2026-06-27T00:00:00.000Z,,excel-seed
seed-rv2-11,,,2026-02-13,白,,,rv2,RV2,CG BASE UNIT RR,2567475-AA,2,785.28,157.06,5,5,1,355,0,5,0,380.28,0,0,45,0,1657,0,0,,2026-06-27T00:00:00.000Z,,excel-seed
seed-rv2-12,,,2026-02-13,白,,,rv2,RV2,CG BASE UNIT RR,2567475-AA,4,802.5,160.5,5,5,1,315,0,5,0,437.5,0,0,45,0,1134,1,0,,2026-06-27T00:00:00.000Z,,excel-seed
seed-rv2-13,,,2026-02-14,白,,,rv2,RV2,CG BASE UNIT RR,2567475-AA,4,1896.28,379.26,5,5,1,720,0,5,0,1116.28,0,0,55,0,2322,0,0,,2026-06-27T00:00:00.000Z,,excel-seed
seed-rv2-14,,,2026-02-16,白,,,rv2,RV2,CG BASE UNIT RR,2567475-AA,4,438.43,87.69,5,5,1,195,0,5,0,188.43,0,0,50,0,1009,0,0,,2026-06-27T00:00:00.000Z,,excel-seed
seed-rv2-15,,,2026-02-26,白,,,rv2,RV2,CG BASE UNIT RR,2567475-AA,2,696.2,139.24,5,5,1,260,0,5,0,391.2,0,0,40,0,864,1,0,,2026-06-27T00:00:00.000Z,,excel-seed
seed-rv2-16,,,2026-02-27,白,,,rv2,RV2,CG BASE UNIT RR,2567475-AA,2,1876.79,375.36,5,5,1,665,0,5,0,1096.79,0,0,110,0,2016,0,0,,2026-06-27T00:00:00.000Z,,excel-seed
seed-rv2-17,,,2026-02-28,白,,,rv2,RV2,CG BASE UNIT RR,2567475-AA,2,945.77,189.15,5,5,1,425,0,5,0,465.77,0,0,50,0,1939,0,0,,2026-06-27T00:00:00.000Z,,excel-seed
seed-rv2-18,,,2026-02-28,白,,,rv2,RV2,CG BASE UNIT RR,2567475-AA,4,389.1,77.82,5,5,1,165,0,5,0,209.1,0,0,10,0,651,1,0,,2026-06-27T00:00:00.000Z,,excel-seed
seed-rv2-19,,,2026-03-02,白,,,rv2,RV2,CG BASE UNIT RR,2567475-AA,4,1893.34,378.67,5,5,1,670,0,5,0,1113.34,0,0,105,0,2016,0,0,,2026-06-27T00:00:00.000Z,,excel-seed
seed-rv2-20,,,2026-03-03,白,,,rv2,RV2,CG BASE UNIT RR,2567475-AA,4,1860.35,372.07,5,5,1,680,0,5,0,1075.35,0,0,100,0,2150,0,0,,2026-06-27T00:00:00.000Z,,excel-seed
seed-rv2-21,,,2026-03-06,白,,,rv2,RV2,CG BASE UNIT RR,2567475-AA,2,1192.47,238.49,5,5,1,475,0,5,0,652.47,0,0,60,0,1729,0,0,,2026-06-27T00:00:00.000Z,,excel-seed
seed-rv2-22,,,2026-03-09,白,,,rv2,RV2,CG BASE UNIT RR,2567475-AA,2,825.04,165.01,5,5,1,365,0,5,0,385.04,0,0,70,0,1730,1,0,,2026-06-27T00:00:00.000Z,,excel-seed
seed-rv2-23,,,2026-03-09,白,,,rv2,RV2,CG BASE UNIT RR,2567475-AA,4,745.92,149.18,5,5,1,265,0,35,0,405.92,0,0,40,0,865,2,0,,2026-06-27T00:00:00.000Z,,excel-seed
seed-rv2-24,,,2026-03-10,白,,,rv2,RV2,CG BASE UNIT RR,2567475-AA,4,1195.21,239.04,5,5,1,295,0,5,0,535.21,0,0,105,255,813,1,0,,2026-06-27T00:00:00.000Z,,excel-seed
seed-rv2-25,,,2026-03-14,白,,,rv2,RV2,CG BASE UNIT RR,2567475-AA,2,1113.73,222.75,5,5,1,280,0,10,0,788.73,0,0,35,0,497,0,0,,2026-06-27T00:00:00.000Z,,excel-seed
seed-rv2-26,,,2026-03-16,白,,,rv2,RV2,CG BASE UNIT RR,2567475-AA,4,1041.73,208.35,5,5,1,325,20,85,0,556.73,0,0,55,0,1007,8,0,,2026-06-27T00:00:00.000Z,,excel-seed
seed-rv2-27,,,2026-03-17,白,,,rv2,RV2,CG BASE UNIT RR,2567475-AA,4,1315.52,263.1,5,5,1,365,185,160,0,530.52,0,0,75,0,1892,1,0,,2026-06-27T00:00:00.000Z,,excel-seed
seed-rv2-28,,,2026-03-20,白,,,rv2,RV2,CG BASE UNIT RR,2567475-AA,2,875.91,175.18,5,5,1,325,0,85,0,425.91,0,0,40,0,1240,1,0,,2026-06-27T00:00:00.000Z,,excel-seed
seed-rv2-29,,,2026-03-21,白,,,rv2,RV2,CG BASE UNIT RR,2567475-AA,2,645.62,129.12,5,5,1,190,0,5,0,405.62,0,0,45,0,445,2,0,,2026-06-27T00:00:00.000Z,,excel-seed
seed-rv2-30,,,2026-03-21,白,,,rv2,RV2,CG BASE UNIT RR,2567475-AA,4,703.15,140.63,5,5,1,330,0,5,0,323.15,0,0,45,0,1685,4,0,,2026-06-27T00:00:00.000Z,,excel-seed
seed-rv2-31,,,2026-03-24,白,,,rv2,RV2,CG BASE UNIT RR,2567475-AA,2,350.06,70.01,5,5,1,150,0,5,0,130.06,0,0,45,20,865,1,0,,2026-06-27T00:00:00.000Z,,excel-seed
seed-rv2-32,,,2026-03-24,白,,,rv2,RV2,CG BASE UNIT RR,2567475-AA,4,355.79,71.16,5,5,1,110,0,35,0,195.79,0,0,15,0,309,1,0,,2026-06-27T00:00:00.000Z,,excel-seed
seed-rv2-33,,,2026-03-25,白,,,rv2,RV2,CG BASE UNIT RR,2567475-AA,4,291.4,58.28,5,5,1,125,5,5,0,146.4,0,0,10,0,555,1,0,,2026-06-27T00:00:00.000Z,,excel-seed
seed-rv2-34,,,2026-03-25,白,,,rv2,RV2,CG BASE UNIT RR,2567475-AA,2,933.99,186.8,5,5,1,365,0,5,0,513.99,0,0,50,0,1296,0,0,,2026-06-27T00:00:00.000Z,,excel-seed
seed-rv2-35,,,2026-03-26,白,,,rv2,RV2,CG BASE UNIT RR,2567475-AA,2,347.11,69.42,5,5,1,115,30,5,0,192.11,0,0,5,0,434,1,0,,2026-06-27T00:00:00.000Z,,excel-seed
seed-rv2-36,,,2026-03-26,白,,,rv2,RV2,CG BASE UNIT RR,2567475-AA,4,1100.77,220.15,5,5,1,455,0,0,0,600.77,0,0,10,35,1723,3,0,,2026-06-27T00:00:00.000Z,,excel-seed
seed-rv2-37,,,2026-03-27,白,,,rv2,RV2,CG BASE UNIT RR,2567475-AA,2,1616.96,323.39,5,5,1,660,5,0,0,836.96,0,0,115,0,2622,1,0,,2026-06-27T00:00:00.000Z,,excel-seed
seed-rv2-38,,,2026-03-28,白,,,rv2,RV2,CG BASE UNIT RR,2567475-AA,4,1589.05,317.81,5,5,1,550,0,5,0,929.05,0,0,105,0,1628,1,0,,2026-06-27T00:00:00.000Z,,excel-seed
seed-rv2-39,,,2026-03-29,白,,,rv2,RV2,CG BASE UNIT RR,2567475-AA,4,1084.24,216.85,5,5,1,375,5,60,0,599.24,0,0,30,15,1189,1,0,,2026-06-27T00:00:00.000Z,,excel-seed
seed-rv2-40,,,2026-03-29,白,,,rv2,RV2,CG BASE UNIT RR,2567475-AA,2,431.15,86.23,5,5,1,145,0,30,0,251.15,5,0,0,0,433,1,0,,2026-06-27T00:00:00.000Z,,excel-seed
seed-rv2-41,,,2026-03-30,白,,,rv2,RV2,CG BASE UNIT RR,2567475-AA,2,1411.74,282.35,5,5,1,570,0,5,0,751.74,0,0,85,0,2161,1,0,,2026-06-27T00:00:00.000Z,,excel-seed
seed-rv2-42,,,2026-03-31,白,,,rv2,RV2,CG BASE UNIT RR,2567475-AA,2,1339.97,267.99,5,5,1,560,0,10,0,679.97,0,0,90,0,2306,2,0,,2026-06-27T00:00:00.000Z,,excel-seed
seed-rv2-43,,,2026-04-01,白,,,rv2,RV2,CG BASE UNIT RR,2567475-AA,2,262.81,52.56,5,5,1,85,5,20,0,132.81,0,0,20,0,288,1,0,,2026-06-27T00:00:00.000Z,,excel-seed
seed-rv2-44,,,2026-04-01,白,,,rv2,RV2,CG BASE UNIT RR,2567475-AA,4,961.86,192.37,5,5,1,380,0,120,0,416.86,0,0,45,0,1732,2,0,,2026-06-27T00:00:00.000Z,,excel-seed
seed-rv2-45,,,2026-04-02,白,,,rv2,RV2,CG BASE UNIT RR,2567475-AA,4,1929.1,385.82,5,5,1,630,0,70,0,1149.1,0,0,80,0,1727,1,0,,2026-06-27T00:00:00.000Z,,excel-seed
seed-rv2-46,,,2026-04-03,白,,,rv2,RV2,CG BASE UNIT RR,2567475-AA,4,1825.9,365.18,5,5,1,600,0,75,0,1045.9,0,0,105,0,1721,3,0,,2026-06-27T00:00:00.000Z,,excel-seed
seed-rv2-47,,,2026-04-04,白,,,rv2,RV2,CG BASE UNIT RR,2567475-AA,2,604.35,120.87,5,5,1,195,5,60,0,219.35,0,0,125,0,889,1,0,,2026-06-27T00:00:00.000Z,,excel-seed
seed-rv2-48,,,2026-04-04,白,,,rv2,RV2,CG BASE UNIT RR,2567475-AA,4,941.76,188.35,5,5,1,300,5,45,0,541.76,15,0,35,0,886,2,0,,2026-06-27T00:00:00.000Z,,excel-seed
seed-rv2-49,,,2026-04-06,白,,,rv2,RV2,CG BASE UNIT RR,2567475-AA,2,147.95,29.59,5,5,1,65,0,5,0,77.95,0,0,0,0,271,1,0,,2026-06-27T00:00:00.000Z,,excel-seed
seed-rv2-50,,,2026-04-07,白,,,rv2,RV2,CG BASE UNIT RR,2567475-AA,2,591.49,118.3,5,5,1,200,0,5,0,351.49,0,0,35,0,569,1,0,,2026-06-27T00:00:00.000Z,,excel-seed
seed-rv2-51,,,2026-04-07,夜,,,rv2,RV2,CG BASE UNIT RR,2567475-AA,4,464.34,92.87,5,5,1,200,5,0,0,244.34,0,0,15,0,839,0,0,,2026-06-27T00:00:00.000Z,,excel-seed
seed-rv2-52,,,2026-04-10,白,,,rv2,RV2,CG BASE UNIT RR,2567475-AA,2,659.31,131.86,5,5,1,140,0,95,0,384.31,0,0,40,0,255,1,0,,2026-06-27T00:00:00.000Z,,excel-seed
seed-rv2-53,,,2026-04-10,夜,,,rv2,RV2,CG BASE UNIT RR,2567475-AA,2,1568.9,313.78,5,5,1,375,0,5,0,1148.9,0,0,40,0,612,0,0,,2026-06-27T00:00:00.000Z,,excel-seed
seed-rv2-54,,,2026-04-16,白,,,rv2,RV2,CG BASE UNIT RR,2567475-AA,2,665,133,5,5,1,180,0,5,0,450,0,0,30,0,360,1,0,,2026-06-27T00:00:00.000Z,,excel-seed
seed-rv2-55,,,2026-04-17,白,,,rv2,RV2,CG BASE UNIT RR,2567475-AA,2,1551.6,310.32,5,5,1,470,90,5,0,891.6,0,0,95,0,1476,2,0,,2026-06-27T00:00:00.000Z,,excel-seed
seed-rv2-56,,,2026-04-18,白,,,rv2,RV2,CG BASE UNIT RR,2567475-AA,4,202.71,40.54,5,5,1,15,10,40,40,67.71,0,0,30,0,72,2,0,,2026-06-27T00:00:00.000Z,,excel-seed
seed-rv2-57,,,2026-04-18,白,,,rv2,RV2,CG BASE UNIT RR,2567475-AA,2,1131.57,226.31,5,5,1,445,0,30,0,611.57,0,0,45,0,1619,2,0,,2026-06-27T00:00:00.000Z,,excel-seed
seed-rv2-58,,,2026-04-20,白,,,rv2,RV2,CG BASE UNIT RR,2567475-AA,2,571.28,114.26,5,5,1,210,5,55,0,261.28,0,0,40,0,864,2,0,,2026-06-27T00:00:00.000Z,,excel-seed
seed-rv2-59,,,2026-04-20,白,,,rv2,RV2,CG BASE UNIT RR,2567475-AA,4,836.69,167.34,5,5,1,290,0,20,0,486.69,0,0,40,0,864,3,0,,2026-06-27T00:00:00.000Z,,excel-seed
seed-rv2-60,,,2026-04-21,白,,,rv2,RV2,CG BASE UNIT RR,2567475-AA,4,1568.3,313.66,5,5,1,640,0,55,0,788.3,0,0,85,0,2598,2,0,,2026-06-27T00:00:00.000Z,,excel-seed
seed-rv2-61,,,2026-04-22,白,,,rv2,RV2,CG BASE UNIT RR,2567475-AA,2,1821.51,364.3,5,5,1,665,0,0,0,1041.51,0,0,115,0,2123,2,0,,2026-06-27T00:00:00.000Z,,excel-seed
seed-rv2-62,,,2026-04-23,白,,,rv2,RV2,CG BASE UNIT RR,2567475-AA,2,1616.82,323.36,5,5,1,600,0,30,0,836.82,0,0,105,45,2151,2,0,,2026-06-27T00:00:00.000Z,,excel-seed
seed-rv2-63,,,2026-04-24,白,,,rv2,RV2,CG BASE UNIT RR,2567475-AA,4,2021.38,404.28,5,5,1,655,0,25,0,1236.38,0,0,105,0,1735,2,0,,2026-06-27T00:00:00.000Z,,excel-seed
seed-rv2-64,,,2026-04-25,白,,,rv2,RV2,CG BASE UNIT RR,2567475-AA,4,802.83,160.57,5,5,1,310,0,5,0,417.83,0,0,45,25,1150,2,0,,2026-06-27T00:00:00.000Z,,excel-seed
seed-rv2-65,,,2026-04-27,白,,,rv2,RV2,CG BASE UNIT RR,2567475-AA,4,732.31,146.46,5,5,1,260,0,5,0,427.31,0,0,40,0,791,2,0,,2026-06-27T00:00:00.000Z,,excel-seed
seed-rv2-66,,,2026-04-28,白,,,rv2,RV2,CG BASE UNIT RR,2567475-AA,4,1677.93,335.59,5,5,1,555,0,30,0,1017.93,0,0,75,0,1513,2,0,,2026-06-27T00:00:00.000Z,,excel-seed
seed-rv2-67,,,2026-04-28,白,,,rv2,RV2,CG BASE UNIT RR,2567475-AA,2,256.21,51.24,5,5,1,55,0,5,30,161.21,0,0,5,0,145,0,0,,2026-06-27T00:00:00.000Z,,excel-seed
seed-rv2-68,,,2026-04-29,白,,,rv2,RV2,CG BASE UNIT RR,2567475-AA,2,1746.54,349.31,5,5,1,675,0,15,0,966.54,0,0,85,5,2357,2,0,,2026-06-27T00:00:00.000Z,,excel-seed
seed-rv2-69,,,2026-04-30,白,,,rv2,RV2,CG BASE UNIT RR,2567475-AA,2,1329.62,265.92,5,5,1,555,0,15,0,669.62,0,0,85,5,2300,2,0,,2026-06-27T00:00:00.000Z,,excel-seed
seed-rv2-70,,,2026-05-02,夜,,,rv2,RV2,CG BASE UNIT RR,2567475-AA,4,1658.91,331.78,5,5,1,585,0,5,0,998.91,0,0,70,0,1713,0,0,,2026-06-27T00:00:00.000Z,,excel-seed
seed-rv2-71,,,2026-05-02,白,,,rv2,RV2,CG BASE UNIT RR,2567475-AA,4,1151.7,230.34,5,5,1,415,0,15,0,671.7,0,0,45,5,1282,1,0,,2026-06-27T00:00:00.000Z,,excel-seed
seed-rv2-72,,,2026-05-06,白,,,rv2,RV2,CG BASE UNIT RR,2567475-AA,4,1855.87,371.17,5,5,1,460,0,15,0,1280.87,0,0,65,35,826,3,0,,2026-06-27T00:00:00.000Z,,excel-seed
seed-rv2-73,,,2026-05-06,夜,,,rv2,RV2,CJ BASE UNIT LH,1188862-AA,-,884.61,176.92,5,2.5,1,220,0,25,0,609.61,5,0,20,5,203,2,0,,2026-06-27T00:00:00.000Z,,excel-seed
seed-rv2-74,,,2026-05-06,夜,,,rv2,RV2,CJ BASE UNIT RH,1188861-AA,-,1400.31,280.06,5,2.5,1,65,0,0,0,1320.31,0,0,10,5,8,2,0,,2026-06-27T00:00:00.000Z,,excel-seed
seed-rv2-75,,,2026-05-07,白,,,rv2,RV2,CJ BASE UNIT LH,1188862-AA,4,334.49,66.9,5,2.5,1,115,0,15,0,164.49,0,0,35,5,201,3,0,,2026-06-27T00:00:00.000Z,,excel-seed
seed-rv2-76,,,2026-05-07,白,,,rv2,RV2,CG BASE UNIT RR,2567475-AA,4,897.41,179.48,5,5,1,345,0,20,0,487.41,0,0,45,0,1221,3,0,,2026-06-27T00:00:00.000Z,,excel-seed
seed-rv2-77,,,2026-05-08,白,,,rv2,RV2,CG BASE UNIT RR,2567475-AA,4,1853.46,370.69,5,5,1,360,5,15,0,1263.46,0,0,85,125,520,1,0,,2026-06-27T00:00:00.000Z,,excel-seed
seed-rv2-78,,,2026-05-08,夜,,,rv2,RV2,CG BASE UNIT RR,2567475-AA,2,509.38,101.88,5,5,1,150,0,10,0,349.38,0,0,0,0,322,2,0,,2026-06-27T00:00:00.000Z,,excel-seed
seed-rv2-79,,,2026-05-09,白,,,rv2,RV2,CG BASE UNIT RR,2567475-AA,2,1406.68,281.34,5,5,1,530,0,10,0,746.68,0,0,110,10,1881,3,0,,2026-06-27T00:00:00.000Z,,excel-seed
seed-rv2-80,,,2026-05-11,白,,,rv2,RV2,CG BASE UNIT RR,2567475-AA,2,397.58,79.52,5,5,1,85,10,25,0,87.58,0,0,190,0,461,1,0,,2026-06-27T00:00:00.000Z,,excel-seed
seed-rv2-81,,,2026-05-12,白,,,rv2,RV2,CG BASE UNIT RR,2567475-AA,4,1112.18,222.44,5,5,1,445,0,20,0,592.18,0,0,55,0,1672,2,0,,2026-06-27T00:00:00.000Z,,excel-seed
seed-rv2-82,,,2026-05-13,夜,,,rv2,RV2,CG BASE UNIT RR,2567475-AA,4,2273.17,454.63,5,5,1,560,0,15,0,1613.17,0,0,85,0,972,2,0,,2026-06-27T00:00:00.000Z,,excel-seed
seed-rv2-83,,,2026-05-18,白,,,rv2,RV2,CG BASE UNIT RR,2567475-AA,2,1003.25,200.65,5,5,1,425,0,20,0,523.25,0,0,35,0,1726,1,0,,2026-06-27T00:00:00.000Z,,excel-seed
seed-rv2-84,,,2026-05-18,夜,,,rv2,RV2,CG BASE UNIT RR,2567475-AA,2,558.83,111.77,5,5,1,245,5,20,0,243.83,0,0,45,0,1256,2,0,,2026-06-27T00:00:00.000Z,,excel-seed
seed-rv2-85,,,2026-05-19,夜,,,rv2,RV2,CG BASE UNIT RR,2567475-AA,2,1710.41,342.08,5,5,1,585,0,10,0,1050.41,0,0,65,0,1629,2,0,,2026-06-27T00:00:00.000Z,,excel-seed
seed-rv2-86,,,2026-05-20,白,,,rv2,RV2,CG BASE UNIT RR,2567475-AA,2,1570.51,314.1,5,5,1,565,0,5,0,910.51,0,0,75,15,1753,3,0,,2026-06-27T00:00:00.000Z,,excel-seed
seed-rv2-87,,,2026-05-20,夜,,,rv2,RV2,CG BASE UNIT RR,2567475-AA,4,1612.91,322.58,5,5,1,565,0,5,0,952.91,0,0,90,0,1675,2,0,,2026-06-27T00:00:00.000Z,,excel-seed
seed-rv2-88,,,2026-05-21,白,,,rv2,RV2,CG BASE UNIT RR,2567475-AA,4,1549.39,309.88,5,5,1,560,0,5,0,889.39,0,0,95,0,1763,3,0,,2026-06-27T00:00:00.000Z,,excel-seed
seed-rv2-89,,,2026-05-21,夜,,,rv2,RV2,CG BASE UNIT RR,2567475-AA,4,1301.27,260.25,5,5,1,445,0,15,0,641.27,0,0,110,90,1544,2,0,,2026-06-27T00:00:00.000Z,,excel-seed
seed-rv2-90,,,2026-05-22,白,,,rv2,RV2,CG BASE UNIT RR,2567475-AA,4,537.22,107.44,5,5,1,135,0,5,0,112.22,0,0,60,225,812,3,0,,2026-06-27T00:00:00.000Z,,excel-seed
seed-rv2-91,,,2026-05-24,白,,,rv2,RV2,CJ BASE UNIT RH,1188861-AA,2,892.04,178.41,5,2.5,1,370,5,35,0,377.04,0,0,105,0,920,2,0,,2026-06-27T00:00:00.000Z,,excel-seed
seed-rv2-92,,,2026-05-24,白,,,rv2,RV2,CJ BASE UNIT LH,1188862-AA,2,684.81,136.96,5,2.5,1,340,0,25,0,314.81,0,0,5,0,918,2,0,,2026-06-27T00:00:00.000Z,,excel-seed
seed-rv2-93,,,2026-05-26,白,,,rv2,RV2,"CJQST BASE UNIT FR,LH",5038788-AB,2,760.33,152.07,5,2.5,1,195,0,20,0,500.33,0,0,45,0,190,9,0,,2026-06-27T00:00:00.000Z,,excel-seed
seed-rv2-94,,,2026-05-26,夜,,,rv2,RV2,"CJQST BASE UNIT FR,RH",5038789-AB,2,361.45,72.29,5,2.5,1,110,5,50,0,166.45,0,0,30,0,190,1,0,,2026-06-27T00:00:00.000Z,,excel-seed
seed-rv2-95,,,2026-05-27,白,,,rv2,RV2,CG BASE UNIT RR,2567475-AA,2,1319.82,263.96,5,5,1,355,0,195,0,659.82,0,0,110,0,955,6,0,,2026-06-27T00:00:00.000Z,,excel-seed
seed-rv2-96,,,2026-05-27,夜,,,rv2,RV2,CG BASE UNIT RR,2567475-AA,2,1618.95,323.79,5,5,1,580,0,10,0,958.95,0,0,65,5,1754,1,0,,2026-06-27T00:00:00.000Z,,excel-seed
seed-rv2-97,,,2026-05-28,白,,,rv2,RV2,CG BASE UNIT RR,2567475-AA,2,223.33,44.67,5,5,1,30,5,90,0,58.33,0,0,40,0,90,1,0,,2026-06-27T00:00:00.000Z,,excel-seed
seed-rv2-98,,,2026-05-30,白,,,rv2,RV2,CG BASE UNIT RR,2567475-AA,2,1129.58,225.92,5,5,1,355,60,5,0,649.58,0,0,60,0,1134,1,0,,2026-06-27T00:00:00.000Z,,excel-seed
seed-rv2-99,,,2026-05-30,夜,,,rv2,RV2,CG BASE UNIT RR,2567475-AA,2,1106.95,221.39,5,5,1,340,0,15,80,621.95,0,0,50,0,1148,3,0,,2026-06-27T00:00:00.000Z,,excel-seed
seed-rv2-100,,,2026-06-01,白,,,rv2,RV2,CG BASE UNIT RR,2567475-AA,2,1014.8,202.96,5,5,1,400,0,0,0,529.8,0,0,85,0,1510,2,0,,2026-06-27T00:00:00.000Z,,excel-seed
seed-rv2-101,,,2026-06-01,夜,,,rv2,RV2,CG BASE UNIT RR,2567475-AA,2,567.33,113.47,5,5,1,185,0,15,5,347.33,0,0,15,0,506,0,0,,2026-06-27T00:00:00.000Z,,excel-seed
seed-rv2-102,,,2026-06-02,白,,,rv2,RV2,CG BASE UNIT RR,2567475-AA,4,476.65,95.33,5,5,1,205,0,5,0,251.65,0,0,15,0,835,2,0,,2026-06-27T00:00:00.000Z,,excel-seed
seed-rv2-103,,,2026-06-02,夜,,,rv2,RV2,"CJQST BASE UNIT FR,RH",5038789-AB,2,582.5,116.5,5,2.5,1,140,5,40,45,332.5,0,0,20,0,200,0,0,,2026-06-27T00:00:00.000Z,,excel-seed
seed-rv2-104,,,2026-06-02,夜,,,rv2,RV2,"CJQST BASE UNIT FR,LH",5038788-AB,2,352.52,70.5,5,2.5,1,115,0,0,0,217.52,0,0,15,5,152,0,0,,2026-06-27T00:00:00.000Z,,excel-seed
seed-rv2-105,,,2026-06-03,白,,,rv2,RV2,CG BASE UNIT RR,2567475-AA,4,755.73,151.15,5,5,1,245,0,15,0,475.73,0,0,20,0,721,1,0,,2026-06-27T00:00:00.000Z,,excel-seed
seed-rv2-106,,,2026-06-03,夜,,,rv2,RV2,CG BASE UNIT RR,2567475-AA,4,1584.22,316.84,5,5,1,565,0,20,0,924.22,0,0,75,0,1727,1,0,,2026-06-27T00:00:00.000Z,,excel-seed
seed-rv2-107,,,2026-06-04,白,,,rv2,RV2,CG BASE UNIT RR,2567475-AA,4,1139.85,227.97,5,5,1,415,0,15,0,654.85,0,0,55,0,1315,2,0,,2026-06-27T00:00:00.000Z,,excel-seed
seed-rv2-108,,,2026-06-04,夜,,,rv2,RV2,CG BASE UNIT RR,2567475-AA,4,2400.5,480.1,5,5,1,590,0,0,0,1740.5,0,0,70,0,1000,2,0,,2026-06-27T00:00:00.000Z,,excel-seed
seed-rv2-109,,,2026-06-05,白,,,rv2,RV2,CG BASE UNIT RR,2567475-AA,4,784.37,156.87,5,5,1,305,5,15,0,424.37,0,0,30,5,1114,1,0,,2026-06-27T00:00:00.000Z,,excel-seed
seed-rv2-110,,,2026-06-05,夜,,,rv2,RV2,CG BASE UNIT RR,2567475-AA,2,1265.83,253.17,5,5,1,430,0,15,0,780.83,0,0,40,0,1184,2,0,,2026-06-27T00:00:00.000Z,,excel-seed
seed-rv2-111,,,2026-06-08,白,,,rv2,RV2,CG BASE UNIT RR,2567475-AA,2,585.51,117.1,5,5,1,145,0,10,0,415.51,0,0,15,0,253,1,0,,2026-06-27T00:00:00.000Z,,excel-seed
seed-rv2-112,,,2026-06-08,夜,,,rv2,RV2,CG BASE UNIT RR,2567475-AA,4,2447.16,489.43,5,5,1,575,0,15,0,1787.16,0,0,70,0,925,2,0,,2026-06-27T00:00:00.000Z,,excel-seed
seed-rv2-113,,,2026-06-13,夜,,,rv2,RV2,"CJQST BASE UNIT FR,LH",5038788-AB,2,1075.95,215.19,5,2.5,1,420,0,20,0,595.95,0,0,40,0,740,17,0,,2026-06-27T00:00:00.000Z,,excel-seed
seed-rv2-114,,,2026-06-15,夜,,,rv2,RV2,"CJQST BASE UNIT FR,LH",5038788-AB,3,1046.72,209.34,5,2.5,1,400,5,0,0,561.72,0,0,80,0,721,2,0,,2026-06-27T00:00:00.000Z,,excel-seed
seed-rv2-115,,,2026-06-15,夜,,,rv2,RV2,"CJQST BASE UNIT FR,RH",5038789-AB,3,165,33,5,2.5,1,40,0,20,0,100,0,0,5,0,40,1,0,,2026-06-27T00:00:00.000Z,,excel-seed
seed-rv2-116,,,2026-06-16,白,,,rv2,RV2,"CJQST BASE UNIT FR,RH",5038789-AB,3,1203.09,240.62,5,2.5,1,300,0,5,55,783.09,0,0,60,0,340,0,4,,2026-06-27T00:00:00.000Z,,excel-seed
seed-rv2-117,,,2026-06-16,夜,,,rv2,RV2,"CJQST BASE UNIT FR,RH",5038789-AB,3,181.44,36.29,5,2.5,1,55,0,15,0,56.44,0,0,25,30,134,0,2,,2026-06-27T00:00:00.000Z,,excel-seed
seed-rv2-118,,,2026-06-17,白,,,rv2,RV2,"CJQST BASE UNIT FR,RH",5038789-AB,3,970.52,194.1,5,2.5,1,385,0,15,30,410.52,0,0,65,65,973,0,2,,2026-06-27T00:00:00.000Z,,excel-seed
seed-rv2-119,,,2026-06-20,夜,,,rv2,RV2,CG BASE UNIT RR,2567475-AA,2,1116.48,223.3,5,5,1,325,0,15,0,731.48,0,0,45,0,722,0,2,,2026-06-27T00:00:00.000Z,,excel-seed
seed-rv2-120,,,2026-06-21,白,,,rv2,RV2,CG BASE UNIT RR,2567475-AA,2,1311.02,262.2,5,5,1,525,0,5,0,696.02,0,0,85,0,1980,0,2,,2026-06-27T00:00:00.000Z,,excel-seed
seed-rv2-121,,,2026-06-22,白,,,rv2,RV2,CG BASE UNIT RR,2567475-AA,2,732.9,146.58,5,5,1,285,0,15,0,402.9,0,0,25,5,1008,0,2,,2026-06-27T00:00:00.000Z,,excel-seed
seed-rv2-122,,,2026-06-23,白,,,rv2,RV2,CG BASE UNIT RR,2567475-AA,2,662,132.4,5,5,1,195,0,30,30,362,0,0,45,0,606,0,1,,2026-06-27T00:00:00.000Z,,excel-seed
seed-rv2-123,,,2026-06-23,夜,,,rv2,RV2,CG BASE UNIT RR,2567475-AA,2,1264.05,252.81,5,5,1,390,0,15,0,604.05,0,0,90,165,1259,1,2,,2026-06-27T00:00:00.000Z,,excel-seed
seed-rv2-124,,,2026-06-24,白,,,rv2,RV2,CG BASE UNIT RR,2567475-AA,4,1620.48,324.1,5,5,1,475,0,20,20,960.48,0,0,90,55,1224,0,2,,2026-06-27T00:00:00.000Z,,excel-seed
seed-rv2-125,,,2026-06-25,白,,,rv2,RV2,CG BASE UNIT RR,2567475-AA,4,1562.91,312.58,5,5,1,455,0,10,0,1007.91,0,0,70,20,1027,0,3,,2026-06-27T00:00:00.000Z,,excel-seed
seed-rv2-126,,,2026-06-25,夜,,,rv2,RV2,CG BASE UNIT RR,2567475-AA,4,140.62,28.12,5,5,1,30,5,15,0,65.62,0,0,20,5,80,0,1,,2026-06-27T00:00:00.000Z,,excel-seed
seed-rv2-127,,,2026-06-26,白,,,rv2,RV2,CG BASE UNIT RR,2567475-AA,4,1153.82,230.76,5,5,1,410,20,0,0,668.82,0,0,50,5,1318,0,3,,2026-06-27T00:00:00.000Z,,excel-seed
seed-1-rw-1,,,2026-01-07,白,,,1-rw,#1 RW,UPR ACTIVE ASSEMBLY,SB-068C-1,-,2132.3,426.46,5,0.4,1,610,0,5,25,1347.3,0,0,105,40,115,0,0,,2026-06-27T00:00:00.000Z,,excel-seed
seed-1-rw-2,,,2026-01-08,白,,,1-rw,#1 RW,UPR ACTIVE ASSEMBLY,SB-068C-1,-,1677,335.4,5,0.4,1,540,0,5,25,1017,0,0,70,20,120,0,0,,2026-06-27T00:00:00.000Z,,excel-seed
seed-1-rw-3,,,2026-01-13,白,,,1-rw,#1 RW,Lower sheet metal assembly,10383086,-,778.07,155.61,5,2.4,1,355,0,5,0,378.07,0,0,40,0,800,0,0,,2026-06-27T00:00:00.000Z,,excel-seed
seed-1-rw-4,,,2026-01-14,白,,,1-rw,#1 RW,Lower sheet metal assembly,10383086,-,167.25,33.45,5,2.4,1,85,0,0,0,72.25,0,0,10,0,240,0,0,,2026-06-27T00:00:00.000Z,,excel-seed
seed-1-rw-5,,,2026-01-21,白,,,1-rw,#1 RW,BRKT SUB ASSY,SB-104A-1,-,1460.69,292.14,5,1,1,370,0,5,0,950.69,0,0,40,95,144,0,0,,2026-06-27T00:00:00.000Z,,excel-seed
seed-1-rw-6,,,2026-01-28,白,,,1-rw,#1 RW,UPR ACTIVE ASSEMBLY,SB-068C-1,-,976.43,195.29,5,0.4,1,400,0,0,0,571.43,0,0,5,0,112,0,0,,2026-06-27T00:00:00.000Z,,excel-seed
seed-1-rw-7,,,2026-01-29,白,,,1-rw,#1 RW,UPR ACTIVE ASSEMBLY,SB-068C-1,-,1732.38,346.48,5,0.4,1,730,0,5,0,947.38,0,0,50,0,225,0,0,,2026-06-27T00:00:00.000Z,,excel-seed
seed-1-rw-8,,,2026-01-30,白,,,1-rw,#1 RW,UPR ACTIVE ASSEMBLY,SB-068C-1,-,1628.75,325.75,5,0.4,1,675,0,5,0,843.75,0,0,40,65,216,1,0,,2026-06-27T00:00:00.000Z,,excel-seed
seed-1-rw-9,,,2026-01-31,白,,,1-rw,#1 RW,UPR ACTIVE ASSEMBLY,SB-068C-1,-,1864.47,372.89,5,0.4,1,695,0,5,35,1079.47,0,0,50,0,188,1,0,,2026-06-27T00:00:00.000Z,,excel-seed
seed-1-rw-10,,,2026-02-02,白,,,1-rw,#1 RW,UPR ACTIVE ASSEMBLY,SB-068C-1,-,1630.83,326.17,5,0.4,1,660,0,5,0,845.83,0,0,120,0,206,2,0,,2026-06-27T00:00:00.000Z,,excel-seed
seed-1-rw-11,,,2026-02-03,白,,,1-rw,#1 RW,UPR ACTIVE ASSEMBLY,SB-068C-1,-,1767.83,353.57,5,0.4,1,690,0,5,40,982.83,0,0,45,5,205,1,0,,2026-06-27T00:00:00.000Z,,excel-seed
seed-1-rw-12,,,2026-02-04,白,,,1-rw,#1 RW,UPR ACTIVE ASSEMBLY,SB-068C-1,-,487.5,97.5,5,0.4,1,105,0,5,0,367.5,0,0,10,0,12,0,0,,2026-06-27T00:00:00.000Z,,excel-seed
seed-1-rw-13,,,2026-02-05,白,,,1-rw,#1 RW,UPR ACTIVE ASSEMBLY,SB-068C-1,-,1715.25,343.05,5,0.4,1,610,0,0,0,930.25,0,0,75,100,160,2,0,,2026-06-27T00:00:00.000Z,,excel-seed
seed-1-rw-14,,,2026-02-06,白,,,1-rw,#1 RW,UPR ACTIVE ASSEMBLY,SB-068C-1,-,1800.05,360.01,5,0.4,1,730,0,5,0,1015.05,0,0,50,0,210,3,0,,2026-06-27T00:00:00.000Z,,excel-seed
seed-1-rw-15,,,2026-02-07,白,,,1-rw,#1 RW,UPR ACTIVE ASSEMBLY,SB-068C-1,-,2013.07,402.61,5,0.4,1,680,0,5,0,1233.07,0,0,95,0,150,2,0,,2026-06-27T00:00:00.000Z,,excel-seed
seed-1-rw-16,,,2026-02-09,白,,,1-rw,#1 RW,UPR ACTIVE ASSEMBLY,SB-068C-1,-,1724.23,344.85,5,0.4,1,665,0,5,20,939.23,0,0,60,35,194,1,0,,2026-06-27T00:00:00.000Z,,excel-seed
seed-1-rw-17,,,2026-02-10,白,,,1-rw,#1 RW,UPR ACTIVE ASSEMBLY,SB-068C-1,-,2010,402,5,0.4,1,700,0,5,0,1225,0,0,80,0,160,1,0,,2026-06-27T00:00:00.000Z,,excel-seed
seed-1-rw-18,,,2026-02-11,白,,,1-rw,#1 RW,UPR ACTIVE ASSEMBLY,SB-068C-1,-,1753.91,350.78,5,0.4,1,730,0,5,0,968.91,0,0,50,0,220,5,0,,2026-06-27T00:00:00.000Z,,excel-seed
seed-1-rw-19,,,2026-02-12,白,,,1-rw,#1 RW,UPR ACTIVE ASSEMBLY,SB-068C-1,-,1736.31,347.26,5,0.4,1,720,0,5,10,951.31,0,0,50,0,221,1,0,,2026-06-27T00:00:00.000Z,,excel-seed
seed-1-rw-20,,,2026-02-13,白,,,1-rw,#1 RW,UPR ACTIVE ASSEMBLY,SB-068C-1,-,1732.2,346.44,5,0.4,1,690,0,5,0,952.2,0,0,85,0,200,2,0,,2026-06-27T00:00:00.000Z,,excel-seed
seed-1-rw-21,,,2026-02-14,白,,,1-rw,#1 RW,UPR ACTIVE ASSEMBLY,SB-068C-1,-,1730,346,5,0.4,1,675,0,5,25,945,0,0,80,0,200,2,0,,2026-06-27T00:00:00.000Z,,excel-seed
seed-1-rw-22,,,2026-02-16,白,,,1-rw,#1 RW,BRKT SUB ASSY,SB-104A-1,-,509,101.8,5,1,1,180,0,0,0,324,0,0,5,0,100,1,0,,2026-06-27T00:00:00.000Z,,excel-seed
seed-1-rw-23,,,2026-02-16,白,,,1-rw,#1 RW,UPR ACTIVE ASSEMBLY,SB-068C-1,-,344.52,68.9,5,0.4,1,90,0,5,0,104.52,0,0,25,120,31,1,0,,2026-06-27T00:00:00.000Z,,excel-seed
seed-1-rw-24,,,2026-02-17,白,,,1-rw,#1 RW,UPR ACTIVE ASSEMBLY,SB-068C-1,-,1428.91,285.78,5,0.4,1,580,0,5,0,768.91,0,0,75,0,175,1,0,,2026-06-27T00:00:00.000Z,,excel-seed
seed-1-rw-25,,,2026-02-18,白,,,1-rw,#1 RW,UPR ACTIVE ASSEMBLY,SB-068C-1,-,1420.23,284.05,5,0.4,1,580,0,5,0,760.23,0,0,75,0,177,1,0,,2026-06-27T00:00:00.000Z,,excel-seed
seed-1-rw-26,,,2026-02-19,白,,,1-rw,#1 RW,UPR ACTIVE ASSEMBLY,SB-068C-1,-,1543.16,308.63,5,0.4,1,585,0,5,0,883.16,0,0,70,0,155,1,0,,2026-06-27T00:00:00.000Z,,excel-seed
seed-1-rw-27,,,2026-02-20,白,,,1-rw,#1 RW,UPR ACTIVE ASSEMBLY,SB-068C-1,-,1506.15,301.23,5,0.4,1,550,0,5,0,846.15,0,0,65,40,143,1,0,,2026-06-27T00:00:00.000Z,,excel-seed
seed-1-rw-28,,,2026-02-21,白,,,1-rw,#1 RW,UPR ACTIVE ASSEMBLY,SB-068C-1,-,844,168.8,5,0.4,1,330,0,5,0,484,0,0,25,0,90,0,0,,2026-06-27T00:00:00.000Z,,excel-seed
seed-1-rw-29,,,2026-02-23,白,,,1-rw,#1 RW,BRKT SUB ASSY,SB-104A-1,-,2460,492,5,1,1,670,0,5,0,1675,0,0,110,0,268,3,0,,2026-06-27T00:00:00.000Z,,excel-seed
seed-1-rw-30,,,2026-02-24,白,,,1-rw,#1 RW,BRKT SUB ASSY,SB-104A-1,-,2368.56,473.71,5,1,1,680,0,5,0,1583.56,0,0,100,0,292,1,0,,2026-06-27T00:00:00.000Z,,excel-seed
seed-1-rw-31,,,2026-02-25,白,,,1-rw,#1 RW,BRKT SUB ASSY,SB-104A-1,-,2408.19,481.64,5,1,1,640,0,5,60,1623.19,0,0,80,0,276,1,0,,2026-06-27T00:00:00.000Z,,excel-seed
seed-1-rw-32,,,2026-02-26,白,,,1-rw,#1 RW,BRKT SUB ASSY,SB-104A-1,-,2418.33,483.67,5,1,1,700,0,5,0,1633.33,0,0,80,0,300,1,0,,2026-06-27T00:00:00.000Z,,excel-seed
seed-1-rw-33,,,2026-02-27,白,,,1-rw,#1 RW,BRKT SUB ASSY,SB-104A-1,-,658.18,131.64,5,1,1,115,85,5,0,418.18,0,0,35,0,55,1,0,,2026-06-27T00:00:00.000Z,,excel-seed
seed-1-rw-34,,,2026-02-27,白,,,1-rw,#1 RW,UPR ACTIVE ASSEMBLY,SB-068C-1,-,1499.44,299.89,5,0.4,1,520,0,5,0,924.44,0,0,50,0,117,1,0,,2026-06-27T00:00:00.000Z,,excel-seed
seed-1-rw-35,,,2026-02-28,白,,,1-rw,#1 RW,UPR ACTIVE ASSEMBLY,SB-068C-1,-,1297.75,259.55,5,0.4,1,430,0,5,0,812.75,0,0,50,0,91,2,0,,2026-06-27T00:00:00.000Z,,excel-seed
seed-1-rw-36,,,2026-03-02,白,,,1-rw,#1 RW,UPR ACTIVE ASSEMBLY,SB-068C-1,-,2270.54,454.11,5,0.4,1,680,0,5,30,1485.54,0,0,70,0,130,1,0,,2026-06-27T00:00:00.000Z,,excel-seed
seed-1-rw-37,,,2026-03-03,白,,,1-rw,#1 RW,UPR ACTIVE ASSEMBLY,SB-068C-1,-,1879.06,375.81,5,0.4,1,610,0,5,85,1094.06,0,0,85,0,155,3,0,,2026-06-27T00:00:00.000Z,,excel-seed
seed-1-rw-38,,,2026-03-04,白,,,1-rw,#1 RW,UPR ACTIVE ASSEMBLY,SB-068C-1,-,1753,350.6,5,0.4,1,660,0,5,0,968,0,0,120,0,180,1,0,,2026-06-27T00:00:00.000Z,,excel-seed
seed-1-rw-39,,,2026-03-05,白,,,1-rw,#1 RW,UPR ACTIVE ASSEMBLY,SB-068C-1,-,1816.58,363.32,5,0.4,1,700,0,5,0,1031.58,0,0,80,0,190,1,0,,2026-06-27T00:00:00.000Z,,excel-seed
seed-1-rw-40,,,2026-03-06,白,,,1-rw,#1 RW,UPR ACTIVE ASSEMBLY,SB-068C-1,-,1937.94,387.59,5,0.4,1,700,0,5,0,1152.94,0,0,80,0,170,1,0,,2026-06-27T00:00:00.000Z,,excel-seed
seed-1-rw-41,,,2026-03-09,白,,,1-rw,#1 RW,BRKT SUB ASSY,SB-104A-1,-,1588.57,317.71,5,1,1,375,0,230,0,803.57,0,0,50,130,175,1,0,,2026-06-27T00:00:00.000Z,,excel-seed
seed-1-rw-42,,,2026-03-10,白,,,1-rw,#1 RW,UPR ACTIVE ASSEMBLY,SB-068C-1,-,1631.97,326.39,5,0.4,1,625,0,5,0,946.97,0,0,55,0,165,1,0,,2026-06-27T00:00:00.000Z,,excel-seed
seed-1-rw-43,,,2026-03-11,白,,,1-rw,#1 RW,UPR ACTIVE ASSEMBLY,SB-068C-1,-,1928.9,385.78,5,0.4,1,670,0,5,30,1143.9,0,0,80,0,164,1,0,,2026-06-27T00:00:00.000Z,,excel-seed
seed-1-rw-44,,,2026-03-12,白,,,1-rw,#1 RW,UPR ACTIVE ASSEMBLY,SB-068C-1,-,1908.31,381.66,5,0.4,1,695,0,5,0,1123.31,0,0,85,0,172,1,0,,2026-06-27T00:00:00.000Z,,excel-seed
seed-1-rw-45,,,2026-03-13,白,,,1-rw,#1 RW,UPR ACTIVE ASSEMBLY,SB-068C-1,-,1906.2,381.24,5,0.4,1,660,0,5,45,1121.2,0,0,75,0,166,1,0,,2026-06-27T00:00:00.000Z,,excel-seed
seed-1-rw-46,,,2026-03-14,白,,,1-rw,#1 RW,UPR ACTIVE ASSEMBLY,SB-068C-1,-,1070.14,214.03,5,0.4,1,320,0,30,0,585.14,0,0,55,80,70,0,0,,2026-06-27T00:00:00.000Z,,excel-seed
seed-1-rw-47,,,2026-03-16,白,,,1-rw,#1 RW,BRKT SUB ASSY,SB-104A-1,-,862.28,172.46,5,1,1,290,0,0,0,532.28,0,0,40,0,158,1,0,,2026-06-27T00:00:00.000Z,,excel-seed
seed-1-rw-48,,,2026-03-17,白,,,1-rw,#1 RW,BRKT SUB ASSY,SB-104A-1,-,2679.22,535.84,5,1,1,695,0,5,0,1894.22,0,0,85,0,255,1,0,,2026-06-27T00:00:00.000Z,,excel-seed
seed-1-rw-49,,,2026-03-18,白,,,1-rw,#1 RW,BRKT SUB ASSY,SB-104A-1,-,2422.87,484.57,5,1,1,665,0,5,0,1637.87,0,0,80,35,270,3,0,,2026-06-27T00:00:00.000Z,,excel-seed
seed-1-rw-50,,,2026-03-19,白,,,1-rw,#1 RW,BRKT SUB ASSY,SB-104A-1,-,2577.58,515.52,5,1,1,610,0,45,0,1797.58,0,0,125,0,207,1,0,,2026-06-27T00:00:00.000Z,,excel-seed
seed-1-rw-51,,,2026-03-20,白,,,1-rw,#1 RW,UPR ACTIVE ASSEMBLY,SB-068C-1,-,2099.01,419.8,5,0.4,1,605,0,50,0,1319.01,0,0,90,35,111,1,0,,2026-06-27T00:00:00.000Z,,excel-seed
seed-1-rw-52,,,2026-03-21,白,,,1-rw,#1 RW,UPR ACTIVE ASSEMBLY,SB-068C-1,-,1631.8,326.36,5,0.4,1,465,0,15,0,971.8,0,0,75,105,89,1,0,,2026-06-27T00:00:00.000Z,,excel-seed
seed-1-rw-53,,,2026-03-24,白,,,1-rw,#1 RW,UPR ACTIVE ASSEMBLY,SB-068C-1,-,1789.71,357.94,5,0.4,1,610,0,5,20,1004.71,0,0,60,90,153,1,0,,2026-06-27T00:00:00.000Z,,excel-seed
seed-1-rw-54,,,2026-03-25,白,,,1-rw,#1 RW,UPR ACTIVE ASSEMBLY,SB-068C-1,-,1786.7,357.34,5,0.4,1,445,0,5,150,1126.7,0,0,60,0,94,1,0,,2026-06-27T00:00:00.000Z,,excel-seed
seed-1-rw-55,,,2026-03-28,白,,,1-rw,#1 RW,UPR ACTIVE ASSEMBLY,SB-068C-1,-,1191.43,238.29,5,0.4,1,360,0,5,15,771.43,0,0,40,0,70,7,0,,2026-06-27T00:00:00.000Z,,excel-seed
seed-1-rw-56,,,2026-03-30,白,,,1-rw,#1 RW,UPR ACTIVE ASSEMBLY,SB-068C-1,-,1881.4,376.28,5,0.4,1,590,0,5,0,1221.4,0,0,65,0,114,1,0,,2026-06-27T00:00:00.000Z,,excel-seed
seed-1-rw-57,,,2026-03-30,夜,,,1-rw,#1 RW,UPR ACTIVE ASSEMBLY,SB-068C-1,-,905.67,181.13,5,0.4,1,290,0,0,0,560.67,0,0,55,0,60,1,0,,2026-06-27T00:00:00.000Z,,excel-seed
seed-1-rw-58,,,2026-03-31,白,,,1-rw,#1 RW,UPR ACTIVE ASSEMBLY,SB-068C-1,-,1564.76,312.95,5,0.4,1,500,0,25,70,904.76,0,0,65,0,126,1,0,,2026-06-27T00:00:00.000Z,,excel-seed
seed-1-rw-59,,,2026-04-01,白,,,1-rw,#1 RW,UPR ACTIVE ASSEMBLY,SB-068C-1,-,1219.03,243.81,5,0.4,1,395,0,15,40,739.03,0,0,30,0,93,2,0,,2026-06-27T00:00:00.000Z,,excel-seed
seed-1-rw-60,,,2026-04-02,白,,,1-rw,#1 RW,UPR ACTIVE ASSEMBLY,SB-068C-1,-,1765.1,353.02,5,0.4,1,495,0,150,0,980.1,0,0,140,0,100,1,0,,2026-06-27T00:00:00.000Z,,excel-seed
seed-1-rw-61,,,2026-04-06,白,,,1-rw,#1 RW,UPR ACTIVE ASSEMBLY,SB-068C-1,-,1533.87,306.77,5,0.4,1,565,0,5,15,873.87,0,0,75,0,150,1,0,,2026-06-27T00:00:00.000Z,,excel-seed
seed-1-rw-62,,,2026-04-07,白,,,1-rw,#1 RW,UPR ACTIVE ASSEMBLY,SB-068C-1,-,1551.13,310.23,5,0.4,1,580,0,5,0,891.13,0,0,75,0,151,1,0,,2026-06-27T00:00:00.000Z,,excel-seed
seed-1-rw-63,,,2026-04-08,白,,,1-rw,#1 RW,UPR ACTIVE ASSEMBLY,SB-068C-1,-,2252.75,450.55,5,0.4,1,695,0,5,0,1497.75,0,0,50,5,129,4,0,,2026-06-27T00:00:00.000Z,,excel-seed
seed-1-rw-64,,,2026-04-09,白,,,1-rw,#1 RW,UPR ACTIVE ASSEMBLY,SB-068C-1,-,1615.29,323.06,5,0.4,1,560,0,5,20,955.29,0,0,75,0,136,4,0,,2026-06-27T00:00:00.000Z,,excel-seed
seed-1-rw-65,,,2026-04-10,白,,,1-rw,#1 RW,UPR ACTIVE ASSEMBLY,SB-068C-1,-,460.33,92.07,5,0.4,1,145,0,0,0,280.33,0,0,35,0,30,0,0,,2026-06-27T00:00:00.000Z,,excel-seed
seed-1-rw-66,,,2026-04-11,白,,,1-rw,#1 RW,UPR ACTIVE ASSEMBLY,SB-068C-1,-,1037.22,207.44,5,0.4,1,275,0,30,0,672.22,0,0,60,0,45,2,0,,2026-06-27T00:00:00.000Z,,excel-seed
seed-1-rw-67,,,2026-04-16,白,,,1-rw,#1 RW,UPR ACTIVE ASSEMBLY,SB-068C-1,-,1098.13,219.63,5,0.4,1,375,0,45,0,618.13,0,0,60,0,91,1,0,,2026-06-27T00:00:00.000Z,,excel-seed
seed-1-rw-68,,,2026-04-17,白,,,1-rw,#1 RW,UPR ACTIVE ASSEMBLY,SB-068C-1,-,1505.5,301.1,5,0.4,1,480,0,100,0,845.5,0,0,80,0,109,2,0,,2026-06-27T00:00:00.000Z,,excel-seed
seed-1-rw-69,,,2026-04-18,白,,,1-rw,#1 RW,UPR ACTIVE ASSEMBLY,SB-068C-1,-,1327.83,265.57,5,0.4,1,480,0,100,0,667.83,0,0,80,0,138,2,0,,2026-06-27T00:00:00.000Z,,excel-seed
seed-1-rw-70,,,2026-04-20,白,,,1-rw,#1 RW,UPR ACTIVE ASSEMBLY,SB-068C-1,-,1252.11,250.42,5,0.4,1,365,0,195,0,592.11,0,0,100,0,90,1,0,,2026-06-27T00:00:00.000Z,,excel-seed
seed-1-rw-71,,,2026-04-21,白,,,1-rw,#1 RW,UPR ACTIVE ASSEMBLY,SB-068C-1,-,1006.6,201.32,5,0.4,1,325,0,95,0,521.6,0,0,60,5,81,1,0,,2026-06-27T00:00:00.000Z,,excel-seed
seed-1-rw-72,,,2026-04-22,白,,,1-rw,#1 RW,UPR ACTIVE ASSEMBLY,SB-068C-1,-,1209.29,241.86,5,0.4,1,390,0,55,0,724.29,0,0,40,0,84,1,0,,2026-06-27T00:00:00.000Z,,excel-seed
seed-1-rw-73,,,2026-04-23,白,,,1-rw,#1 RW,UPR ACTIVE ASSEMBLY,SB-068C-1,-,952.88,190.58,5,0.4,1,335,55,0,0,527.88,0,0,35,0,99,1,0,,2026-06-27T00:00:00.000Z,,excel-seed
seed-1-rw-74,,,2026-04-25,白,,,1-rw,#1 RW,UPR ACTIVE ASSEMBLY,SB-068C-1,-,1665.71,333.14,5,0.4,1,440,0,75,0,1005.71,0,0,65,80,77,3,0,,2026-06-27T00:00:00.000Z,,excel-seed
seed-1-rw-75,,,2026-04-29,白,,,1-rw,#1 RW,UPR ACTIVE ASSEMBLY,SB-068C-1,-,1751.36,350.27,5,0.4,1,490,0,95,0,1091.36,0,0,75,0,88,2,0,,2026-06-27T00:00:00.000Z,,excel-seed
seed-1-rw-76,,,2026-04-30,白,,,1-rw,#1 RW,UPR ACTIVE ASSEMBLY,SB-068C-1,-,1519.83,303.97,5,0.4,1,510,0,75,0,859.83,0,0,75,0,121,2,0,,2026-06-27T00:00:00.000Z,,excel-seed
seed-1-rw-77,,,2026-05-02,白,,,1-rw,#1 RW,UPR ACTIVE ASSEMBLY,SB-068C-1,-,1544.96,308.99,5,0.4,1,500,0,85,0,884.96,0,0,75,0,113,2,0,,2026-06-27T00:00:00.000Z,,excel-seed
seed-1-rw-78,,,2026-05-04,白,,,1-rw,#1 RW,UPR ACTIVE ASSEMBLY,SB-068C-1,-,1300,260,5,0.4,1,400,0,175,0,640,0,0,85,0,100,5,0,,2026-06-27T00:00:00.000Z,,excel-seed
seed-1-rw-79,,,2026-05-05,白,,,1-rw,#1 RW,UPR ACTIVE ASSEMBLY,SB-068C-1,-,1200,240,5,0.4,1,350,0,150,55,540,0,0,105,0,105,0,0,,2026-06-27T00:00:00.000Z,,excel-seed
seed-1-rw-80,,,2026-05-06,白,,,1-rw,#1 RW,UPR ACTIVE ASSEMBLY,SB-068C-1,-,1454.9,290.98,5,0.4,1,555,0,5,0,794.9,0,0,100,0,155,3,0,,2026-06-27T00:00:00.000Z,,excel-seed
seed-1-rw-81,,,2026-05-07,白,,,1-rw,#1 RW,UPR ACTIVE ASSEMBLY,SB-068C-1,-,1412.52,282.5,5,0.4,1,540,0,5,0,752.52,0,0,115,0,155,1,0,,2026-06-27T00:00:00.000Z,,excel-seed
seed-1-rw-82,,,2026-05-08,白,,,1-rw,#1 RW,UPR ACTIVE ASSEMBLY,SB-068C-1,-,1508.64,301.73,5,0.4,1,545,0,5,0,848.64,0,0,110,0,140,0,0,,2026-06-27T00:00:00.000Z,,excel-seed
seed-1-rw-83,,,2026-05-09,白,,,1-rw,#1 RW,UPR ACTIVE ASSEMBLY,SB-068C-1,-,1242.26,248.45,5,0.4,1,475,0,5,0,582.26,0,0,180,0,155,1,0,,2026-06-27T00:00:00.000Z,,excel-seed
seed-1-rw-84,,,2026-05-11,白,,,1-rw,#1 RW,UPR ACTIVE ASSEMBLY,SB-068C-1,-,1044.88,208.98,5,0.4,1,295,0,110,55,509.88,0,0,55,20,81,14,0,,2026-06-27T00:00:00.000Z,,excel-seed
seed-1-rw-85,,,2026-05-12,白,,,1-rw,#1 RW,UPR ACTIVE ASSEMBLY,SB-068C-1,-,1434.38,286.88,5,0.4,1,515,0,35,0,774.38,0,0,110,0,137,3,0,,2026-06-27T00:00:00.000Z,,excel-seed
seed-1-rw-86,,,2026-05-13,白,,,1-rw,#1 RW,UPR ACTIVE ASSEMBLY,SB-068C-1,-,1262.08,252.42,5,0.4,1,425,0,100,0,602.08,0,0,115,20,120,1,0,,2026-06-27T00:00:00.000Z,,excel-seed
seed-1-rw-87,,,2026-05-14,白,,,1-rw,#1 RW,UPR ACTIVE ASSEMBLY,SB-068C-1,-,1245.92,249.18,5,0.4,1,395,0,80,50,585.92,0,0,100,35,120,0,0,,2026-06-27T00:00:00.000Z,,excel-seed
seed-1-rw-88,,,2026-05-14,夜,,,1-rw,#1 RW,UPR ACTIVE ASSEMBLY,SB-068C-1,-,552.89,110.58,5,0.4,1,135,0,0,5,397.89,0,0,15,0,19,3,0,,2026-06-27T00:00:00.000Z,,excel-seed
seed-1-rw-89,,,2026-05-15,白,,,1-rw,#1 RW,UPR ACTIVE ASSEMBLY,SB-068C-1,-,1353.88,270.78,5,0.4,1,535,0,15,0,693.88,0,0,110,0,165,3,0,,2026-06-27T00:00:00.000Z,,excel-seed
seed-1-rw-90,,,2026-05-16,白,,,1-rw,#1 RW,UPR ACTIVE ASSEMBLY,SB-068C-1,-,1122.4,224.48,5,0.4,1,340,0,185,0,462.4,0,0,120,15,100,1,0,,2026-06-27T00:00:00.000Z,,excel-seed
seed-1-rw-91,,,2026-05-16,夜,,,1-rw,#1 RW,UPR ACTIVE ASSEMBLY,SB-068C-1,-,366.9,73.38,5,0.4,1,120,0,0,0,206.9,0,5,35,0,29,1,0,,2026-06-27T00:00:00.000Z,,excel-seed
seed-1-rw-92,,,2026-05-18,白,,,1-rw,#1 RW,UPR ACTIVE ASSEMBLY,SB-068C-1,-,1444,288.8,5,0.4,1,420,0,125,0,784,0,0,115,0,90,26,0,,2026-06-27T00:00:00.000Z,,excel-seed
seed-1-rw-93,,,2026-05-19,白,,,1-rw,#1 RW,UPR ACTIVE ASSEMBLY,SB-068C-1,-,540.6,108.12,5,0.4,1,110,0,0,135,215.6,0,0,80,0,50,0,0,,2026-06-27T00:00:00.000Z,,excel-seed
seed-1-rw-94,,,2026-05-28,白,,,1-rw,#1 RW,Gland plate,BRU53717,-,1023.26,204.65,5,2,1,150,0,0,220,603.26,0,0,50,0,184,66,0,,2026-06-27T00:00:00.000Z,,excel-seed
seed-1-rw-95,,,2026-05-28,夜,,,1-rw,#1 RW,UPR ACTIVE ASSEMBLY,SB-068C-1,-,414.55,82.91,5,0.4,1,75,0,75,0,204.55,0,0,25,35,11,10,0,,2026-06-27T00:00:00.000Z,,excel-seed
seed-1-rw-96,,,2026-05-29,白,,,1-rw,#1 RW,Gland plate,BRU53717,-,798.02,159.6,5,2,1,300,0,5,0,458.02,0,0,35,0,393,9,0,,2026-06-27T00:00:00.000Z,,excel-seed
seed-1-rw-97,,,2026-05-29,夜,,,1-rw,#1 RW,Gland plate,BRU53717,-,486.11,97.22,5,2,1,110,0,15,0,336.11,0,0,20,5,72,8,0,,2026-06-27T00:00:00.000Z,,excel-seed
seed-1-rw-98,,,2026-05-30,白,,,1-rw,#1 RW,Gland plate,BRU53717,-,320.27,64.05,5,2,1,85,0,10,0,195.27,0,0,25,5,74,12,0,,2026-06-27T00:00:00.000Z,,excel-seed
seed-1-rw-99,,,2026-05-30,夜,,,1-rw,#1 RW,UPR ACTIVE ASSEMBLY,SB-068C-1,-,1080.12,216.02,5,0.4,1,355,0,90,0,600.12,0,0,35,0,84,6,0,,2026-06-27T00:00:00.000Z,,excel-seed
seed-1-rw-100,,,2026-06-01,白,,,1-rw,#1 RW,UPR ACTIVE ASSEMBLY,SB-068C-1,-,1305.45,261.09,5,0.4,1,300,0,230,0,645.45,0,55,75,0,66,10,0,,2026-06-27T00:00:00.000Z,,excel-seed
seed-1-rw-101,,,2026-06-01,夜,,,1-rw,#1 RW,UPR ACTIVE ASSEMBLY,SB-068C-1,-,889.13,177.83,5,0.4,1,260,0,0,0,599.13,0,5,25,0,46,2,0,,2026-06-27T00:00:00.000Z,,excel-seed
seed-1-rw-102,,,2026-06-02,白,,,1-rw,#1 RW,UPR ACTIVE ASSEMBLY,SB-068C-1,-,1823.39,364.68,5,0.4,1,330,0,60,190,1163.39,0,0,80,0,59,25,0,,2026-06-27T00:00:00.000Z,,excel-seed
seed-1-rw-103,,,2026-06-03,白,,,1-rw,#1 RW,UPR ACTIVE ASSEMBLY,SB-068C-1,-,1705,341,5,0.4,1,220,0,195,160,1045,0,0,85,0,32,9,0,,2026-06-27T00:00:00.000Z,,excel-seed
seed-1-rw-104,,,2026-06-03,夜,,,1-rw,#1 RW,UPR ACTIVE ASSEMBLY,SB-068C-1,-,1914.41,382.88,5,0.4,1,590,0,0,0,1254.41,0,0,70,0,111,14,0,,2026-06-27T00:00:00.000Z,,excel-seed
seed-1-rw-105,,,2026-06-04,白,,,1-rw,#1 RW,UPR ACTIVE ASSEMBLY,SB-068C-1,-,1240.77,248.15,5,0.4,1,350,0,110,60,630.77,0,0,85,5,91,12,0,,2026-06-27T00:00:00.000Z,,excel-seed
seed-1-rw-106,,,2026-06-04,夜,,,1-rw,#1 RW,UPR ACTIVE ASSEMBLY,SB-068C-1,-,1146.25,229.25,5,0.4,1,350,0,100,0,621.25,0,5,70,0,80,11,0,,2026-06-27T00:00:00.000Z,,excel-seed
seed-1-rw-107,,,2026-06-08,白,,,1-rw,#1 RW,UPR ACTIVE ASSEMBLY,SB-068C-1,-,1073.57,214.71,5,0.4,1,370,0,80,5,528.57,0,0,85,5,105,9,0,,2026-06-27T00:00:00.000Z,,excel-seed
seed-1-rw-108,,,2026-06-09,白,,,1-rw,#1 RW,UPR ACTIVE ASSEMBLY,SB-068C-1,-,1003.51,200.7,5,0.4,1,205,0,255,105,343.51,0,0,95,0,74,6,0,,2026-06-27T00:00:00.000Z,,excel-seed
seed-1-rw-109,,,2026-06-09,夜,,,1-rw,#1 RW,UPR ACTIVE ASSEMBLY,SB-068C-1,-,1710,342,5,0.4,1,525,0,60,0,1050,0,0,75,0,105,5,0,,2026-06-27T00:00:00.000Z,,excel-seed
seed-1-rw-110,,,2026-06-10,白,,,1-rw,#1 RW,UPR ACTIVE ASSEMBLY,SB-068C-1,-,1371.76,274.35,5,0.4,1,330,0,35,220,711.76,0,0,75,0,102,9,0,,2026-06-27T00:00:00.000Z,,excel-seed
seed-1-rw-111,,,2026-06-10,夜,,,1-rw,#1 RW,UPR ACTIVE ASSEMBLY,SB-068C-1,-,1522.77,304.55,5,0.4,1,565,0,20,0,862.77,0,0,75,0,148,5,0,,2026-06-27T00:00:00.000Z,,excel-seed
seed-1-rw-112,,,2026-06-11,白,,,1-rw,#1 RW,UPR ACTIVE ASSEMBLY,SB-068C-1,-,1257.81,251.56,5,0.4,1,410,0,45,155,597.81,0,0,50,0,155,5,0,,2026-06-27T00:00:00.000Z,,excel-seed
seed-1-rw-113,,,2026-06-11,夜,,,1-rw,#1 RW,UPR ACTIVE ASSEMBLY,SB-068C-1,-,1081.93,216.39,5,0.4,1,395,0,80,0,531.93,0,0,75,0,150,4,0,,2026-06-27T00:00:00.000Z,,excel-seed
seed-1-rw-114,,,2026-06-12,白,,,1-rw,#1 RW,UPR ACTIVE ASSEMBLY,SB-068C-1,-,1361.69,272.34,5,0.4,1,470,0,35,60,701.69,0,0,95,0,142,11,0,,2026-06-27T00:00:00.000Z,,excel-seed
seed-1-rw-115,,,2026-06-12,夜,,,1-rw,#1 RW,UPR ACTIVE ASSEMBLY,SB-068C-1,-,1534.59,306.92,5,0.4,1,565,0,20,0,874.59,0,0,75,0,146,7,0,,2026-06-27T00:00:00.000Z,,excel-seed
seed-1-rw-116,,,2026-06-13,白,,,1-rw,#1 RW,UPR ACTIVE ASSEMBLY,SB-068C-1,-,1310,262,5,0.4,1,450,0,35,70,650,0,0,105,0,144,12,0,,2026-06-27T00:00:00.000Z,,excel-seed
seed-1-rw-117,,,2026-06-13,夜,,,1-rw,#1 RW,UPR ACTIVE ASSEMBLY,SB-068C-1,-,1509.72,301.94,5,0.4,1,555,0,30,0,849.72,0,0,75,0,145,8,0,,2026-06-27T00:00:00.000Z,,excel-seed
seed-1-rw-118,,,2026-06-15,白,,,1-rw,#1 RW,UPR ACTIVE ASSEMBLY,SB-068C-1,-,1527.35,305.47,5,0.4,1,535,0,25,0,867.35,0,0,100,0,132,21,0,,2026-06-27T00:00:00.000Z,,excel-seed
seed-1-rw-119,,,2026-06-15,夜,,,1-rw,#1 RW,UPR ACTIVE ASSEMBLY,SB-068C-1,-,302.22,60.44,5,0.4,1,85,5,15,15,132.22,0,0,45,5,27,3,0,,2026-06-27T00:00:00.000Z,,excel-seed
seed-1-rw-120,,,2026-06-16,白,,,1-rw,#1 RW,UPR ACTIVE ASSEMBLY,SB-068C-1,-,1380.66,276.13,5,0.4,1,495,0,35,0,720.66,0,0,130,0,136,3,1,,2026-06-27T00:00:00.000Z,,excel-seed
seed-1-rw-121,,,2026-06-16,夜,,,1-rw,#1 RW,UPR ACTIVE ASSEMBLY,SB-068C-1,-,565.95,113.19,5,0.4,1,230,0,20,0,285.95,0,0,25,5,74,0,1,,2026-06-27T00:00:00.000Z,,excel-seed
seed-1-rw-122,,,2026-06-17,白,,,1-rw,#1 RW,UPR ACTIVE ASSEMBLY,SB-068C-1,-,967.47,193.49,5,0.4,1,330,0,10,0,512.47,0,0,115,0,85,1,1,,2026-06-27T00:00:00.000Z,,excel-seed
seed-1-rw-123,,,2026-06-17,夜,,,1-rw,#1 RW,UPR ACTIVE ASSEMBLY,SB-068C-1,-,1560.1,312.02,5,0.4,1,480,0,60,0,950.1,0,0,65,5,97,16,1,,2026-06-27T00:00:00.000Z,,excel-seed
seed-1-rw-124,,,2026-06-17,白,,,1-rw,#1 RW,Gland plate,BRU53717,-,412.39,82.48,5,2,1,160,0,40,0,172.39,0,0,40,0,297,3,0,,2026-06-27T00:00:00.000Z,,excel-seed
seed-1-rw-125,,,2026-06-18,白,,,1-rw,#1 RW,Gland plate,BRU53717,-,236.82,47.36,5,2,1,40,5,15,25,101.82,0,0,50,0,55,0,1,,2026-06-27T00:00:00.000Z,,excel-seed
seed-1-rw-126,,,2026-06-18,白,,,1-rw,#1 RW,UPR ACTIVE ASSEMBLY,SB-068C-1,-,1020,204,5,0.4,1,300,0,135,0,480,0,0,105,0,75,5,2,,2026-06-27T00:00:00.000Z,,excel-seed
seed-1-rw-127,,,2026-06-18,夜,,,1-rw,#1 RW,UPR ACTIVE ASSEMBLY,SB-068C-1,-,1572.48,314.5,5,0.4,1,480,0,35,0,912.48,0,0,95,50,101,15,1,,2026-06-27T00:00:00.000Z,,excel-seed
seed-1-rw-128,,,2026-06-19,白,,,1-rw,#1 RW,UPR ACTIVE ASSEMBLY,SB-068C-1,-,786.94,157.39,5,0.4,1,155,10,40,125,366.94,0,0,90,0,49,7,1,,2026-06-27T00:00:00.000Z,,excel-seed
seed-1-rw-129,,,2026-06-19,白,,,1-rw,#1 RW,Gland plate,BRU53717,-,509.26,101.85,5,2,1,175,5,30,0,259.26,0,0,40,0,243,6,1,,2026-06-27T00:00:00.000Z,,excel-seed
seed-1-rw-130,,,2026-06-19,夜,,,1-rw,#1 RW,Gland plate,BRU53717,-,895.68,179.14,5,2,1,285,0,15,0,550.68,0,0,40,5,295,1,1,,2026-06-27T00:00:00.000Z,,excel-seed
seed-1-rw-131,,,2026-06-20,白,,,1-rw,#1 RW,Gland plate,BRU53717,-,1404.11,280.82,5,2,1,565,0,0,0,744.11,0,0,95,0,858,0,2,,2026-06-27T00:00:00.000Z,,excel-seed
seed-1-rw-132,,,2026-06-20,夜,,,1-rw,#1 RW,Gland plate,BRU53717,-,1394.22,278.84,5,2,1,550,0,20,0,734.22,0,0,90,0,824,5,1,,2026-06-27T00:00:00.000Z,,excel-seed
seed-1-rw-133,,,2026-06-21,白,,,1-rw,#1 RW,Gland plate,BRU53717,-,1797.16,359.43,5,2,1,475,5,30,0,1137.16,0,0,150,0,401,2,2,,2026-06-27T00:00:00.000Z,,excel-seed
seed-1-rw-134,,,2026-06-22,白,,,1-rw,#1 RW,Gland plate,BRU53717,-,1635.21,327.04,5,2,1,535,0,20,0,975.21,0,0,105,0,587,0,1,,2026-06-27T00:00:00.000Z,,excel-seed
seed-1-rw-135,,,2026-06-22,夜,,,1-rw,#1 RW,Gland plate,BRU53717,-,1343.7,268.74,5,2,1,540,0,15,0,683.7,0,0,90,15,853,0,1,,2026-06-27T00:00:00.000Z,,excel-seed
seed-1-rw-136,,,2026-06-23,白,,,1-rw,#1 RW,Gland plate,BRU53717,-,1941.98,388.4,5,2,1,525,0,30,0,1281.98,0,0,105,0,430,0,2,,2026-06-27T00:00:00.000Z,,excel-seed
seed-1-rw-137,,,2026-06-23,夜,,,1-rw,#1 RW,UPR ACTIVE ASSEMBLY,SB-068C-1,-,1406.82,281.36,5,0.4,1,420,0,115,0,801.82,0,0,65,5,88,10,1,,2026-06-27T00:00:00.000Z,,excel-seed
seed-1-rw-138,,,2026-06-24,白,,,1-rw,#1 RW,Gland plate,BRU53717,-,338.33,67.67,5,2,1,115,5,20,0,133.33,0,0,65,0,207,2,1,,2026-06-27T00:00:00.000Z,,excel-seed
seed-1-rw-139,,,2026-06-24,白,,,1-rw,#1 RW,UPR ACTIVE ASSEMBLY,SB-068C-1,-,1020.11,204.02,5,0.4,1,245,5,90,0,615.11,0,0,65,0,47,3,2,,2026-06-27T00:00:00.000Z,,excel-seed
seed-1-rw-140,,,2026-06-24,夜,,,1-rw,#1 RW,UPR ACTIVE ASSEMBLY,SB-068C-1,-,1680,336,5,0.4,1,490,0,45,20,1020,0,0,85,20,98,1,8,,2026-06-27T00:00:00.000Z,,excel-seed
seed-1-rw-141,,,2026-06-25,白,,,1-rw,#1 RW,UPR ACTIVE ASSEMBLY,SB-068C-1,-,766.7,153.34,5,0.4,1,160,40,60,0,271.7,0,0,235,0,53,0,1,,2026-06-27T00:00:00.000Z,,excel-seed
seed-1-rw-142,,,2026-06-25,夜,,,1-rw,#1 RW,UPR ACTIVE ASSEMBLY,SB-068C-1,-,1278.52,255.7,5,0.4,1,480,0,30,0,618.52,0,0,70,80,149,6,0,,2026-06-27T00:00:00.000Z,,excel-seed
seed-1-rw-143,,,2026-06-26,白,,,1-rw,#1 RW,UPR ACTIVE ASSEMBLY,SB-068C-1,-,1204.53,240.91,5,0.4,1,435,0,50,0,544.53,0,0,175,0,139,1,1,,2026-06-27T00:00:00.000Z,,excel-seed
seed-1-rw-144,,,2026-06-26,夜,,,1-rw,#1 RW,UPR ACTIVE ASSEMBLY,SB-068C-1,-,105,21,5,0.4,1,5,5,75,0,0,0,0,15,5,0,3,1,,2026-06-27T00:00:00.000Z,,excel-seed
seed-2-rw-1,,,2026-01-05,白,,,2-rw,#2 RW,Passive Bracket Assembly,SB-042E-2,-,1139.45,227.89,5,0.76,2,415,0,5,0,654.46,0,0,65,0,400,0,0,,2026-06-27T00:00:00.000Z,,excel-seed
seed-2-rw-2,,,2026-01-06,白,,,2-rw,#2 RW,Passive Bracket Assembly,SB-042E-2,-,2592.88,518.58,5,0.76,2,575,0,5,0,1932.88,0,0,80,0,260,0,0,,2026-06-27T00:00:00.000Z,,excel-seed
seed-2-rw-3,,,2026-01-07,白,,,2-rw,#2 RW,Passive Bracket Assembly,SB-042E-2,-,1696.24,339.25,5,0.76,2,560,0,5,0,1036.24,0,0,95,0,460,0,0,,2026-06-27T00:00:00.000Z,,excel-seed
seed-2-rw-4,,,2026-01-08,白,,,2-rw,#2 RW,Passive Bracket Assembly,SB-042E-2,-,2493.35,498.67,5,0.76,2,560,0,5,0,1833.35,0,0,95,0,260,0,0,,2026-06-27T00:00:00.000Z,,excel-seed
seed-2-rw-5,,,2026-01-09,白,,,2-rw,#2 RW,Passive Bracket Assembly,SB-042E-2,-,1557.41,311.48,5,0.76,2,575,0,5,0,897.41,0,0,80,0,560,0,0,,2026-06-27T00:00:00.000Z,,excel-seed
seed-2-rw-6,,,2026-01-10,白,,,2-rw,#2 RW,Passive Bracket Assembly,SB-042E-2,-,1512.21,302.44,5,0.76,2,580,0,5,0,852.21,0,0,75,0,600,0,0,,2026-06-27T00:00:00.000Z,,excel-seed
seed-2-rw-7,,,2026-01-12,白,,,2-rw,#2 RW,Passive Bracket Assembly,SB-042E-2,-,2302.14,460.43,5,0.76,2,550,0,5,0,1642.14,0,0,105,0,280,0,0,,2026-06-27T00:00:00.000Z,,excel-seed
seed-2-rw-8,,,2026-01-13,白,,,2-rw,#2 RW,Passive Bracket Assembly,SB-042E-2,-,584.22,116.84,5,0.76,2,195,0,5,65,279.22,0,0,40,0,276,0,0,,2026-06-27T00:00:00.000Z,,excel-seed
seed-2-rw-9,,,2026-01-14,白,,,2-rw,#2 RW,Passive Bracket Assembly,SB-042E-2,-,1481.4,296.28,5,0.76,2,555,0,5,0,821.4,0,0,100,0,570,0,0,,2026-06-27T00:00:00.000Z,,excel-seed
seed-2-rw-10,,,2026-01-15,白,,,2-rw,#2 RW,Passive Bracket Assembly,SB-042E-2,-,2003.66,400.73,5,0.76,2,695,0,5,0,1223.66,0,0,80,0,600,0,0,,2026-06-27T00:00:00.000Z,,excel-seed
seed-2-rw-11,,,2026-01-16,白,,,2-rw,#2 RW,Passive Bracket Assembly,SB-042E-2,-,2786.85,557.37,5,0.76,2,670,0,5,0,2006.85,0,0,105,0,340,0,0,,2026-06-27T00:00:00.000Z,,excel-seed
seed-2-rw-12,,,2026-01-17,白,,,2-rw,#2 RW,Passive Bracket Assembly,SB-042E-2,-,2914.3,582.86,5,0.76,2,695,0,5,0,2134.3,0,0,80,0,344,0,0,,2026-06-27T00:00:00.000Z,,excel-seed
seed-2-rw-13,,,2026-01-19,白,,,2-rw,#2 RW,Passive Bracket Assembly,SB-042E-2,-,2435.28,487.06,5,0.76,2,660,0,5,0,1655.28,0,0,115,0,400,0,0,,2026-06-27T00:00:00.000Z,,excel-seed
seed-2-rw-14,,,2026-01-20,白,,,2-rw,#2 RW,Passive Bracket Assembly,SB-042E-2,-,2575.6,515.12,5,0.76,2,670,0,5,0,1795.6,0,0,105,0,380,0,0,,2026-06-27T00:00:00.000Z,,excel-seed
seed-2-rw-15,,,2026-01-21,白,,,2-rw,#2 RW,Passive Bracket Assembly,SB-042E-2,-,2485.82,497.16,5,0.76,2,670,0,5,0,1705.82,0,0,105,0,400,0,0,,2026-06-27T00:00:00.000Z,,excel-seed
seed-2-rw-16,,,2026-01-22,白,,,2-rw,#2 RW,Passive Bracket Assembly,SB-042E-2,-,1083.69,216.74,5,0.76,2,250,0,5,0,778.69,0,0,50,0,122,0,0,,2026-06-27T00:00:00.000Z,,excel-seed
seed-2-rw-17,,,2026-02-03,白,,,2-rw,#2 RW,ACTIVE ASSEMBLY,SB-092C-1,-,1186.28,237.26,5,0.22,1,360,0,250,20,401.28,0,0,155,0,75,0,0,,2026-06-27T00:00:00.000Z,,excel-seed
seed-2-rw-18,,,2026-02-04,白,,,2-rw,#2 RW,ACTIVE ASSEMBLY,SB-092C-1,-,1449.16,289.83,5,0.22,1,695,0,5,0,664.16,0,0,85,0,160,5,0,,2026-06-27T00:00:00.000Z,,excel-seed
seed-2-rw-19,,,2026-02-05,白,,,2-rw,#2 RW,ACTIVE ASSEMBLY,SB-092C-1,-,1396.53,279.31,5,0.22,1,680,0,5,0,616.53,0,0,95,0,165,6,0,,2026-06-27T00:00:00.000Z,,excel-seed
seed-2-rw-20,,,2026-02-06,白,,,2-rw,#2 RW,ACTIVE ASSEMBLY,SB-092C-1,-,921.68,184.34,5,0.22,1,425,0,5,0,436.68,0,0,55,0,91,0,0,,2026-06-27T00:00:00.000Z,,excel-seed
seed-2-rw-21,,,2026-02-07,白,,,2-rw,#2 RW,Passive Bracket Assembly,SB-042E-2,-,2408.63,481.73,5,0.76,2,665,0,5,0,1623.63,0,0,115,0,414,0,0,,2026-06-27T00:00:00.000Z,,excel-seed
seed-2-rw-22,,,2026-02-09,白,,,2-rw,#2 RW,Passive Bracket Assembly,SB-042E-2,-,2433.93,486.79,5,0.76,2,675,0,5,0,1648.93,0,0,105,0,420,0,0,,2026-06-27T00:00:00.000Z,,excel-seed
seed-2-rw-23,,,2026-02-10,白,,,2-rw,#2 RW,Passive Bracket Assembly,SB-042E-2,-,2058,411.6,5,0.76,2,670,0,5,0,1273,0,0,110,0,536,0,0,,2026-06-27T00:00:00.000Z,,excel-seed
seed-2-rw-24,,,2026-02-16,白,,,2-rw,#2 RW,Passive Bracket Assembly,SB-042E-2,-,1752.05,350.41,5,0.76,2,460,0,5,0,1237.05,0,0,50,0,260,0,0,,2026-06-27T00:00:00.000Z,,excel-seed
seed-2-rw-25,,,2026-02-17,白,,,2-rw,#2 RW,Passive Bracket Assembly,SB-042E-2,-,1659.57,331.91,5,0.76,2,550,0,5,0,999.57,0,0,105,0,460,0,0,,2026-06-27T00:00:00.000Z,,excel-seed
seed-2-rw-26,,,2026-02-18,白,,,2-rw,#2 RW,Passive Bracket Assembly,SB-042E-2,-,1682.9,336.58,5,0.76,2,560,0,5,0,1022.9,0,0,95,0,466,0,0,,2026-06-27T00:00:00.000Z,,excel-seed
seed-2-rw-27,,,2026-02-19,白,,,2-rw,#2 RW,Passive Bracket Assembly,SB-042E-2,-,1574.53,314.91,5,0.76,2,570,0,5,0,914.53,0,0,85,0,540,0,0,,2026-06-27T00:00:00.000Z,,excel-seed
seed-2-rw-28,,,2026-02-20,白,,,2-rw,#2 RW,Passive Bracket Assembly,SB-042E-2,-,2138.09,427.62,5,0.76,2,575,0,5,0,1478.09,0,0,80,0,340,0,0,,2026-06-27T00:00:00.000Z,,excel-seed
seed-2-rw-29,,,2026-02-23,白,,,2-rw,#2 RW,ACTIVE ASSEMBLY,SB-092C-1,-,1192.68,238.54,5,0.22,1,555,0,40,0,412.68,50,0,135,0,179,1,0,,2026-06-27T00:00:00.000Z,,excel-seed
seed-2-rw-30,,,2026-02-24,白,,,2-rw,#2 RW,ACTIVE ASSEMBLY,SB-092C-1,-,1288.47,257.69,5,0.22,1,645,0,5,0,508.48,0,0,130,0,180,0,0,,2026-06-27T00:00:00.000Z,,excel-seed
seed-2-rw-31,,,2026-02-25,白,,,2-rw,#2 RW,Passive Bracket Assembly,SB-042E-2,-,660,132,5,0.76,2,200,0,5,0,400,0,0,50,5,152,0,0,,2026-06-27T00:00:00.000Z,,excel-seed
seed-2-rw-32,,,2026-02-25,白,,,2-rw,#2 RW,ACTIVE ASSEMBLY,SB-092C-1,-,513.48,102.7,5,0.22,1,240,0,5,0,218.48,0,0,50,0,58,0,0,,2026-06-27T00:00:00.000Z,,excel-seed
seed-2-rw-33,,,2026-03-05,白,,,2-rw,#2 RW,Passive Bracket Assembly,SB-042E-2,-,1623.18,324.64,5,0.76,2,415,0,5,0,1138.18,0,0,65,0,230,0,0,,2026-06-27T00:00:00.000Z,,excel-seed
seed-2-rw-34,,,2026-03-17,白,,,2-rw,#2 RW,ACTIVE ASSEMBLY,SB-092C-1,-,1385.88,277.18,5,0.22,1,670,0,5,0,605.88,0,0,105,0,163,2,0,,2026-06-27T00:00:00.000Z,,excel-seed
seed-2-rw-35,,,2026-03-18,白,,,2-rw,#2 RW,ACTIVE ASSEMBLY,SB-092C-1,-,854.82,170.96,5,0.22,1,410,0,5,0,369.82,0,0,70,0,100,1,0,,2026-06-27T00:00:00.000Z,,excel-seed
seed-2-rw-36,,,2026-03-20,白,,,2-rw,#2 RW,ACTIVE ASSEMBLY,SB-092C-1,-,1383.95,276.79,5,0.22,1,495,0,55,0,598.95,0,0,70,165,90,1,0,,2026-06-27T00:00:00.000Z,,excel-seed
seed-2-rw-37,,,2026-03-21,白,,,2-rw,#2 RW,ACTIVE ASSEMBLY,SB-092C-1,-,1431.87,286.37,5,0.22,1,485,0,220,0,646.87,0,0,80,0,80,1,0,,2026-06-27T00:00:00.000Z,,excel-seed
seed-2-rw-38,,,2026-03-23,白,,,2-rw,#2 RW,ACTIVE ASSEMBLY,SB-092C-1,-,1286.64,257.33,5,0.22,1,565,0,135,0,501.64,0,0,85,0,140,0,0,,2026-06-27T00:00:00.000Z,,excel-seed
seed-2-rw-39,,,2026-03-25,白,,,2-rw,#2 RW,ACTIVE ASSEMBLY,SB-092C-1,-,998.45,199.69,5,0.22,1,435,0,140,0,338.45,0,0,85,0,123,4,0,,2026-06-27T00:00:00.000Z,,excel-seed
seed-2-rw-40,,,2026-03-26,白,,,2-rw,#2 RW,ACTIVE ASSEMBLY,SB-092C-1,-,1234.61,246.92,5,0.22,1,575,0,120,0,454.61,0,0,85,0,160,1,0,,2026-06-27T00:00:00.000Z,,excel-seed
seed-2-rw-41,,,2026-03-27,白,,,2-rw,#2 RW,Passive Bracket Assembly,SB-042E-2,-,2722.1,544.42,5,0.76,2,705,0,5,0,1942.1,0,0,70,0,389,11,0,,2026-06-27T00:00:00.000Z,,excel-seed
seed-2-rw-42,,,2026-03-28,白,,,2-rw,#2 RW,Passive Bracket Assembly,SB-042E-2,-,1553.86,310.77,5,0.76,2,485,0,95,0,893.86,0,0,80,0,400,4,0,,2026-06-27T00:00:00.000Z,,excel-seed
seed-2-rw-43,,,2026-03-29,白,,,2-rw,#2 RW,Passive Bracket Assembly,SB-042E-2,-,1731.17,346.23,5,0.76,2,560,0,30,0,1071.17,0,0,70,0,445,5,0,,2026-06-27T00:00:00.000Z,,excel-seed
seed-2-rw-44,,,2026-03-30,白,,,2-rw,#2 RW,Passive Bracket Assembly,SB-042E-2,-,1815.27,363.05,5,0.76,2,590,0,5,0,1155.27,0,0,65,0,458,8,0,,2026-06-27T00:00:00.000Z,,excel-seed
seed-2-rw-45,,,2026-03-30,夜,,,2-rw,#2 RW,Passive Bracket Assembly,SB-042E-2,-,751.72,150.34,5,0.76,2,275,5,0,0,446.72,0,0,25,0,262,2,0,,2026-06-27T00:00:00.000Z,,excel-seed
seed-2-rw-46,,,2026-03-31,白,,,2-rw,#2 RW,Passive Bracket Assembly,SB-042E-2,-,1867.35,373.47,5,0.76,2,525,0,45,0,1207.35,0,0,90,0,347,11,0,,2026-06-27T00:00:00.000Z,,excel-seed
seed-2-rw-47,,,2026-03-31,夜,,,2-rw,#2 RW,Passive Bracket Assembly,SB-042E-2,-,1698.29,339.66,5,0.76,2,585,0,0,0,1038.29,0,0,75,0,501,3,0,,2026-06-27T00:00:00.000Z,,excel-seed
seed-2-rw-48,,,2026-04-01,白,,,2-rw,#2 RW,ACTIVE ASSEMBLY,SB-092C-1,-,413.77,82.75,5,0.22,1,155,0,40,0,188.77,0,0,30,0,28,2,0,,2026-06-27T00:00:00.000Z,,excel-seed
seed-2-rw-49,,,2026-04-01,夜,,,2-rw,#2 RW,ACTIVE ASSEMBLY,SB-092C-1,-,1298.18,259.64,5,0.22,1,590,0,0,0,638.18,0,0,70,0,120,1,0,,2026-06-27T00:00:00.000Z,,excel-seed
seed-2-rw-50,,,2026-04-02,夜,,,2-rw,#2 RW,ACTIVE ASSEMBLY,SB-092C-1,-,1217.38,243.48,5,0.22,1,565,0,5,0,557.38,0,0,90,0,126,1,0,,2026-06-27T00:00:00.000Z,,excel-seed
seed-2-rw-51,,,2026-04-03,白,,,2-rw,#2 RW,ACTIVE ASSEMBLY,SB-092C-1,-,1491.04,298.21,5,0.22,1,505,0,185,0,736.04,0,0,65,0,80,0,0,,2026-06-27T00:00:00.000Z,,excel-seed
seed-2-rw-52,,,2026-04-03,夜,,,2-rw,#2 RW,ACTIVE ASSEMBLY,SB-092C-1,-,1589.5,317.9,5,0.22,1,585,0,0,0,929.5,0,0,75,0,81,1,0,,2026-06-27T00:00:00.000Z,,excel-seed
seed-2-rw-53,,,2026-04-04,白,,,2-rw,#2 RW,ACTIVE ASSEMBLY,SB-092C-1,-,1485.71,297.14,5,0.22,1,610,0,60,0,705.71,0,0,110,0,116,1,0,,2026-06-27T00:00:00.000Z,,excel-seed
seed-2-rw-54,,,2026-04-04,夜,,,2-rw,#2 RW,ACTIVE ASSEMBLY,SB-092C-1,-,1496.55,299.31,5,0.22,1,585,0,0,0,836.55,0,0,75,0,90,0,0,,2026-06-27T00:00:00.000Z,,excel-seed
seed-2-rw-55,,,2026-04-06,白,,,2-rw,#2 RW,ACTIVE ASSEMBLY,SB-092C-1,-,233.45,46.69,5,0.22,1,45,0,125,0,23.45,0,0,40,0,19,0,0,,2026-06-27T00:00:00.000Z,,excel-seed
seed-2-rw-56,,,2026-04-06,白,,,2-rw,#2 RW,Passive Bracket Assembly,SB-042E-2,-,822.54,164.51,5,0.76,2,250,0,120,0,402.54,0,0,50,0,236,4,0,,2026-06-27T00:00:00.000Z,,excel-seed
seed-2-rw-57,,,2026-04-07,白,,,2-rw,#2 RW,ACTIVE ASSEMBLY,SB-092C-1,-,1080.66,216.13,5,0.22,1,475,0,100,0,420.66,0,0,85,0,118,2,0,,2026-06-27T00:00:00.000Z,,excel-seed
seed-2-rw-58,,,2026-04-08,白,,,2-rw,#2 RW,ACTIVE ASSEMBLY,SB-092C-1,-,1086.71,217.34,5,0.22,1,475,0,95,0,426.71,15,0,75,0,120,2,0,,2026-06-27T00:00:00.000Z,,excel-seed
seed-2-rw-59,,,2026-04-09,白,,,2-rw,#2 RW,ACTIVE ASSEMBLY,SB-092C-1,-,1113.02,222.6,5,0.22,1,535,0,45,0,453.02,0,0,80,0,139,3,0,,2026-06-27T00:00:00.000Z,,excel-seed
seed-2-rw-60,,,2026-04-10,白,,,2-rw,#2 RW,ACTIVE ASSEMBLY,SB-092C-1,-,757.53,151.51,5,0.22,1,300,5,110,0,242.53,0,0,100,0,83,1,0,,2026-06-27T00:00:00.000Z,,excel-seed
seed-2-rw-61,,,2026-04-20,白,,,2-rw,#2 RW,Passive Bracket Assembly,SB-042E-2,-,1652.95,330.59,5,0.76,2,530,0,30,0,992.95,0,0,100,0,430,6,0,,2026-06-27T00:00:00.000Z,,excel-seed
seed-2-rw-62,,,2026-04-21,白,,,2-rw,#2 RW,Passive Bracket Assembly,SB-042E-2,-,1780.17,356.03,5,0.76,2,660,0,50,0,1000.17,0,0,70,0,662,8,0,,2026-06-27T00:00:00.000Z,,excel-seed
seed-2-rw-63,,,2026-04-22,白,,,2-rw,#2 RW,ACTIVE ASSEMBLY,SB-092C-1,-,1244.87,248.97,5,0.22,1,540,0,125,0,464.87,0,0,115,0,138,2,0,,2026-06-27T00:00:00.000Z,,excel-seed
seed-2-rw-64,,,2026-04-23,白,,,2-rw,#2 RW,ACTIVE ASSEMBLY,SB-092C-1,-,1358.27,271.65,5,0.22,1,595,0,80,0,613.27,0,0,70,0,127,7,0,,2026-06-27T00:00:00.000Z,,excel-seed
seed-2-rw-65,,,2026-04-24,白,,,2-rw,#2 RW,ACTIVE ASSEMBLY,SB-092C-1,-,1568.59,313.72,5,0.22,1,680,0,30,0,788.59,0,0,70,0,129,1,0,,2026-06-27T00:00:00.000Z,,excel-seed
seed-2-rw-66,,,2026-04-25,白,,,2-rw,#2 RW,ACTIVE ASSEMBLY,SB-092C-1,-,1039.55,207.91,5,0.22,1,455,0,120,0,379.55,0,0,85,0,120,1,0,,2026-06-27T00:00:00.000Z,,excel-seed
seed-2-rw-67,,,2026-04-27,白,,,2-rw,#2 RW,ACTIVE ASSEMBLY,SB-092C-1,-,897.29,179.46,5,0.22,1,420,0,10,0,417.29,0,0,40,10,93,2,0,,2026-06-27T00:00:00.000Z,,excel-seed
seed-2-rw-68,,,2026-04-27,夜,,,2-rw,#2 RW,Passive Bracket Assembly,SB-042E-2,-,1676.56,335.31,5,0.76,2,580,0,5,0,1016.56,0,0,75,0,503,1,0,,2026-06-27T00:00:00.000Z,,excel-seed
seed-2-rw-69,,,2026-04-28,白,,,2-rw,#2 RW,Passive Bracket Assembly,SB-042E-2,-,1440.15,288.03,5,0.76,2,395,0,40,0,960.15,0,0,45,0,247,3,0,,2026-06-27T00:00:00.000Z,,excel-seed
seed-2-rw-70,,,2026-04-28,夜,,,2-rw,#2 RW,Passive Bracket Assembly,SB-042E-2,-,1423.97,284.79,5,0.76,2,460,0,5,0,763.97,0,0,75,120,421,1,0,,2026-06-27T00:00:00.000Z,,excel-seed
seed-2-rw-71,,,2026-04-29,白,,,2-rw,#2 RW,ACTIVE ASSEMBLY,SB-092C-1,-,1405.95,281.19,5,0.22,1,540,0,25,0,745.95,0,0,90,5,86,3,0,,2026-06-27T00:00:00.000Z,,excel-seed
seed-2-rw-72,,,2026-04-29,夜,,,2-rw,#2 RW,ACTIVE ASSEMBLY,SB-092C-1,-,835.78,167.16,5,0.22,1,295,0,5,160,355.78,0,0,20,0,83,0,0,,2026-06-27T00:00:00.000Z,,excel-seed
seed-2-rw-73,,,2026-04-30,白,,,2-rw,#2 RW,ACTIVE ASSEMBLY,SB-092C-1,-,1283.46,256.69,5,0.22,1,535,0,35,0,623.46,0,0,90,0,101,2,0,,2026-06-27T00:00:00.000Z,,excel-seed
seed-2-rw-74,,,2026-04-30,夜,,,2-rw,#2 RW,ACTIVE ASSEMBLY,SB-092C-1,-,1266.15,253.23,5,0.22,1,575,0,5,0,606.15,0,0,80,0,120,0,0,,2026-06-27T00:00:00.000Z,,excel-seed
seed-2-rw-75,,,2026-05-02,白,,,2-rw,#2 RW,ACTIVE ASSEMBLY,SB-092C-1,-,1127.55,225.51,5,0.22,1,505,0,65,0,467.55,0,0,90,0,120,2,0,,2026-06-27T00:00:00.000Z,,excel-seed
seed-2-rw-76,,,2026-05-04,白,,,2-rw,#2 RW,ACTIVE ASSEMBLY,SB-092C-1,-,985.09,197.02,5,0.22,1,405,0,85,0,325.09,0,0,105,65,111,1,0,,2026-06-27T00:00:00.000Z,,excel-seed
seed-2-rw-77,,,2026-05-04,夜,,,2-rw,#2 RW,Passive Bracket Assembly,SB-042E-2,-,1667.11,333.42,5,0.76,2,575,0,20,0,1007.11,0,0,60,5,499,3,0,,2026-06-27T00:00:00.000Z,,excel-seed
seed-2-rw-78,,,2026-05-05,夜,,,2-rw,#2 RW,Passive Bracket Assembly,SB-042E-2,-,1686.09,337.22,5,0.76,2,545,0,45,0,1026.09,0,0,70,0,440,6,0,,2026-06-27T00:00:00.000Z,,excel-seed
seed-2-rw-79,,,2026-05-05,白,,,2-rw,#2 RW,Metal Cover 10-Way,NVE96526,-,1074.11,214.82,5,1,1,420,0,5,0,584.11,0,0,65,0,302,6,0,,2026-06-27T00:00:00.000Z,,excel-seed
seed-2-rw-80,,,2026-05-06,白,,,2-rw,#2 RW,Metal Cover 10-Way,NVE96526,-,1525.74,305.15,5,1,1,510,0,15,0,865.74,40,0,95,0,324,7,0,,2026-06-27T00:00:00.000Z,,excel-seed
seed-2-rw-81,,,2026-05-06,夜,,,2-rw,#2 RW,Metal Cover 10-Way,NVE96526,-,869.03,173.81,5,1,1,270,0,0,0,544.03,0,0,55,0,134,0,0,,2026-06-27T00:00:00.000Z,,excel-seed
seed-2-rw-82,,,2026-05-07,白,,,2-rw,#2 RW,Metal Cover 10-Way,NVE96526,-,1068.51,213.7,5,1,1,375,0,0,0,583.51,0,0,50,60,241,5,0,,2026-06-27T00:00:00.000Z,,excel-seed
seed-2-rw-83,,,2026-05-07,夜,,,2-rw,#2 RW,Passive Bracket Assembly,SB-042E-2,-,1626.88,325.38,5,0.76,2,585,0,0,0,966.88,0,0,70,5,538,6,0,,2026-06-27T00:00:00.000Z,,excel-seed
seed-2-rw-84,,,2026-05-08,白,,,2-rw,#2 RW,Passive Bracket Assembly,SB-042E-2,-,1768.99,353.8,5,0.76,2,315,0,85,0,1108.99,0,0,90,170,136,4,0,,2026-06-27T00:00:00.000Z,,excel-seed
seed-2-rw-85,,,2026-05-08,夜,,,2-rw,#2 RW,Passive Bracket Assembly,SB-042E-2,-,398.67,79.73,5,0.76,2,110,0,0,0,278.67,0,0,10,0,66,0,0,,2026-06-27T00:00:00.000Z,,excel-seed
seed-2-rw-86,,,2026-05-09,白,,,2-rw,#2 RW,ACTIVE ASSEMBLY,SB-092C-1,-,1027.17,205.43,5,0.22,1,440,0,80,0,367.17,0,0,110,30,116,4,0,,2026-06-27T00:00:00.000Z,,excel-seed
seed-2-rw-87,,,2026-05-09,夜,,,2-rw,#2 RW,ACTIVE ASSEMBLY,SB-092C-1,-,942.55,188.51,5,0.22,1,435,0,0,0,462.55,0,0,45,0,90,0,0,,2026-06-27T00:00:00.000Z,,excel-seed
seed-2-rw-88,,,2026-05-11,白,,,2-rw,#2 RW,ACTIVE ASSEMBLY,SB-092C-1,-,553.17,110.63,5,0.22,1,215,0,5,0,308.17,0,0,25,0,33,2,0,,2026-06-27T00:00:00.000Z,,excel-seed
seed-2-rw-89,,,2026-05-11,夜,,,2-rw,#2 RW,ACTIVE ASSEMBLY,SB-092C-1,-,1165.31,233.06,5,0.22,1,525,0,0,0,505.31,0,0,130,5,120,3,0,,2026-06-27T00:00:00.000Z,,excel-seed
seed-2-rw-90,,,2026-05-12,白,,,2-rw,#2 RW,ACTIVE ASSEMBLY,SB-092C-1,-,1189.05,237.81,5,0.22,1,300,0,95,205,529.05,0,0,60,0,63,6,0,,2026-06-27T00:00:00.000Z,,excel-seed
seed-2-rw-91,,,2026-05-12,夜,,,2-rw,#2 RW,ACTIVE ASSEMBLY,SB-092C-1,-,1367.7,273.54,5,0.22,1,570,0,0,0,707.7,0,0,90,0,101,0,0,,2026-06-27T00:00:00.000Z,,excel-seed
seed-2-rw-92,,,2026-05-13,白,,,2-rw,#2 RW,ACTIVE ASSEMBLY,SB-092C-1,-,1056.54,211.31,5,0.22,1,425,0,75,50,396.54,0,0,110,0,112,3,0,,2026-06-27T00:00:00.000Z,,excel-seed
seed-2-rw-93,,,2026-05-13,夜,,,2-rw,#2 RW,Passive Bracket Assembly,SB-042E-2,-,1674.2,334.84,5,0.76,2,560,0,25,0,1014.2,0,0,75,0,470,10,0,,2026-06-27T00:00:00.000Z,,excel-seed
seed-2-rw-94,,,2026-05-14,白,,,2-rw,#2 RW,Passive Bracket Assembly,SB-042E-2,-,1416.23,283.25,5,0.76,2,470,0,60,0,756.23,0,0,130,0,444,6,0,,2026-06-27T00:00:00.000Z,,excel-seed
seed-2-rw-95,,,2026-05-14,夜,,,2-rw,#2 RW,Passive Bracket Assembly,SB-042E-2,-,394.51,78.9,5,0.76,2,110,0,0,0,274.51,0,0,10,0,67,1,0,,2026-06-27T00:00:00.000Z,,excel-seed
seed-2-rw-96,,,2026-05-14,夜,,,2-rw,#2 RW,ACTIVE ASSEMBLY,SB-092C-1,-,331.29,66.26,5,0.22,1,170,0,0,0,141.29,0,0,15,5,45,0,0,,2026-06-27T00:00:00.000Z,,excel-seed
seed-2-rw-97,,,2026-05-15,白,,,2-rw,#2 RW,ACTIVE ASSEMBLY,SB-092C-1,-,1126.75,225.35,5,0.22,1,545,0,10,0,466.75,0,0,105,0,140,7,0,,2026-06-27T00:00:00.000Z,,excel-seed
seed-2-rw-98,,,2026-05-15,夜,,,2-rw,#2 RW,Passive Bracket Assembly,SB-042E-2,-,1556,311.2,5,0.76,2,560,0,30,0,896,0,0,70,0,532,8,0,,2026-06-27T00:00:00.000Z,,excel-seed
seed-2-rw-99,,,2026-05-16,白,,,2-rw,#2 RW,Passive Bracket Assembly,SB-042E-2,-,1288.46,257.69,5,0.76,2,400,0,60,30,628.46,0,0,105,65,416,6,0,,2026-06-27T00:00:00.000Z,,excel-seed
seed-2-rw-100,,,2026-05-16,夜,,,2-rw,#2 RW,Passive Bracket Assembly,SB-042E-2,-,771.29,154.26,5,0.76,2,275,0,0,0,466.29,0,5,25,0,251,7,0,,2026-06-27T00:00:00.000Z,,excel-seed
seed-2-rw-101,,,2026-05-18,白,,,2-rw,#2 RW,Passive Bracket Assembly,SB-042E-2,-,1601.88,320.38,5,0.76,2,460,0,45,95,941.88,0,0,60,0,412,12,0,,2026-06-27T00:00:00.000Z,,excel-seed
seed-2-rw-102,,,2026-05-18,夜,,,2-rw,#2 RW,ACTIVE ASSEMBLY,SB-092C-1,-,944.82,188.96,5,0.22,1,410,0,60,0,369.82,0,0,65,40,100,7,0,,2026-06-27T00:00:00.000Z,,excel-seed
seed-2-rw-103,,,2026-05-19,白,,,2-rw,#2 RW,ACTIVE ASSEMBLY,SB-092C-1,-,745.64,149.13,5,0.22,1,265,0,155,0,200.64,0,0,120,5,77,3,0,,2026-06-27T00:00:00.000Z,,excel-seed
seed-2-rw-104,,,2026-05-20,白,,,2-rw,#2 RW,ACTIVE ASSEMBLY,SB-092C-1,-,919.09,183.82,5,0.22,1,440,0,0,0,439.09,0,0,40,0,97,3,0,,2026-06-27T00:00:00.000Z,,excel-seed
seed-2-rw-105,,,2026-05-20,夜,,,2-rw,#2 RW,ACTIVE ASSEMBLY,SB-092C-1,-,172.5,34.5,5,0.22,1,75,5,0,0,82.5,0,5,5,0,17,0,0,,2026-06-27T00:00:00.000Z,,excel-seed
seed-2-rw-106,,,2026-05-21,白,,,2-rw,#2 RW,ACTIVE ASSEMBLY,SB-092C-1,-,515.14,103.03,5,0.22,1,225,0,40,0,210.14,0,0,35,5,53,1,0,,2026-06-27T00:00:00.000Z,,excel-seed
seed-2-rw-107,,,2026-05-21,夜,,,2-rw,#2 RW,Passive Bracket Assembly,SB-042E-2,-,859.44,171.89,5,0.76,2,245,5,45,0,544.44,0,0,20,0,171,9,0,,2026-06-27T00:00:00.000Z,,excel-seed
seed-2-rw-108,,,2026-05-22,白,,,2-rw,#2 RW,Passive Bracket Assembly,SB-042E-2,-,908.4,181.68,5,0.76,2,315,0,45,0,483.4,0,0,60,5,312,14,0,,2026-06-27T00:00:00.000Z,,excel-seed
seed-2-rw-109,,,2026-05-23,白,,,2-rw,#2 RW,Passive Bracket Assembly,SB-042E-2,-,1519.46,303.89,5,0.76,2,510,0,65,0,859.46,0,0,85,0,460,6,0,,2026-06-27T00:00:00.000Z,,excel-seed
seed-2-rw-110,,,2026-05-23,夜,,,2-rw,#2 RW,Passive Bracket Assembly,SB-042E-2,-,1754.88,350.98,5,0.76,2,575,0,15,0,1094.88,0,0,70,0,459,9,0,,2026-06-27T00:00:00.000Z,,excel-seed
seed-2-rw-111,,,2026-05-25,白,,,2-rw,#2 RW,Passive Bracket Assembly,SB-042E-2,-,1121.78,224.36,5,0.76,2,410,0,45,0,576.78,0,0,85,5,443,5,0,,2026-06-27T00:00:00.000Z,,excel-seed
seed-2-rw-112,,,2026-05-25,夜,,,2-rw,#2 RW,Passive Bracket Assembly,SB-042E-2,-,1212.56,242.51,5,0.76,2,330,5,25,0,677.56,0,0,60,115,248,6,0,,2026-06-27T00:00:00.000Z,,excel-seed
seed-2-rw-113,,,2026-05-26,白,,,2-rw,#2 RW,Passive Bracket Assembly,SB-042E-2,-,1562.5,312.5,5,0.76,2,475,0,105,0,902.5,0,0,80,0,380,6,0,,2026-06-27T00:00:00.000Z,,excel-seed
seed-2-rw-114,,,2026-05-26,夜,,,2-rw,#2 RW,Passive Bracket Assembly,SB-042E-2,-,1743,348.6,5,0.76,2,570,0,20,0,1083,0,0,70,0,456,4,0,,2026-06-27T00:00:00.000Z,,excel-seed
seed-2-rw-115,,,2026-05-27,白,,,2-rw,#2 RW,Passive Bracket Assembly,SB-042E-2,-,1508.84,301.77,5,0.76,2,530,0,30,0,848.84,0,0,100,0,503,11,0,,2026-06-27T00:00:00.000Z,,excel-seed
seed-2-rw-116,,,2026-05-27,夜,,,2-rw,#2 RW,Passive Bracket Assembly,SB-042E-2,-,1676.36,335.27,5,0.76,2,560,0,35,0,1016.36,0,0,65,0,469,5,0,,2026-06-27T00:00:00.000Z,,excel-seed
seed-2-rw-117,,,2026-05-28,白,,,2-rw,#2 RW,Passive Bracket Assembly,SB-042E-2,-,1159.37,231.87,5,0.76,2,265,0,30,0,799.37,0,0,65,0,194,6,0,,2026-06-27T00:00:00.000Z,,excel-seed
seed-2-rw-118,,,2026-05-28,夜,,,2-rw,#2 RW,Passive Bracket Assembly,SB-042E-2,-,1541.6,308.32,5,0.76,2,330,0,0,250,881.6,0,0,70,10,330,6,0,,2026-06-27T00:00:00.000Z,,excel-seed
seed-2-rw-119,,,2026-06-02,白,,,2-rw,#2 RW,Metal Cover 10-Way,NVE96526,-,510,102,5,1,1,175,0,0,5,315,0,0,15,0,100,1,0,,2026-06-27T00:00:00.000Z,,excel-seed
seed-2-rw-120,,,2026-06-02,夜,,,2-rw,#2 RW,Metal Cover 10-Way,NVE96526,-,1707.76,341.55,5,1,1,515,0,0,75,1047.76,0,0,70,0,290,0,0,,2026-06-27T00:00:00.000Z,,excel-seed
seed-2-rw-121,,,2026-06-03,白,,,2-rw,#2 RW,Metal Cover 10-Way,NVE96526,-,1023.2,204.64,5,1,1,415,0,0,0,538.2,0,0,70,0,320,0,0,,2026-06-27T00:00:00.000Z,,excel-seed
seed-2-rw-122,,,2026-06-04,白,,,2-rw,#2 RW,Metal Cover 10-Way,NVE96526,-,1466.4,293.28,5,1,1,575,0,0,0,806.4,0,0,85,0,410,11,0,,2026-06-27T00:00:00.000Z,,excel-seed
seed-2-rw-123,,,2026-06-05,白,,,2-rw,#2 RW,Metal Cover 10-Way,NVE96526,-,1411.28,282.26,5,1,1,425,0,0,0,926.28,0,0,60,0,195,0,0,,2026-06-27T00:00:00.000Z,,excel-seed
seed-2-rw-124,,,2026-06-08,白,,,2-rw,#2 RW,Metal Cover 10-Way,NVE96526,-,1356.91,271.38,5,1,1,385,0,60,0,871.91,0,0,40,0,170,1,0,,2026-06-27T00:00:00.000Z,,excel-seed
seed-2-rw-125,,,2026-06-11,白,,,2-rw,#2 RW,LOWER SHEET METAL ASSEMBLY,10383086,-,563.95,112.79,5,2.4,1,25,0,405,0,78.95,0,0,55,0,19,4,0,,2026-06-27T00:00:00.000Z,,excel-seed
seed-2-rw-126,,,2026-06-11,夜,,,2-rw,#2 RW,LOWER SHEET METAL ASSEMBLY,10383086,-,1577.7,315.54,5,2.4,1,585,0,0,0,917.7,0,0,75,0,895,13,0,,2026-06-27T00:00:00.000Z,,excel-seed
seed-2-rw-127,,,2026-06-12,白,,,2-rw,#2 RW,LOWER SHEET METAL ASSEMBLY,10383086,-,1137.57,227.51,5,2.4,1,410,0,60,70,477.57,0,0,120,0,989,11,0,,2026-06-27T00:00:00.000Z,,excel-seed
seed-2-rw-128,,,2026-06-12,夜,,,2-rw,#2 RW,LOWER SHEET METAL ASSEMBLY,10383086,-,1933.68,386.74,5,2.4,1,575,0,15,0,1273.68,0,0,70,0,623,9,0,,2026-06-27T00:00:00.000Z,,excel-seed
seed-2-rw-129,,,2026-06-13,白,,,2-rw,#2 RW,LOWER SHEET METAL ASSEMBLY,10383086,-,1111.69,222.34,5,2.4,1,455,0,115,0,451.69,0,0,90,0,1100,12,0,,2026-06-27T00:00:00.000Z,,excel-seed
seed-2-rw-130,,,2026-06-18,夜,,,2-rw,#2 RW,ACTIVE ASSEMBLY,SB-092C-1,-,148.25,29.65,5,0.22,1,15,5,80,0,8.25,0,0,15,25,8,0,1,,2026-06-27T00:00:00.000Z,,excel-seed
seed-2-rw-131,,,2026-06-19,白,,,2-rw,#2 RW,ACTIVE ASSEMBLY,SB-092C-1,-,1008.83,201.77,5,0.22,1,345,0,115,110,348.83,0,0,90,0,99,2,1,,2026-06-27T00:00:00.000Z,,excel-seed
seed-2-rw-132,,,2026-06-19,夜,,,2-rw,#2 RW,ACTIVE ASSEMBLY,SB-092C-1,-,162.54,32.51,5,0.22,1,15,5,120,0,2.54,0,0,15,5,26,0,1,,2026-06-27T00:00:00.000Z,,excel-seed
seed-2-rw-133,,,2026-06-20,白,,,2-rw,#2 RW,ACTIVE ASSEMBLY,SB-092C-1,-,977.9,195.58,5,0.22,1,340,0,110,50,317.9,35,0,90,35,100,4,1,,2026-06-27T00:00:00.000Z,,excel-seed
seed-2-rw-134,,,2026-06-20,夜,,,2-rw,#2 RW,ACTIVE ASSEMBLY,SB-092C-1,-,290,58,5,0.22,1,5,5,265,0,0,0,0,15,0,0,0,2,,2026-06-27T00:00:00.000Z,,excel-seed
seed-2-rw-135,,,2026-06-22,白,,,2-rw,#2 RW,ACTIVE ASSEMBLY,SB-092C-1,-,966.45,193.29,5,0.22,1,320,0,190,50,306.45,0,0,100,0,85,2,3,,2026-06-27T00:00:00.000Z,,excel-seed
seed-2-rw-136,,,2026-06-22,夜,,,2-rw,#2 RW,ACTIVE ASSEMBLY,SB-092C-1,-,110,22,5,0.22,1,5,5,95,0,0,0,0,0,5,0,0,2,,2026-06-27T00:00:00.000Z,,excel-seed
seed-2-rw-137,,,2026-06-23,白,,,2-rw,#2 RW,ACTIVE ASSEMBLY,SB-092C-1,-,973.72,194.74,5,0.22,1,310,0,220,35,313.72,0,0,95,0,75,4,4,,2026-06-27T00:00:00.000Z,,excel-seed
seed-2-rw-138,,,2026-06-23,夜,,,2-rw,#2 RW,ACTIVE ASSEMBLY,SB-092C-1,-,342.46,68.49,5,0.22,1,155,0,55,0,112.46,0,0,15,5,47,3,0,,2026-06-27T00:00:00.000Z,,excel-seed
seed-2-rw-139,,,2026-06-24,白,,,2-rw,#2 RW,ACTIVE ASSEMBLY,SB-092C-1,-,796.83,159.37,5,0.22,1,290,0,215,0,196.83,0,0,90,5,94,2,1,,2026-06-27T00:00:00.000Z,,excel-seed
seed-3-rw-1,,,2026-01-23,白,,,3-rw,#3 RW,Retainer comp knee,1185577-AD,-,660,132,5,0.5,1,625,0,0,0,0,0,0,35,0,0,120,0,,2026-06-27T00:00:00.000Z,,excel-seed
seed-3-rw-2,,,2026-01-28,白,,,3-rw,#3 RW,Retainer comp knee,1185577-AD,-,483.95,96.79,5,0.5,1,135,0,40,0,293.95,0,0,15,0,31,1,0,,2026-06-27T00:00:00.000Z,,excel-seed
seed-3-rw-3,,,2026-01-29,白,,,3-rw,#3 RW,Retainer comp knee,1185577-AD,-,820,164,5,0.5,1,110,0,55,0,605,0,0,50,0,10,0,0,,2026-06-27T00:00:00.000Z,,excel-seed
seed-3-rw-4,,,2026-02-04,白,,,3-rw,#3 RW,Retainer comp knee,1185577-AD,-,300,60,5,0.5,1,170,0,10,0,0,0,0,40,80,0,37,0,,2026-06-27T00:00:00.000Z,,excel-seed
seed-3-rw-5,,,2026-02-05,白,,,3-rw,#3 RW,Retainer comp knee,1185577-AD,-,480,96,5,0.5,1,470,0,0,0,0,0,0,10,0,0,27,0,,2026-06-27T00:00:00.000Z,,excel-seed
seed-3-rw-6,,,2026-02-06,白,,,3-rw,#3 RW,Retainer comp knee,1185577-AD,-,370,74,5,0.5,1,325,0,5,0,0,0,0,40,0,0,26,0,,2026-06-27T00:00:00.000Z,,excel-seed
seed-3-rw-7,,,2026-02-07,白,,,3-rw,#3 RW,Retainer comp knee,1185577-AD,-,3185.42,637.08,5,0.5,1,730,0,150,0,2220.42,0,0,85,0,120,39,0,,2026-06-27T00:00:00.000Z,,excel-seed
seed-3-rw-8,,,2026-02-09,白,,,3-rw,#3 RW,Retainer comp knee,1185577-AD,-,251.04,50.21,5,0.5,1,55,0,5,0,126.04,0,0,65,0,12,2,0,,2026-06-27T00:00:00.000Z,,excel-seed
seed-3-rw-9,,,2026-02-10,白,,,3-rw,#3 RW,Retainer comp knee,1185577-AD,-,82.5,16.5,5,0.5,1,5,0,55,0,12.5,0,0,10,0,1,0,0,,2026-06-27T00:00:00.000Z,,excel-seed
seed-3-rw-10,,,2026-02-26,白,,,3-rw,#3 RW,Retainer comp knee,1185577-AD,-,120,24,5,0.5,1,20,0,95,0,0,0,0,5,0,0,3,0,,2026-06-27T00:00:00.000Z,,excel-seed
seed-3-rw-11,,,2026-03-13,白,,,3-rw,#3 RW,Retainer comp knee,1185577-AD,-,1578.92,315.78,5,0.5,1,295,0,285,0,988.92,0,0,10,0,44,24,0,,2026-06-27T00:00:00.000Z,,excel-seed
seed-3-rw-12,,,2026-03-14,白,,,3-rw,#3 RW,Retainer comp knee,1185577-AD,-,2234.14,446.83,5,0.5,1,410,0,160,0,1449.14,0,0,215,0,58,14,0,,2026-06-27T00:00:00.000Z,,excel-seed
seed-3-rw-13,,,2026-04-09,白,,,3-rw,#3 RW,Retainer comp knee,1185577-AD,-,660,132,5,0.5,1,415,0,110,0,0,0,0,135,0,0,96,0,,2026-06-27T00:00:00.000Z,,excel-seed
seed-3-rw-14,,,2026-05-10,白,,,3-rw,#3 RW,Retainer comp knee,1185577-AD,-,2016.52,403.3,5,0.5,1,505,0,55,0,1356.52,0,0,100,0,94,2,0,,2026-06-27T00:00:00.000Z,,excel-seed
seed-3-rw-15,,,2026-05-21,白,,,3-rw,#3 RW,Retainer comp knee,1185577-AD,-,697.45,139.49,5,0.5,1,250,0,105,0,332.45,0,0,10,0,94,2,0,,2026-06-27T00:00:00.000Z,,excel-seed
seed-3-rw-16,,,2026-06-04,白,,,3-rw,#3 RW,Retainer comp knee,1185577-AD,-,732.05,146.41,5,0.5,1,285,0,10,0,432.05,0,0,5,0,94,2,0,,2026-06-27T00:00:00.000Z,,excel-seed
seed-3-rw-17,,,2026-06-08,白,,,3-rw,#3 RW,Retainer comp knee,1185577-AD,-,1215.03,243.01,5,0.5,1,470,0,75,0,555.03,0,0,115,0,199,5,0,,2026-06-27T00:00:00.000Z,,excel-seed
seed-3-rw-18,,,2026-06-15,白,,,3-rw,#3 RW,Retainer comp knee,1185577-AD,-,941.32,188.26,5,0.5,1,285,0,120,0,456.32,0,0,80,0,89,11,0,,2026-06-27T00:00:00.000Z,,excel-seed
seed-sw1-spot-1,,,2026-01-13,白,,,sw1-spot,SW1# spot,BRKT (FE),TH-538A-3,-,711.84,142.37,5,1,1,315,0,10,0,291.84,0,0,40,55,340,0,0,,2026-06-27T00:00:00.000Z,,excel-seed
seed-sw1-spot-2,,,2026-01-29,白,,,sw1-spot,SW1# spot,ACTIVE BRACKET UPPER,SB-092C-1-1,4,1026.23,205.25,5,1.57,1,310,60,185,10,366.23,0,0,95,0,505,1,0,,2026-06-27T00:00:00.000Z,,excel-seed
seed-sw1-spot-3,,,2026-01-30,白,,,sw1-spot,SW1# spot,ACTIVE BRACKET UPPER,SB-092C-1-1,4,616.09,123.22,5,1.57,1,295,0,5,0,271.09,0,0,45,0,504,1,0,,2026-06-27T00:00:00.000Z,,excel-seed
seed-sw1-spot-4,,,2026-02-21,白,,,sw1-spot,SW1# spot,ACTIVE BRACKET UPPER,SB-092C-1-1,5,649.73,129.95,5,1.57,1,275,0,5,0,284.73,0,0,85,0,417,1,0,,2026-06-27T00:00:00.000Z,,excel-seed
seed-sw1-spot-5,,,2026-02-21,白,,,sw1-spot,SW1# spot,ACTIVE BRACKET UPPER,SB-092C-1-1,4,493.42,98.68,5,1.57,1,235,0,5,0,208.42,0,0,45,0,416,1,0,,2026-06-27T00:00:00.000Z,,excel-seed
seed-sw1-spot-6,,,2026-03-04,白,,,sw1-spot,SW1# spot,ACTIVE BRACKET UPPER,SB-092C-1-1,4,958.85,191.77,5,1.57,1,495,0,50,0,358.85,0,0,55,0,1072,1,0,,2026-06-27T00:00:00.000Z,,excel-seed
seed-sw1-spot-7,,,2026-03-06,白,,,sw1-spot,SW1# spot,ACTIVE BRACKET UPPER,SB-092C-1-1,4,170.78,34.16,5,1.57,1,50,30,5,0,40.78,0,0,45,0,154,0,0,,2026-06-27T00:00:00.000Z,,excel-seed
seed-sw1-spot-8,,,2026-03-06,白,,,sw1-spot,SW1# spot,ACTIVE BRACKET UPPER,SB-092C-1-1,5,1015.18,203.04,5,1.57,1,300,155,150,0,360.18,0,0,50,0,595,2,0,,2026-06-27T00:00:00.000Z,,excel-seed
seed-sw1-spot-9,,,2026-03-16,白,,,sw1-spot,SW1# spot,ACTIVE BRACKET UPPER,SB-092C-1-1,5,606,121.2,5,1.57,1,220,0,180,0,121,0,0,85,0,628,2,0,,2026-06-27T00:00:00.000Z,,excel-seed
seed-sw1-spot-10,,,2026-03-26,白,,,sw1-spot,SW1# spot,ACTIVE BRACKET UPPER,SB-092C-1-1,5,819.29,163.86,5,1.57,1,190,30,380,0,159.29,0,0,60,0,412,1,0,,2026-06-27T00:00:00.000Z,,excel-seed
seed-sw1-spot-11,,,2026-04-02,白,,,sw1-spot,SW1# spot,ACTIVE BRACKET UPPER,SB-092C-1-1,4,1378.02,275.6,5,1.57,1,575,0,5,0,713.02,0,0,55,30,728,3,0,,2026-06-27T00:00:00.000Z,,excel-seed
seed-sw1-spot-12,,,2026-04-06,白,,,sw1-spot,SW1# spot,ACTIVE BRACKET UPPER,SB-092C-1-1,4,310.76,62.15,5,1.57,1,80,0,100,0,70.76,0,0,60,0,142,1,0,,2026-06-27T00:00:00.000Z,,excel-seed
seed-sw1-spot-13,,,2026-04-06,白,,,sw1-spot,SW1# spot,ACTIVE BRACKET UPPER,SB-092C-1-1,5,704.79,140.96,5,1.57,1,120,0,45,0,284.79,205,0,50,0,215,1,0,,2026-06-27T00:00:00.000Z,,excel-seed
seed-sw1-spot-14,,,2026-04-07,白,,,sw1-spot,SW1# spot,ACTIVE BRACKET UPPER,SB-092C-1-1,5,414.96,82.99,5,1.57,1,145,5,55,0,164.96,0,0,45,0,207,1,0,,2026-06-27T00:00:00.000Z,,excel-seed
seed-sw1-spot-15,,,2026-04-09,白,,,sw1-spot,SW1# spot,ACTIVE BRACKET UPPER,SB-092C-1-1,5,57.3,11.46,5,1.57,1,25,0,5,0,22.3,0,0,5,0,44,1,0,,2026-06-27T00:00:00.000Z,,excel-seed
seed-sw1-spot-16,,,2026-04-10,白,,,sw1-spot,SW1# spot,ACTIVE BRACKET UPPER,SB-092C-1-1,5,1515.56,303.11,5,1.57,1,585,0,5,0,855.56,0,0,70,0,628,1,0,,2026-06-27T00:00:00.000Z,,excel-seed
seed-sw1-spot-17,,,2026-04-17,白,,,sw1-spot,SW1# spot,ACTIVE BRACKET UPPER,SB-092C-1-1,4,769.46,153.89,5,1.57,1,340,0,110,0,289.46,0,0,30,0,627,1,0,,2026-06-27T00:00:00.000Z,,excel-seed
seed-sw1-spot-18,,,2026-04-27,白,,,sw1-spot,SW1# spot,ACTIVE BRACKET UPPER,SB-092C-1-1,4,892.71,178.54,5,1.57,1,430,0,5,0,407.71,0,0,50,0,712,1,0,,2026-06-27T00:00:00.000Z,,excel-seed
seed-sw1-spot-19,,,2026-04-28,白,,,sw1-spot,SW1# spot,ACTIVE BRACKET UPPER,SB-092C-1-1,5,1536.88,307.38,5,1.57,1,475,0,40,205,756.88,0,0,60,0,670,2,0,,2026-06-27T00:00:00.000Z,,excel-seed
seed-sw1-spot-20,,,2026-04-29,白,,,sw1-spot,SW1# spot,ACTIVE BRACKET UPPER,SB-092C-1-1,5,415.85,83.17,5,1.57,1,85,0,5,0,290.85,0,0,35,0,39,0,0,,2026-06-27T00:00:00.000Z,,excel-seed
seed-sw1-spot-21,,,2026-05-04,白,,,sw1-spot,SW1# spot,ACTIVE BRACKET UPPER,SB-092C-1-1,4,1071.87,214.37,5,1.57,1,520,0,5,0,481.87,0,0,50,15,881,1,0,,2026-06-27T00:00:00.000Z,,excel-seed
seed-sw1-spot-22,,,2026-05-05,白,,,sw1-spot,SW1# spot,ACTIVE BRACKET UPPER,SB-092C-1-1,4,205.38,41.08,5,1.57,1,90,5,30,0,80.38,0,0,0,0,167,1,0,,2026-06-27T00:00:00.000Z,,excel-seed
seed-sw1-spot-23,,,2026-05-05,白,,,sw1-spot,SW1# spot,ACTIVE BRACKET UPPER,SB-092C-1-1,5,816.58,163.32,5,1.57,1,380,0,35,0,361.58,0,0,40,0,627,2,0,,2026-06-27T00:00:00.000Z,,excel-seed
seed-sw1-spot-24,,,2026-05-06,白,,,sw1-spot,SW1# spot,ACTIVE BRACKET UPPER,SB-092C-1-1,5,551,110.2,5,1.57,1,255,0,10,0,246,0,0,40,0,415,2,0,,2026-06-27T00:00:00.000Z,,excel-seed
seed-sw1-spot-25,,,2026-05-13,白,,,sw1-spot,SW1# spot,ACTIVE BRACKET UPPER,SB-092C-1-1,5,467.8,93.56,5,1.57,1,105,5,45,0,262.8,0,0,50,0,69,1,0,,2026-06-27T00:00:00.000Z,,excel-seed
seed-sw1-spot-26,,,2026-05-14,白,,,sw1-spot,SW1# spot,ACTIVE BRACKET UPPER,SB-092C-1-1,4,195.09,39.02,5,1.57,1,55,5,20,0,75.09,0,0,40,0,69,1,0,,2026-06-27T00:00:00.000Z,,excel-seed
seed-sw1-spot-27,,,2026-06-02,白,,,sw1-spot,SW1# spot,ACTIVE BRACKET UPPER,SB-092C-1-1,4,409.63,81.93,5,1.57,1,140,0,0,0,154.63,0,0,110,5,199,1,0,,2026-06-27T00:00:00.000Z,,excel-seed
seed-sw1-spot-28,,,2026-06-15,白,,,sw1-spot,SW1# spot,ACTIVE BRACKET UPPER,SB-092C-1-1,4,1210.5,242.1,5,1.57,1,470,0,95,0,550.5,0,0,95,0,630,2,0,,2026-06-27T00:00:00.000Z,,excel-seed
seed-sw1-spot-29,,,2026-06-15,夜,,,sw1-spot,SW1# spot,ACTIVE BRACKET UPPER,SB-092C-1-1,4,947.11,189.42,5,1.57,1,410,0,15,0,467.11,0,0,55,0,565,1,0,,2026-06-27T00:00:00.000Z,,excel-seed
seed-sw1-spot-30,,,2026-06-18,白,,,sw1-spot,SW1# spot,ACTIVE BRACKET UPPER,SB-092C-1-1,5,825.74,165.15,5,1.57,1,365,0,35,0,335.74,0,0,65,25,623,0,2,,2026-06-27T00:00:00.000Z,,excel-seed
seed-sw1-spot-31,,,2026-06-18,夜,,,sw1-spot,SW1# spot,ACTIVE BRACKET UPPER,SB-092C-1-1,5,500.6,100.12,5,1.57,1,225,0,15,0,190.6,0,0,20,50,417,0,2,,2026-06-27T00:00:00.000Z,,excel-seed
seed-sw1-spot-32,,,2026-06-21,白,,,sw1-spot,SW1# spot,BRKT (FE),TH-538A-3,-,890.94,178.19,5,1,1,380,0,110,0,285.94,0,0,60,55,505,2,0,,2026-06-27T00:00:00.000Z,,excel-seed
seed-sw1-spot-33,,,2026-06-22,白,,,sw1-spot,SW1# spot,BRKT (FE),TH-538A-3,-,700.89,140.18,5,1,1,340,0,5,0,275.89,0,0,75,5,419,1,2,,2026-06-27T00:00:00.000Z,,excel-seed
seed-sw-2-spot-1,,,2026-01-05,白,,,sw-2-spot,SW#2 Spot,UPPER PLATE,TM-755A-1,-,926.38,185.28,5,10,1,400,0,30,0,441.38,0,0,55,0,3625,0,0,,2026-06-27T00:00:00.000Z,,excel-seed
seed-sw-2-spot-2,,,2026-01-06,白,,,sw-2-spot,SW#2 Spot,UPPER PLATE,TM-755A-1,-,1233.19,246.64,5,10,1,520,0,15,35,573.19,0,0,90,0,5035,0,0,,2026-06-27T00:00:00.000Z,,excel-seed
seed-sw-2-spot-3,,,2026-01-07,白,,,sw-2-spot,SW#2 Spot,UPPER PLATE,TM-755A-1,-,1175.6,235.12,5,10,1,475,0,15,80,515.6,0,0,90,0,5113,0,0,,2026-06-27T00:00:00.000Z,,excel-seed
seed-sw-2-spot-4,,,2026-01-08,白,,,sw-2-spot,SW#2 Spot,UPPER PLATE,TM-755A-1,-,1163.74,232.75,5,10,1,500,0,15,25,503.74,0,0,90,30,5211,0,0,,2026-06-27T00:00:00.000Z,,excel-seed
seed-sw-2-spot-5,,,2026-01-09,白,,,sw-2-spot,SW#2 Spot,UPPER PLATE,TM-755A-1,-,550.46,110.09,5,10,1,205,0,10,65,225.46,0,0,40,5,2455,0,0,,2026-06-27T00:00:00.000Z,,excel-seed
seed-sw-2-spot-6,,,2026-01-12,白,,,sw-2-spot,SW#2 Spot,UPPER PLATE,TM-755A-1,-,926.48,185.3,5,10,1,380,0,25,30,441.48,0,0,50,0,3529,0,0,,2026-06-27T00:00:00.000Z,,excel-seed
seed-sw-2-spot-7,,,2026-01-13,白,,,sw-2-spot,SW#2 Spot,UPPER PLATE,TM-755A-1,-,921.8,184.36,5,10,1,410,0,5,30,436.8,0,0,40,0,4130,0,0,,2026-06-27T00:00:00.000Z,,excel-seed
seed-sw-2-spot-8,,,2026-01-14,白,,,sw-2-spot,SW#2 Spot,UPPER PLATE,TM-755A-1,-,1502.38,300.48,5,10,1,645,0,25,25,717.38,0,0,90,0,6024,0,0,,2026-06-27T00:00:00.000Z,,excel-seed
seed-sw-2-spot-9,,,2026-01-15,白,,,sw-2-spot,SW#2 Spot,UPPER PLATE,TM-755A-1,-,957.22,191.44,5,10,1,425,0,10,0,472.22,0,0,50,0,3825,0,0,,2026-06-27T00:00:00.000Z,,excel-seed
seed-sw-2-spot-10,,,2026-01-16,白,,,sw-2-spot,SW#2 Spot,UPPER PLATE,TM-755A-1,-,1266.92,253.38,5,10,1,540,0,20,25,606.92,0,0,75,0,5027,0,0,,2026-06-27T00:00:00.000Z,,excel-seed
seed-sw-2-spot-11,,,2026-01-17,白,,,sw-2-spot,SW#2 Spot,UPPER PLATE,TM-755A-1,-,1533.97,306.79,5,10,1,665,0,20,20,748.97,0,0,80,0,6082,0,0,,2026-06-27T00:00:00.000Z,,excel-seed
seed-sw-2-spot-12,,,2026-01-19,白,,,sw-2-spot,SW#2 Spot,UPPER PLATE,TM-755A-1,-,1488.57,297.71,5,10,1,660,0,15,15,703.57,0,0,95,0,6332,0,0,,2026-06-27T00:00:00.000Z,,excel-seed
seed-sw-2-spot-13,,,2026-01-20,白,,,sw-2-spot,SW#2 Spot,UPPER PLATE,TM-755A-1,-,1507.2,301.44,5,10,1,660,0,15,25,722.2,0,0,85,0,6260,0,0,,2026-06-27T00:00:00.000Z,,excel-seed
seed-sw-2-spot-14,,,2026-01-21,白,,,sw-2-spot,SW#2 Spot,UPPER PLATE,TM-755A-1,-,1404.45,280.89,5,10,1,665,0,20,15,619.45,0,0,85,0,7300,0,0,,2026-06-27T00:00:00.000Z,,excel-seed
seed-sw-2-spot-15,,,2026-01-22,白,,,sw-2-spot,SW#2 Spot,UPPER PLATE,TM-755A-1,-,1488.4,297.68,5,10,1,665,0,20,20,703.4,0,0,80,0,6476,0,0,,2026-06-27T00:00:00.000Z,,excel-seed
seed-sw-2-spot-16,,,2026-01-23,白,,,sw-2-spot,SW#2 Spot,UPPER PLATE,TM-755A-1,-,1523.2,304.64,5,10,1,675,0,15,20,738.2,0,0,75,0,6355,0,0,,2026-06-27T00:00:00.000Z,,excel-seed
seed-sw-2-spot-17,,,2026-01-24,白,,,sw-2-spot,SW#2 Spot,UPPER PLATE,TM-755A-1,-,1265.44,253.09,5,10,1,545,0,15,20,605.44,0,0,80,0,5086,0,0,,2026-06-27T00:00:00.000Z,,excel-seed
seed-sw-2-spot-18,,,2026-01-26,白,,,sw-2-spot,SW#2 Spot,UPPER PLATE,TM-755A-1,-,895.46,179.09,5,10,1,380,0,10,0,410.46,0,0,55,40,3518,0,0,,2026-06-27T00:00:00.000Z,,excel-seed
seed-sw-2-spot-19,,,2026-01-27,白,,,sw-2-spot,SW#2 Spot,UPPER PLATE,TM-755A-1,-,339.61,67.92,5,10,1,95,0,5,0,99.61,0,0,20,120,906,0,0,,2026-06-27T00:00:00.000Z,,excel-seed
seed-sw-2-spot-20,,,2026-02-06,白,,,sw-2-spot,SW#2 Spot,UPPER PLATE,TM-755A-1,-,616.84,123.37,5,10,1,240,0,5,20,311.84,0,0,40,0,2001,0,0,,2026-06-27T00:00:00.000Z,,excel-seed
seed-sw-2-spot-21,,,2026-02-07,白,,,sw-2-spot,SW#2 Spot,UPPER PLATE,TM-755A-1,-,1565.93,313.19,5,10,1,635,0,20,35,780.93,0,0,95,0,5448,0,0,,2026-06-27T00:00:00.000Z,,excel-seed
seed-sw-2-spot-22,,,2026-02-09,白,,,sw-2-spot,SW#2 Spot,UPPER PLATE,TM-755A-1,-,1546.59,309.32,5,10,1,570,0,15,70,761.59,0,0,130,0,4790,0,0,,2026-06-27T00:00:00.000Z,,excel-seed
seed-sw-2-spot-23,,,2026-02-10,白,,,sw-2-spot,SW#2 Spot,UPPER PLATE,TM-755A-1,-,1522.2,304.44,5,10,1,640,0,15,35,737.2,0,0,95,0,5860,0,0,,2026-06-27T00:00:00.000Z,,excel-seed
seed-sw-2-spot-24,,,2026-02-11,白,,,sw-2-spot,SW#2 Spot,UPPER PLATE,TM-755A-1,-,934.16,186.83,5,10,1,390,0,20,20,449.16,0,0,55,0,3560,0,0,,2026-06-27T00:00:00.000Z,,excel-seed
seed-sw-2-spot-25,,,2026-02-12,白,,,sw-2-spot,SW#2 Spot,UPPER PLATE,TM-755A-1,-,1495.44,299.09,5,10,1,650,0,15,20,710.44,0,0,100,0,6130,0,0,,2026-06-27T00:00:00.000Z,,excel-seed
seed-sw-2-spot-26,,,2026-02-13,白,,,sw-2-spot,SW#2 Spot,UPPER PLATE,TM-755A-1,-,1555.9,311.18,5,10,1,650,0,15,45,770.9,0,0,75,0,5860,0,0,,2026-06-27T00:00:00.000Z,,excel-seed
seed-sw-2-spot-27,,,2026-02-14,白,,,sw-2-spot,SW#2 Spot,UPPER PLATE,TM-755A-1,-,1532.69,306.54,5,10,1,655,0,15,25,747.69,0,0,90,0,5957,0,0,,2026-06-27T00:00:00.000Z,,excel-seed
seed-sw-2-spot-28,,,2026-02-16,白,,,sw-2-spot,SW#2 Spot,UPPER PLATE,TM-755A-1,-,1445.18,289.04,5,10,1,630,0,20,35,660.18,0,0,100,0,6346,0,0,,2026-06-27T00:00:00.000Z,,excel-seed
seed-sw-2-spot-29,,,2026-02-17,白,,,sw-2-spot,SW#2 Spot,UPPER PLATE,TM-755A-1,-,1493.44,298.69,5,10,1,645,0,25,25,708.44,0,0,90,0,6100,0,0,,2026-06-27T00:00:00.000Z,,excel-seed
seed-sw-2-spot-30,,,2026-02-18,白,,,sw-2-spot,SW#2 Spot,UPPER PLATE,TM-755A-1,-,1521.5,304.3,5,10,1,670,0,15,20,736.5,0,0,80,0,6277,0,0,,2026-06-27T00:00:00.000Z,,excel-seed
seed-sw-2-spot-31,,,2026-02-19,白,,,sw-2-spot,SW#2 Spot,UPPER PLATE,TM-755A-1,-,1524,304.8,5,10,1,655,0,15,40,739,0,0,75,0,6160,0,0,,2026-06-27T00:00:00.000Z,,excel-seed
seed-sw-2-spot-32,,,2026-02-20,白,,,sw-2-spot,SW#2 Spot,UPPER PLATE,TM-755A-1,-,1462.59,292.52,5,10,1,655,0,20,20,677.59,0,0,90,0,6525,0,0,,2026-06-27T00:00:00.000Z,,excel-seed
seed-sw-2-spot-33,,,2026-02-21,白,,,sw-2-spot,SW#2 Spot,UPPER PLATE,TM-755A-1,-,1487.77,297.55,5,10,1,645,0,15,35,702.77,0,0,90,0,6241,0,0,,2026-06-27T00:00:00.000Z,,excel-seed
seed-sw-2-spot-34,,,2026-02-23,白,,,sw-2-spot,SW#2 Spot,UPPER PLATE,TM-755A-1,-,1411.04,282.21,5,10,1,580,0,20,55,626.04,0,0,130,0,5883,0,0,,2026-06-27T00:00:00.000Z,,excel-seed
seed-sw-2-spot-35,,,2026-02-24,白,,,sw-2-spot,SW#2 Spot,UPPER PLATE,TM-755A-1,-,1328.34,265.67,5,10,1,535,0,15,30,603.34,0,0,65,80,5010,0,0,,2026-06-27T00:00:00.000Z,,excel-seed
seed-sw-2-spot-36,,,2026-02-25,白,,,sw-2-spot,SW#2 Spot,UPPER PLATE,TM-755A-1,-,1524.77,304.95,5,10,1,580,0,15,90,739.77,0,0,100,0,5253,0,0,,2026-06-27T00:00:00.000Z,,excel-seed
seed-sw-2-spot-37,,,2026-02-26,白,,,sw-2-spot,SW#2 Spot,UPPER PLATE,TM-755A-1,-,905.54,181.11,5,10,1,375,0,10,35,420.54,0,0,65,0,3656,0,0,,2026-06-27T00:00:00.000Z,,excel-seed
seed-sw-2-spot-38,,,2026-02-27,白,,,sw-2-spot,SW#2 Spot,UPPER PLATE,TM-755A-1,-,915.39,183.08,5,10,1,380,0,10,30,430.39,0,0,65,0,3620,0,0,,2026-06-27T00:00:00.000Z,,excel-seed
seed-sw-2-spot-39,,,2026-03-02,白,,,sw-2-spot,SW#2 Spot,UPPER PLATE,TM-755A-1,-,958.8,191.76,5,10,1,330,0,10,95,448.8,0,0,75,0,3125,0,0,,2026-06-27T00:00:00.000Z,,excel-seed
seed-sw-2-spot-40,,,2026-03-03,白,,,sw-2-spot,SW#2 Spot,UPPER PLATE,TM-755A-1,-,821.63,164.33,5,10,1,295,5,15,45,396.63,0,0,65,0,2566,0,0,,2026-06-27T00:00:00.000Z,,excel-seed
seed-sw-2-spot-41,,,2026-03-04,白,,,sw-2-spot,SW#2 Spot,UPPER PLATE,TM-755A-1,-,1301.57,260.31,5,10,1,485,0,10,60,641.57,0,0,105,0,4120,0,0,,2026-06-27T00:00:00.000Z,,excel-seed
seed-sw-2-spot-42,,,2026-03-10,白,,,sw-2-spot,SW#2 Spot,UPPER PLATE,TM-755A-1,-,602.59,120.52,5,10,1,190,0,5,70,297.59,0,0,40,0,1660,0,0,,2026-06-27T00:00:00.000Z,,excel-seed
seed-sw-2-spot-43,,,2026-03-11,白,,,sw-2-spot,SW#2 Spot,UPPER PLATE,TM-755A-1,-,1651.98,330.4,5,10,1,625,0,15,45,866.98,0,0,100,0,4830,0,0,,2026-06-27T00:00:00.000Z,,excel-seed
seed-sw-2-spot-44,,,2026-03-12,白,,,sw-2-spot,SW#2 Spot,UPPER PLATE,TM-755A-1,-,1563.02,312.6,5,10,1,635,0,15,45,778.02,0,0,90,0,5550,0,0,,2026-06-27T00:00:00.000Z,,excel-seed
seed-sw-2-spot-45,,,2026-03-13,白,,,sw-2-spot,SW#2 Spot,UPPER PLATE,TM-755A-1,-,1365.38,273.07,5,10,1,495,0,25,75,705.38,0,0,65,0,4000,0,0,,2026-06-27T00:00:00.000Z,,excel-seed
seed-sw-2-spot-46,,,2026-03-14,白,,,sw-2-spot,SW#2 Spot,UPPER PLATE,TM-755A-1,-,175.88,35.18,5,10,1,60,5,5,0,75.88,0,0,30,0,514,0,0,,2026-06-27T00:00:00.000Z,,excel-seed
seed-sw-2-spot-47,,,2026-03-16,白,,,sw-2-spot,SW#2 Spot,UPPER PLATE,TM-755A-1,-,1192.66,238.53,5,10,1,445,0,10,90,582.66,0,0,65,0,4086,0,0,,2026-06-27T00:00:00.000Z,,excel-seed
seed-sw-2-spot-48,,,2026-03-17,白,,,sw-2-spot,SW#2 Spot,UPPER PLATE,TM-755A-1,-,1495.63,299.13,5,10,1,620,0,15,70,710.63,0,0,80,0,6020,0,0,,2026-06-27T00:00:00.000Z,,excel-seed
seed-sw-2-spot-49,,,2026-03-18,白,,,sw-2-spot,SW#2 Spot,UPPER PLATE,TM-755A-1,-,1548.64,309.73,5,10,1,630,0,15,50,763.64,0,0,90,0,5610,0,0,,2026-06-27T00:00:00.000Z,,excel-seed
seed-sw-2-spot-50,,,2026-03-19,白,,,sw-2-spot,SW#2 Spot,UPPER PLATE,TM-755A-1,-,1624.92,324.98,5,10,1,580,0,15,60,904.92,0,0,65,0,4102,0,0,,2026-06-27T00:00:00.000Z,,excel-seed
seed-sw-2-spot-51,,,2026-03-20,白,,,sw-2-spot,SW#2 Spot,UPPER PLATE,TM-755A-1,-,1459.15,291.83,5,10,1,565,0,15,65,674.15,0,0,100,40,5280,0,0,,2026-06-27T00:00:00.000Z,,excel-seed
seed-sw-2-spot-52,,,2026-03-21,白,,,sw-2-spot,SW#2 Spot,UPPER PLATE,TM-755A-1,-,1549.95,309.99,5,10,1,600,0,35,65,764.95,0,0,85,0,5216,0,0,,2026-06-27T00:00:00.000Z,,excel-seed
seed-sw-2-spot-53,,,2026-03-23,白,,,sw-2-spot,SW#2 Spot,UPPER PLATE,TM-755A-1,-,1477.98,295.6,5,10,1,565,0,15,105,727.98,0,0,65,0,5200,0,0,,2026-06-27T00:00:00.000Z,,excel-seed
seed-sw-2-spot-54,,,2026-03-24,白,,,sw-2-spot,SW#2 Spot,UPPER PLATE,TM-755A-1,-,697.7,139.54,5,10,1,270,5,10,0,397.7,0,0,15,0,1867,0,0,,2026-06-27T00:00:00.000Z,,excel-seed
seed-sw-2-spot-55,,,2026-03-26,白,,,sw-2-spot,SW#2 Spot,UPPER PLATE,TM-755A-1,-,335.5,67.1,5,10,1,105,0,5,0,220.5,0,0,5,0,500,0,0,,2026-06-27T00:00:00.000Z,,excel-seed
seed-sw-2-spot-56,,,2026-03-27,白,,,sw-2-spot,SW#2 Spot,UPPER PLATE,TM-755A-1,-,1110.61,222.12,5,10,1,320,0,20,110,630.61,0,0,30,0,2182,0,0,,2026-06-27T00:00:00.000Z,,excel-seed
seed-sw-2-spot-57,,,2026-03-28,白,,,sw-2-spot,SW#2 Spot,UPPER PLATE,TM-755A-1,-,1154.39,230.88,5,10,1,445,0,15,0,559.39,0,0,65,70,3540,0,0,,2026-06-27T00:00:00.000Z,,excel-seed
seed-sw-2-spot-58,,,2026-03-29,白,,,sw-2-spot,SW#2 Spot,UPPER PLATE,TM-755A-1,-,1381.47,276.29,5,10,1,525,0,15,35,721.47,0,0,85,0,4075,0,0,,2026-06-27T00:00:00.000Z,,excel-seed
seed-sw-2-spot-59,,,2026-03-30,白,,,sw-2-spot,SW#2 Spot,UPPER PLATE,TM-755A-1,-,1423.89,284.78,5,10,1,425,0,15,125,763.89,0,0,95,0,3060,0,0,,2026-06-27T00:00:00.000Z,,excel-seed
seed-sw-2-spot-60,,,2026-03-31,白,,,sw-2-spot,SW#2 Spot,UPPER PLATE,TM-755A-1,-,1327.57,265.51,5,10,1,510,0,15,45,667.57,0,0,90,0,4240,0,0,,2026-06-27T00:00:00.000Z,,excel-seed
seed-sw-2-spot-61,,,2026-04-01,白,,,sw-2-spot,SW#2 Spot,UPPER PLATE,TM-755A-1,-,1034.29,206.86,5,10,1,405,0,10,0,594.29,0,0,25,0,2760,0,0,,2026-06-27T00:00:00.000Z,,excel-seed
seed-sw-2-spot-62,,,2026-04-02,白,,,sw-2-spot,SW#2 Spot,UPPER PLATE,TM-755A-1,-,1623.5,324.7,5,10,1,520,0,20,125,838.5,0,0,90,30,4000,0,0,,2026-06-27T00:00:00.000Z,,excel-seed
seed-sw-2-spot-63,,,2026-04-03,白,,,sw-2-spot,SW#2 Spot,UPPER PLATE,TM-755A-1,-,1134.67,226.93,5,10,1,420,0,25,95,539.67,0,0,55,0,4008,2,0,,2026-06-27T00:00:00.000Z,,excel-seed
seed-sw-2-spot-64,,,2026-04-03,夜,,,sw-2-spot,SW#2 Spot,UPPER PLATE,TM-755A-1,-,1481.22,296.24,5,10,1,575,0,5,0,821.22,0,0,80,0,4026,0,0,,2026-06-27T00:00:00.000Z,,excel-seed
seed-sw-2-spot-65,,,2026-04-04,白,,,sw-2-spot,SW#2 Spot,UPPER PLATE,TM-755A-1,-,1409.72,281.94,5,10,1,560,0,30,80,624.72,0,0,115,0,5737,1,0,,2026-06-27T00:00:00.000Z,,excel-seed
seed-sw-2-spot-66,,,2026-04-04,夜,,,sw-2-spot,SW#2 Spot,UPPER PLATE,TM-755A-1,-,1096.75,219.35,5,10,1,445,0,5,0,611.75,0,0,35,0,3237,0,0,,2026-06-27T00:00:00.000Z,,excel-seed
seed-sw-2-spot-67,,,2026-04-06,白,,,sw-2-spot,SW#2 Spot,UPPER PLATE,TM-755A-1,-,1041.57,208.31,5,10,1,375,0,20,110,436.57,0,0,100,0,4166,0,0,,2026-06-27T00:00:00.000Z,,excel-seed
seed-sw-2-spot-68,,,2026-04-06,夜,,,sw-2-spot,SW#2 Spot,UPPER PLATE,TM-755A-1,-,1404.6,280.92,5,10,1,540,0,15,35,744.6,0,0,70,0,4170,0,0,,2026-06-27T00:00:00.000Z,,excel-seed
seed-sw-2-spot-69,,,2026-04-07,白,,,sw-2-spot,SW#2 Spot,UPPER PLATE,TM-755A-1,-,1182.2,236.44,5,10,1,525,0,10,35,522.2,0,0,90,0,5630,0,0,,2026-06-27T00:00:00.000Z,,excel-seed
seed-sw-2-spot-70,,,2026-04-07,夜,,,sw-2-spot,SW#2 Spot,UPPER PLATE,TM-755A-1,-,998.1,199.62,5,10,1,355,0,10,0,578.1,0,0,55,0,2180,0,0,,2026-06-27T00:00:00.000Z,,excel-seed
seed-sw-2-spot-71,,,2026-04-08,白,,,sw-2-spot,SW#2 Spot,UPPER PLATE,TM-755A-1,-,1010.86,202.17,5,10,1,330,0,20,40,350.86,0,0,90,180,3480,2,0,,2026-06-27T00:00:00.000Z,,excel-seed
seed-sw-2-spot-72,,,2026-04-08,夜,,,sw-2-spot,SW#2 Spot,UPPER PLATE,TM-755A-1,-,1078.07,215.61,5,10,1,420,0,10,20,593.07,0,0,35,0,3116,0,0,,2026-06-27T00:00:00.000Z,,excel-seed
seed-sw-2-spot-73,,,2026-04-09,白,,,sw-2-spot,SW#2 Spot,UPPER PLATE,TM-755A-1,-,735.96,147.19,5,10,1,250,0,15,95,325.96,0,0,50,0,2646,0,0,,2026-06-27T00:00:00.000Z,,excel-seed
seed-sw-2-spot-74,,,2026-04-09,夜,,,sw-2-spot,SW#2 Spot,UPPER PLATE,TM-755A-1,-,1530.04,306.01,5,10,1,605,0,15,0,870.04,0,0,40,0,4207,1,0,,2026-06-27T00:00:00.000Z,,excel-seed
seed-sw-2-spot-75,,,2026-04-10,白,,,sw-2-spot,SW#2 Spot,UPPER PLATE,TM-755A-1,-,407.86,81.57,5,10,1,140,0,10,35,147.86,0,0,70,5,1657,0,0,,2026-06-27T00:00:00.000Z,,excel-seed
seed-sw-2-spot-76,,,2026-04-10,夜,,,sw-2-spot,SW#2 Spot,UPPER PLATE,TM-755A-1,-,581.15,116.23,5,10,1,210,0,5,0,346.15,0,0,20,0,1274,0,0,,2026-06-27T00:00:00.000Z,,excel-seed
seed-sw-2-spot-77,,,2026-04-11,白,,,sw-2-spot,SW#2 Spot,UPPER PLATE,TM-755A-1,-,626.05,125.21,5,10,1,145,0,5,45,381.05,0,0,50,0,723,0,0,,2026-06-27T00:00:00.000Z,,excel-seed
seed-sw-2-spot-78,,,2026-04-11,夜,,,sw-2-spot,SW#2 Spot,UPPER PLATE,TM-755A-1,-,581.52,116.3,5,10,1,215,5,0,0,341.52,0,0,20,0,1385,0,0,,2026-06-27T00:00:00.000Z,,excel-seed
seed-sw-2-spot-79,,,2026-04-16,白,,,sw-2-spot,SW#2 Spot,UPPER PLATE,TM-755A-1,-,1159.29,231.86,5,10,1,510,0,20,40,499.29,0,0,90,0,5618,2,0,,2026-06-27T00:00:00.000Z,,excel-seed
seed-sw-2-spot-80,,,2026-04-17,白,,,sw-2-spot,SW#2 Spot,UPPER PLATE,TM-755A-1,-,1154.18,230.84,5,10,1,520,0,20,35,494.18,0,0,85,0,5840,0,0,,2026-06-27T00:00:00.000Z,,excel-seed
seed-sw-2-spot-81,,,2026-04-18,白,,,sw-2-spot,SW#2 Spot,UPPER PLATE,TM-755A-1,-,1143.67,228.73,5,10,1,525,0,20,25,483.67,0,0,90,0,5970,2,0,,2026-06-27T00:00:00.000Z,,excel-seed
seed-sw-2-spot-82,,,2026-04-20,白,,,sw-2-spot,SW#2 Spot,UPPER PLATE,TM-755A-1,-,1142.92,228.58,5,10,1,510,0,15,25,482.92,0,0,110,0,5650,3,0,,2026-06-27T00:00:00.000Z,,excel-seed
seed-sw-2-spot-83,,,2026-04-21,白,,,sw-2-spot,SW#2 Spot,UPPER PLATE,TM-755A-1,-,1515.72,303.14,5,10,1,675,0,15,20,730.72,0,0,75,0,6420,3,0,,2026-06-27T00:00:00.000Z,,excel-seed
seed-sw-2-spot-84,,,2026-04-22,白,,,sw-2-spot,SW#2 Spot,UPPER PLATE,TM-755A-1,-,1680.48,336.1,5,10,1,640,0,20,40,900.48,0,0,80,0,4833,1,0,,2026-06-27T00:00:00.000Z,,excel-seed
seed-sw-2-spot-85,,,2026-04-23,白,,,sw-2-spot,SW#2 Spot,UPPER PLATE,TM-755A-1,-,1393.53,278.71,5,10,1,565,0,20,85,608.53,0,0,115,0,6035,3,0,,2026-06-27T00:00:00.000Z,,excel-seed
seed-sw-2-spot-86,,,2026-04-24,白,,,sw-2-spot,SW#2 Spot,UPPER PLATE,TM-755A-1,-,1485.93,297.19,5,10,1,660,0,20,25,700.93,0,0,80,0,6450,2,0,,2026-06-27T00:00:00.000Z,,excel-seed
seed-sw-2-spot-87,,,2026-04-25,白,,,sw-2-spot,SW#2 Spot,UPPER PLATE,TM-755A-1,-,1200.82,240.16,5,10,1,530,0,20,30,540.82,0,0,80,0,5488,2,0,,2026-06-27T00:00:00.000Z,,excel-seed
seed-sw-2-spot-88,,,2026-04-27,白,,,sw-2-spot,SW#2 Spot,UPPER PLATE,TM-755A-1,-,407.22,81.44,5,10,1,130,0,15,15,107.22,0,0,135,5,1758,1,0,,2026-06-27T00:00:00.000Z,,excel-seed
seed-sw-2-spot-89,,,2026-04-28,白,,,sw-2-spot,SW#2 Spot,UPPER PLATE,TM-755A-1,-,1094.92,218.98,5,10,1,420,0,20,55,434.92,0,0,55,110,4587,1,0,,2026-06-27T00:00:00.000Z,,excel-seed
seed-sw-2-spot-90,,,2026-05-08,白,,,sw-2-spot,SW#2 Spot,UPPER PLATE,TM-755A-1,-,1517.82,303.56,5,10,1,515,0,20,45,857.82,0,0,80,0,3362,0,0,,2026-06-27T00:00:00.000Z,,excel-seed
seed-sw-2-spot-91,,,2026-05-09,白,,,sw-2-spot,SW#2 Spot,UPPER PLATE,TM-755A-1,-,1305.65,261.13,5,10,1,520,0,15,0,645.65,0,0,125,0,4188,2,0,,2026-06-27T00:00:00.000Z,,excel-seed
seed-sw-2-spot-92,,,2026-05-11,白,,,sw-2-spot,SW#2 Spot,UPPER PLATE,TM-755A-1,-,1192.61,238.52,5,10,1,395,0,15,35,532.61,0,0,215,0,3189,2,0,,2026-06-27T00:00:00.000Z,,excel-seed
seed-sw-2-spot-93,,,2026-05-11,夜,,,sw-2-spot,SW#2 Spot,UPPER PLATE,TM-755A-1,-,1578.37,315.67,5,10,1,565,0,15,0,918.37,0,0,80,0,3476,2,0,,2026-06-27T00:00:00.000Z,,excel-seed
seed-sw-2-spot-94,,,2026-05-12,白,,,sw-2-spot,SW#2 Spot,UPPER PLATE,TM-755A-1,-,1421.9,284.38,5,10,1,480,0,20,80,761.9,0,0,80,0,3528,2,0,,2026-06-27T00:00:00.000Z,,excel-seed
seed-sw-2-spot-95,,,2026-05-12,夜,,,sw-2-spot,SW#2 Spot,UPPER PLATE,TM-755A-1,-,1387.95,277.59,5,10,1,560,0,25,0,727.95,0,0,75,0,4308,1,0,,2026-06-27T00:00:00.000Z,,excel-seed
seed-sw-2-spot-96,,,2026-05-13,白,,,sw-2-spot,SW#2 Spot,UPPER PLATE,TM-755A-1,-,1214.35,242.87,5,10,1,510,0,20,40,554.35,0,0,90,0,5060,2,0,,2026-06-27T00:00:00.000Z,,excel-seed
seed-sw-2-spot-97,,,2026-05-13,夜,,,sw-2-spot,SW#2 Spot,UPPER PLATE,TM-755A-1,-,1261.05,252.21,5,10,1,540,0,15,30,601.05,0,0,75,0,5121,1,0,,2026-06-27T00:00:00.000Z,,excel-seed
seed-sw-2-spot-98,,,2026-05-14,白,,,sw-2-spot,SW#2 Spot,UPPER PLATE,TM-755A-1,-,1131.07,226.21,5,10,1,435,0,15,120,471.07,0,0,90,0,5125,3,0,,2026-06-27T00:00:00.000Z,,excel-seed
seed-sw-2-spot-99,,,2026-05-14,夜,,,sw-2-spot,SW#2 Spot,UPPER PLATE,TM-755A-1,-,573.27,114.65,5,10,1,215,0,5,0,333.27,0,0,20,0,1387,0,0,,2026-06-27T00:00:00.000Z,,excel-seed
seed-sw-2-spot-100,,,2026-05-15,白,,,sw-2-spot,SW#2 Spot,UPPER PLATE,TM-755A-1,-,1522.26,304.45,5,10,1,570,0,0,0,862.26,0,0,90,0,3768,1,0,,2026-06-27T00:00:00.000Z,,excel-seed
seed-sw-2-spot-101,,,2026-05-16,白,,,sw-2-spot,SW#2 Spot,UPPER PLATE,TM-755A-1,-,909.92,181.98,5,10,1,355,0,10,40,424.92,0,0,80,0,3300,2,0,,2026-06-27T00:00:00.000Z,,excel-seed
seed-sw-2-spot-102,,,2026-05-18,夜,,,sw-2-spot,SW#2 Spot,UPPER PLATE,TM-755A-1,-,1241.4,248.28,5,10,1,555,0,15,0,581.4,0,0,90,0,5298,2,0,,2026-06-27T00:00:00.000Z,,excel-seed
seed-sw-2-spot-103,,,2026-05-19,白,,,sw-2-spot,SW#2 Spot,UPPER PLATE,TM-755A-1,-,1370.26,274.05,5,10,1,550,0,20,0,710.26,0,0,90,0,4259,2,0,,2026-06-27T00:00:00.000Z,,excel-seed
seed-sw-2-spot-104,,,2026-05-19,夜,,,sw-2-spot,SW#2 Spot,UPPER PLATE,TM-755A-1,-,1250.65,250.13,5,10,1,555,0,15,0,590.65,0,0,90,0,5215,2,0,,2026-06-27T00:00:00.000Z,,excel-seed
seed-sw-2-spot-105,,,2026-05-20,白,,,sw-2-spot,SW#2 Spot,UPPER PLATE,TM-755A-1,-,1302.86,260.57,5,10,1,575,0,25,0,642.86,0,0,60,0,5143,1,0,,2026-06-27T00:00:00.000Z,,excel-seed
seed-sw-2-spot-106,,,2026-05-20,夜,,,sw-2-spot,SW#2 Spot,UPPER PLATE,TM-755A-1,-,1006.53,201.31,5,10,1,270,5,15,0,696.53,0,0,20,0,1066,3,0,,2026-06-27T00:00:00.000Z,,excel-seed
seed-sw-2-spot-107,,,2026-05-29,白,,,sw-2-spot,SW#2 Spot,UPPER PLATE,TM-755A-1,-,1096.97,219.39,5,10,1,325,0,15,0,616.97,0,0,140,0,1712,2,0,,2026-06-27T00:00:00.000Z,,excel-seed
seed-sw-2-spot-108,,,2026-05-29,夜,,,sw-2-spot,SW#2 Spot,UPPER PLATE,TM-755A-1,-,1188.63,237.73,5,10,1,420,0,30,0,703.63,0,0,35,0,2507,3,0,,2026-06-27T00:00:00.000Z,,excel-seed
seed-sw-2-spot-109,,,2026-06-01,白,,,sw-2-spot,SW#2 Spot,UPPER PLATE,TM-755A-1,-,510.35,102.07,5,10,1,110,0,5,0,385.35,0,0,5,5,314,1,0,,2026-06-27T00:00:00.000Z,,excel-seed
seed-sw-2-spot-110,,,2026-06-02,白,,,sw-2-spot,SW#2 Spot,UPPER PLATE,TM-755A-1,-,884.84,176.97,5,10,1,335,0,10,35,399.84,0,0,90,15,3100,3,0,,2026-06-27T00:00:00.000Z,,excel-seed
seed-sw-2-spot-111,,,2026-06-03,白,,,sw-2-spot,SW#2 Spot,UPPER PLATE,TM-755A-1,-,749.62,149.92,5,10,1,125,0,0,0,589.62,0,0,35,0,265,0,0,,2026-06-27T00:00:00.000Z,,excel-seed
seed-sw-2-spot-112,,,2026-06-04,白,,,sw-2-spot,SW#2 Spot,UPPER PLATE,TM-755A-1,-,163.68,32.74,5,10,1,70,0,0,0,73.68,0,0,20,0,665,0,0,,2026-06-27T00:00:00.000Z,,excel-seed
seed-sw-2-spot-113,,,2026-06-04,夜,,,sw-2-spot,SW#2 Spot,UPPER PLATE,TM-755A-1,-,1356.62,271.32,5,10,1,580,0,5,0,696.62,0,0,75,0,4829,3,0,,2026-06-27T00:00:00.000Z,,excel-seed
seed-sw-2-spot-114,,,2026-06-05,白,,,sw-2-spot,SW#2 Spot,UPPER PLATE,TM-755A-1,-,793.55,158.71,5,10,1,310,0,20,40,368.55,0,0,55,0,2944,4,0,,2026-06-27T00:00:00.000Z,,excel-seed
seed-sw-2-spot-115,,,2026-06-05,夜,,,sw-2-spot,SW#2 Spot,UPPER PLATE,TM-755A-1,-,1220.24,244.05,5,10,1,420,0,20,0,740.24,0,0,40,0,2383,0,0,,2026-06-27T00:00:00.000Z,,excel-seed
seed-sw-2-spot-116,,,2026-06-08,白,,,sw-2-spot,SW#2 Spot,UPPER PLATE,TM-755A-1,-,1179.24,235.85,5,10,1,520,0,25,25,519.24,0,0,90,0,5458,2,0,,2026-06-27T00:00:00.000Z,,excel-seed
seed-sw-2-spot-117,,,2026-06-09,白,,,sw-2-spot,SW#2 Spot,UPPER PLATE,TM-755A-1,-,1169.35,233.87,5,10,1,450,0,25,95,509.35,0,0,90,0,4815,3,0,,2026-06-27T00:00:00.000Z,,excel-seed
seed-sw-2-spot-118,,,2026-06-09,夜,,,sw-2-spot,SW#2 Spot,UPPER PLATE,TM-755A-1,-,1250.73,250.15,5,10,1,570,0,15,0,590.73,0,0,75,0,5500,5,0,,2026-06-27T00:00:00.000Z,,excel-seed
seed-sw-2-spot-119,,,2026-06-10,白,,,sw-2-spot,SW#2 Spot,UPPER PLATE,TM-755A-1,-,879.17,175.83,5,10,1,365,0,20,35,394.17,0,0,65,0,3704,2,0,,2026-06-27T00:00:00.000Z,,excel-seed
seed-sw-2-spot-120,,,2026-06-10,夜,,,sw-2-spot,SW#2 Spot,UPPER PLATE,TM-755A-1,-,1076.83,215.37,5,10,1,425,0,20,0,591.83,0,0,40,0,3052,2,0,,2026-06-27T00:00:00.000Z,,excel-seed
seed-sw-2-spot-121,,,2026-06-17,白,,,sw-2-spot,SW#2 Spot,UPPER PLATE,TM-755A-1,-,961.34,192.27,5,10,1,410,0,15,15,461.34,0,0,60,0,3777,1,1,,2026-06-27T00:00:00.000Z,,excel-seed
seed-sw-2-spot-122,,,2026-06-18,白,,,sw-2-spot,SW#2 Spot,UPPER PLATE,TM-755A-1,-,1161.43,232.29,5,10,1,495,0,30,35,501.43,0,0,100,0,5232,0,2,,2026-06-27T00:00:00.000Z,,excel-seed
seed-sw-2-spot-123,,,2026-06-18,夜,,,sw-2-spot,SW#2 Spot,UPPER PLATE,TM-755A-1,-,1132.49,226.5,5,10,1,405,0,0,0,627.49,0,0,65,35,2614,0,3,,2026-06-27T00:00:00.000Z,,excel-seed
seed-sw-2-spot-124,,,2026-06-19,白,,,sw-2-spot,SW#2 Spot,UPPER PLATE,TM-755A-1,-,1161.35,232.27,5,10,1,510,0,30,0,501.35,0,0,90,30,5188,2,1,,2026-06-27T00:00:00.000Z,,excel-seed
seed-sw-2-spot-125,,,2026-06-20,白,,,sw-2-spot,SW#2 Spot,UPPER PLATE,TM-755A-1,-,1210.7,242.14,5,10,1,525,0,15,0,550.7,0,0,120,0,5005,0,1,,2026-06-27T00:00:00.000Z,,excel-seed
seed-sw-2-spot-126,,,2026-06-22,白,,,sw-2-spot,SW#2 Spot,UPPER PLATE,TM-755A-1,-,1189.8,237.96,5,10,1,530,0,15,0,529.8,0,0,115,0,5302,0,1,,2026-06-27T00:00:00.000Z,,excel-seed
seed-sw-2-spot-127,,,2026-06-23,白,,,sw-2-spot,SW#2 Spot,UPPER PLATE,TM-755A-1,-,1219.46,243.89,5,10,1,550,0,20,0,559.46,0,0,90,0,5407,0,0,,2026-06-27T00:00:00.000Z,,excel-seed
seed-sw-2-spot-128,,,2026-06-24,白,,,sw-2-spot,SW#2 Spot,UPPER PLATE,TM-755A-1,-,810.55,162.11,5,10,1,350,5,15,0,380.55,0,0,60,0,3265,0,0,,2026-06-27T00:00:00.000Z,,excel-seed
seed-sw-2-spot-129,,,2026-06-25,白,,,sw-2-spot,SW#2 Spot,UPPER PLATE,TM-755A-1,-,406.68,81.34,5,10,1,180,0,10,0,161.68,0,0,55,0,2004,0,0,,2026-06-27T00:00:00.000Z,,excel-seed
seed-sw-2-spot-130,,,2026-06-26,白,,,sw-2-spot,SW#2 Spot,UPPER PLATE,TM-755A-1,-,914.74,182.95,5,10,1,400,0,20,25,409.74,0,0,50,10,4149,0,0,,2026-06-27T00:00:00.000Z,,excel-seed
seed-sw-3-spot-1,,,2026-01-05,白,,,sw-3-spot,SW#3 Spot,UPPER PLATE,TM-755A-1,-,1110.75,222.15,5,10,1,435,0,10,0,630.75,0,0,35,0,3000,0,0,,2026-06-27T00:00:00.000Z,,excel-seed
seed-sw-3-spot-2,,,2026-01-06,白,,,sw-3-spot,SW#3 Spot,UPPER PLATE,TM-755A-1,-,1230.57,246.11,5,10,1,540,0,15,20,570.57,0,0,85,0,5300,0,0,,2026-06-27T00:00:00.000Z,,excel-seed
seed-sw-3-spot-3,,,2026-01-07,白,,,sw-3-spot,SW#3 Spot,UPPER PLATE,TM-755A-1,-,1360.32,272.06,5,10,1,475,0,20,100,700.32,0,0,65,0,3900,0,0,,2026-06-27T00:00:00.000Z,,excel-seed
seed-sw-3-spot-4,,,2026-01-08,白,,,sw-3-spot,SW#3 Spot,UPPER PLATE,TM-755A-1,-,641.87,128.37,5,10,1,285,0,10,25,276.87,0,0,45,0,3191,0,0,,2026-06-27T00:00:00.000Z,,excel-seed
seed-sw-3-spot-5,,,2026-01-15,白,,,sw-3-spot,SW#3 Spot,CG BASE UNIT RR,2567475-AA,-,1284.32,256.86,5,2.6,1,650,0,15,0,499.32,0,0,120,0,2200,0,0,,2026-06-27T00:00:00.000Z,,excel-seed
seed-sw-3-spot-6,,,2026-01-16,白,,,sw-3-spot,SW#3 Spot,CG BASE UNIT RR,2567475-AA,-,923.77,184.75,5,2.6,1,455,0,10,0,288.77,0,0,115,55,1864,0,0,,2026-06-27T00:00:00.000Z,,excel-seed
seed-sw-3-spot-7,,,2026-01-17,白,,,sw-3-spot,SW#3 Spot,CG BASE UNIT RR,2567475-AA,-,997.26,199.45,5,2.6,1,490,0,15,0,337.26,0,0,125,30,1851,0,0,,2026-06-27T00:00:00.000Z,,excel-seed
seed-sw-3-spot-8,,,2026-01-19,白,,,sw-3-spot,SW#3 Spot,UPPER PLATE,TM-755A-1,-,1074.53,214.91,5,10,1,455,0,10,0,559.53,0,0,50,0,3700,0,0,,2026-06-27T00:00:00.000Z,,excel-seed
seed-sw-3-spot-9,,,2026-01-20,白,,,sw-3-spot,SW#3 Spot,UPPER PLATE,TM-755A-1,-,1530.1,306.02,5,10,1,640,0,20,25,745.1,0,0,100,0,5712,0,0,,2026-06-27T00:00:00.000Z,,excel-seed
seed-sw-3-spot-10,,,2026-01-21,白,,,sw-3-spot,SW#3 Spot,UPPER PLATE,TM-755A-1,-,1448.59,289.72,5,10,1,640,0,20,35,663.59,0,0,90,0,6510,0,0,,2026-06-27T00:00:00.000Z,,excel-seed
seed-sw-3-spot-11,,,2026-01-22,白,,,sw-3-spot,SW#3 Spot,UPPER PLATE,TM-755A-1,-,1475.46,295.09,5,10,1,660,0,15,20,690.46,0,0,90,0,6500,0,0,,2026-06-27T00:00:00.000Z,,excel-seed
seed-sw-3-spot-12,,,2026-01-23,白,,,sw-3-spot,SW#3 Spot,UPPER PLATE,TM-755A-1,-,1558.82,311.76,5,10,1,640,0,15,25,773.82,0,0,65,40,5500,0,0,,2026-06-27T00:00:00.000Z,,excel-seed
seed-sw-3-spot-13,,,2026-01-24,白,,,sw-3-spot,SW#3 Spot,UPPER PLATE,TM-755A-1,-,1171.15,234.23,5,10,1,505,0,20,35,511.15,0,0,100,0,5335,0,0,,2026-06-27T00:00:00.000Z,,excel-seed
seed-sw-3-spot-14,,,2026-01-26,白,,,sw-3-spot,SW#3 Spot,UPPER PLATE,TM-755A-1,-,910.27,182.05,5,10,1,390,0,10,20,425.27,0,0,65,0,3760,0,0,,2026-06-27T00:00:00.000Z,,excel-seed
seed-sw-3-spot-15,,,2026-01-27,白,,,sw-3-spot,SW#3 Spot,UPPER PLATE,TM-755A-1,-,276.65,55.33,5,10,1,120,0,5,0,126.65,0,0,20,5,1137,0,0,,2026-06-27T00:00:00.000Z,,excel-seed
seed-sw-3-spot-16,,,2026-01-31,白,,,sw-3-spot,SW#3 Spot,CUP,TM-818A-1,-,973.81,194.76,5,2.2,1,575,0,10,0,333.81,0,0,55,0,2179,1,0,,2026-06-27T00:00:00.000Z,,excel-seed
seed-sw-3-spot-17,,,2026-02-02,白,,,sw-3-spot,SW#3 Spot,CUP,TM-818A-1,-,390.75,78.15,5,2.2,1,195,0,10,0,80.75,0,0,105,0,1036,0,0,,2026-06-27T00:00:00.000Z,,excel-seed
seed-sw-3-spot-18,,,2026-02-11,白,,,sw-3-spot,SW#3 Spot,CG BASE UNIT RR,2567475-AA,-,1157.78,231.56,5,2.6,1,575,0,15,0,372.78,0,0,75,120,2306,0,0,,2026-06-27T00:00:00.000Z,,excel-seed
seed-sw-3-spot-19,,,2026-02-12,白,,,sw-3-spot,SW#3 Spot,CG BASE UNIT RR,2567475-AA,-,912.85,182.57,5,2.6,1,480,0,15,0,277.85,0,0,90,50,2156,0,0,,2026-06-27T00:00:00.000Z,,excel-seed
seed-sw-3-spot-20,,,2026-02-26,白,,,sw-3-spot,SW#3 Spot,CG BASE UNIT RR,2567475-AA,-,1210.75,242.15,5,2.6,1,595,0,15,0,425.75,0,0,80,95,2162,1,0,,2026-06-27T00:00:00.000Z,,excel-seed
seed-sw-3-spot-21,,,2026-02-27,白,,,sw-3-spot,SW#3 Spot,CG BASE UNIT RR,2567475-AA,-,1405.79,281.16,5,2.6,1,605,0,10,0,620.79,0,0,110,60,1533,0,0,,2026-06-27T00:00:00.000Z,,excel-seed
seed-sw-3-spot-22,,,2026-02-28,白,,,sw-3-spot,SW#3 Spot,CG BASE UNIT RR,2567475-AA,-,554.17,110.83,5,2.6,1,240,0,15,65,169.17,0,0,65,0,1125,1,0,,2026-06-27T00:00:00.000Z,,excel-seed
seed-sw-3-spot-23,,,2026-03-06,白,,,sw-3-spot,SW#3 Spot,CG BASE UNIT RR,2567475-AA,-,1189.26,237.85,5,2.6,1,630,0,20,45,404.26,0,0,90,0,2735,1,0,,2026-06-27T00:00:00.000Z,,excel-seed
seed-sw-3-spot-24,,,2026-03-09,白,,,sw-3-spot,SW#3 Spot,CG BASE UNIT RR,2567475-AA,-,1320.29,264.06,5,2.6,1,550,15,0,135,535.29,0,0,85,0,1870,2,0,,2026-06-27T00:00:00.000Z,,excel-seed
seed-sw-3-spot-25,,,2026-03-18,白,,,sw-3-spot,SW#3 Spot,UPPER PLATE,TM-755A-1,-,936.54,187.31,5,10,1,250,0,10,55,586.54,0,0,35,0,1300,0,0,,2026-06-27T00:00:00.000Z,,excel-seed
seed-sw-3-spot-26,,,2026-03-19,白,,,sw-3-spot,SW#3 Spot,UPPER PLATE,TM-755A-1,-,285.22,57.04,5,10,1,45,0,20,0,35.22,0,0,85,100,575,0,0,,2026-06-27T00:00:00.000Z,,excel-seed
seed-sw-3-spot-27,,,2026-03-20,白,,,sw-3-spot,SW#3 Spot,CG BASE UNIT RR,2567475-AA,-,873.87,174.77,5,2.6,1,415,0,140,0,263.87,0,0,55,0,1697,5,0,,2026-06-27T00:00:00.000Z,,excel-seed
seed-sw-3-spot-28,,,2026-03-21,白,,,sw-3-spot,SW#3 Spot,CG BASE UNIT RR,2567475-AA,-,1321.34,264.27,5,2.6,1,570,0,125,0,536.34,0,0,90,0,1575,1,0,,2026-06-27T00:00:00.000Z,,excel-seed
seed-sw-3-spot-29,,,2026-03-24,白,,,sw-3-spot,SW#3 Spot,CG BASE UNIT RR,2567475-AA,-,1111.51,222.3,5,2.6,1,515,0,35,0,326.51,0,0,90,145,2112,6,0,,2026-06-27T00:00:00.000Z,,excel-seed
seed-sw-3-spot-30,,,2026-03-25,白,,,sw-3-spot,SW#3 Spot,CG BASE UNIT RR,2567475-AA,-,1075.92,215.18,5,2.6,1,525,0,5,0,415.92,0,0,130,0,1723,1,0,,2026-06-27T00:00:00.000Z,,excel-seed
seed-sw-3-spot-31,,,2026-03-28,白,,,sw-3-spot,SW#3 Spot,CG BASE UNIT RR,2567475-AA,-,332.99,66.6,5,2.6,1,185,0,5,0,102.99,0,0,40,0,864,2,0,,2026-06-27T00:00:00.000Z,,excel-seed
seed-sw-3-spot-32,,,2026-03-30,白,,,sw-3-spot,SW#3 Spot,CG BASE UNIT RR,2567475-AA,-,1036.78,207.36,5,2.6,1,560,0,5,0,376.78,0,0,95,0,2164,8,0,,2026-06-27T00:00:00.000Z,,excel-seed
seed-sw-3-spot-33,,,2026-03-31,白,,,sw-3-spot,SW#3 Spot,CG BASE UNIT RR,2567475-AA,-,919.04,183.81,5,2.6,1,520,0,10,0,259.04,0,0,85,45,2714,6,0,,2026-06-27T00:00:00.000Z,,excel-seed
seed-sw-3-spot-34,,,2026-04-04,白,,,sw-3-spot,SW#3 Spot,CG BASE UNIT RR,2567475-AA,-,437.99,87.6,5,2.6,1,205,0,40,0,92.99,0,0,100,0,1175,3,0,,2026-06-27T00:00:00.000Z,,excel-seed
seed-sw-3-spot-35,,,2026-04-06,夜,,,sw-3-spot,SW#3 Spot,UPPER PLATE,TM-755A-1,-,1453.47,290.69,5,10,1,585,0,15,0,793.47,0,0,60,0,4313,0,0,,2026-06-27T00:00:00.000Z,,excel-seed
seed-sw-3-spot-36,,,2026-04-07,白,,,sw-3-spot,SW#3 Spot,UPPER PLATE,TM-755A-1,-,517.11,103.42,5,10,1,200,0,5,0,302.11,0,0,10,0,1324,0,0,,2026-06-27T00:00:00.000Z,,excel-seed
seed-sw-3-spot-37,,,2026-04-08,白,,,sw-3-spot,SW#3 Spot,UPPER PLATE,TM-755A-1,-,829,165.8,5,10,1,240,0,15,50,464,0,0,40,20,1500,0,0,,2026-06-27T00:00:00.000Z,,excel-seed
seed-sw-3-spot-38,,,2026-04-08,夜,,,sw-3-spot,SW#3 Spot,UPPER PLATE,TM-755A-1,-,1051.08,210.22,5,10,1,440,0,10,0,566.08,0,0,35,0,3420,0,0,,2026-06-27T00:00:00.000Z,,excel-seed
seed-sw-3-spot-39,,,2026-04-09,夜,,,sw-3-spot,SW#3 Spot,CG BASE UNIT RR,2567475-AA,-,1173.73,234.75,5,2.6,1,585,0,5,0,513.73,0,0,70,0,1732,1,0,,2026-06-27T00:00:00.000Z,,excel-seed
seed-sw-3-spot-40,,,2026-04-10,白,,,sw-3-spot,SW#3 Spot,CG BASE UNIT RR,2567475-AA,-,771.95,154.39,5,2.6,1,355,0,5,0,351.95,0,0,60,0,931,3,0,,2026-06-27T00:00:00.000Z,,excel-seed
seed-sw-3-spot-41,,,2026-04-11,白,,,sw-3-spot,SW#3 Spot,CG BASE UNIT RR,2567475-AA,-,733.21,146.64,5,2.6,1,275,0,30,0,368.21,0,0,60,0,534,1,0,,2026-06-27T00:00:00.000Z,,excel-seed
seed-sw-3-spot-42,,,2026-04-16,白,,,sw-3-spot,SW#3 Spot,CG BASE UNIT RR,2567475-AA,-,1110.07,222.01,5,2.6,1,575,0,5,0,450.07,0,0,80,0,1910,3,0,,2026-06-27T00:00:00.000Z,,excel-seed
seed-sw-3-spot-43,,,2026-04-18,白,,,sw-3-spot,SW#3 Spot,CG BASE UNIT RR,2567475-AA,-,786.75,157.35,5,2.6,1,330,0,0,0,361.75,0,0,70,25,925,1,0,,2026-06-27T00:00:00.000Z,,excel-seed
seed-sw-3-spot-44,,,2026-04-20,白,,,sw-3-spot,SW#3 Spot,CG BASE UNIT RR,2567475-AA,-,1032.74,206.55,5,2.6,1,540,0,5,0,372.74,0,0,115,0,2034,2,0,,2026-06-27T00:00:00.000Z,,excel-seed
seed-sw-3-spot-45,,,2026-04-21,白,,,sw-3-spot,SW#3 Spot,CG BASE UNIT RR,2567475-AA,-,1231.82,246.36,5,2.6,1,670,0,5,0,461.82,0,0,95,0,2565,2,0,,2026-06-27T00:00:00.000Z,,excel-seed
seed-sw-3-spot-46,,,2026-04-23,白,,,sw-3-spot,SW#3 Spot,CG BASE UNIT RR,2567475-AA,-,1347.29,269.46,5,2.6,1,640,0,5,0,587.29,0,0,115,0,1870,2,0,,2026-06-27T00:00:00.000Z,,excel-seed
seed-sw-3-spot-47,,,2026-04-24,白,,,sw-3-spot,SW#3 Spot,CG BASE UNIT RR,2567475-AA,-,1278.04,255.61,5,2.6,1,575,0,5,0,498.04,0,0,90,110,1726,2,0,,2026-06-27T00:00:00.000Z,,excel-seed
seed-sw-3-spot-48,,,2026-05-08,夜,,,sw-3-spot,SW#3 Spot,CG BASE UNIT RR,2567475-AA,-,825.21,165.04,5,2.6,1,435,0,35,0,285.21,0,0,70,0,1725,1,0,,2026-06-27T00:00:00.000Z,,excel-seed
seed-sw-3-spot-49,,,2026-05-08,白,,,sw-3-spot,SW#3 Spot,CG BASE UNIT RR,2567475-AA,-,682.49,136.5,5,2.6,1,295,0,5,0,262.49,0,0,90,30,862,3,0,,2026-06-27T00:00:00.000Z,,excel-seed
seed-sw-3-spot-50,,,2026-05-09,白,,,sw-3-spot,SW#3 Spot,CG BASE UNIT RR,2567475-AA,-,108.01,21.6,5,2.6,1,15,0,35,0,8.01,0,0,45,5,73,1,0,,2026-06-27T00:00:00.000Z,,excel-seed
seed-sw-3-spot-51,,,2026-05-16,白,,,sw-3-spot,SW#3 Spot,CG BASE UNIT RR,2567475-AA,-,1539.07,307.81,5,2.6,1,370,0,50,160,879.07,0,0,80,0,580,3,0,,2026-06-27T00:00:00.000Z,,excel-seed
seed-sw-3-spot-52,,,2026-05-16,夜,,,sw-3-spot,SW#3 Spot,CG BASE UNIT RR,2567475-AA,-,1464.1,292.82,5,2.6,1,560,0,25,0,804.1,0,0,75,0,1014,5,0,,2026-06-27T00:00:00.000Z,,excel-seed
seed-sw-3-spot-53,,,2026-05-18,白,,,sw-3-spot,SW#3 Spot,CG BASE UNIT RR,2567475-AA,-,1164.53,232.91,5,2.6,1,495,0,15,55,504.53,0,0,95,0,1403,1,0,,2026-06-27T00:00:00.000Z,,excel-seed
seed-sw-3-spot-54,,,2026-05-19,白,,,sw-3-spot,SW#3 Spot,CG BASE UNIT RR,2567475-AA,-,1090.16,218.03,5,2.6,1,535,0,25,0,430.16,0,0,100,0,1730,0,0,,2026-06-27T00:00:00.000Z,,excel-seed
seed-sw-3-spot-55,,,2026-05-19,夜,,,sw-3-spot,SW#3 Spot,CG BASE UNIT RR,2567475-AA,-,370.34,74.07,5,2.6,1,120,0,55,40,130.34,0,0,20,5,383,4,0,,2026-06-27T00:00:00.000Z,,excel-seed
seed-sw-3-spot-56,,,2026-05-20,白,,,sw-3-spot,SW#3 Spot,CG BASE UNIT RR,2567475-AA,-,1069.48,213.9,5,2.6,1,410,0,5,195,409.48,0,0,50,0,1575,4,0,,2026-06-27T00:00:00.000Z,,excel-seed
seed-sw-3-spot-57,,,2026-05-20,夜,,,sw-3-spot,SW#3 Spot,CG BASE UNIT RR,2567475-AA,-,851.35,170.27,5,2.6,1,350,5,35,0,406.35,0,0,55,0,795,2,0,,2026-06-27T00:00:00.000Z,,excel-seed
seed-sw-3-spot-58,,,2026-05-21,白,,,sw-3-spot,SW#3 Spot,CG BASE UNIT RR,2567475-AA,-,948.38,189.68,5,2.6,1,420,5,15,0,358.38,0,0,150,0,1295,2,0,,2026-06-27T00:00:00.000Z,,excel-seed
seed-sw-3-spot-59,,,2026-05-21,夜,,,sw-3-spot,SW#3 Spot,CG BASE UNIT RR,2567475-AA,-,634.54,126.91,5,2.6,1,290,0,30,0,304.54,0,0,10,0,718,2,0,,2026-06-27T00:00:00.000Z,,excel-seed
seed-sw-3-spot-60,,,2026-05-22,白,,,sw-3-spot,SW#3 Spot,CG BASE UNIT RR,2567475-AA,-,479.16,95.83,5,2.6,1,235,5,20,0,174.16,0,0,45,0,842,4,0,,2026-06-27T00:00:00.000Z,,excel-seed
seed-sw-3-spot-61,,,2026-05-23,白,,,sw-3-spot,SW#3 Spot,CG BASE UNIT RR,2567475-AA,-,403.23,80.65,5,2.6,1,190,0,5,0,163.23,0,0,45,0,575,2,0,,2026-06-27T00:00:00.000Z,,excel-seed
seed-sw-3-spot-62,,,2026-05-23,夜,,,sw-3-spot,SW#3 Spot,CG BASE UNIT RR,2567475-AA,-,1169.78,233.96,5,2.6,1,555,0,15,0,509.78,0,0,90,0,1571,6,0,,2026-06-27T00:00:00.000Z,,excel-seed
seed-sw-3-spot-63,,,2026-05-25,白,,,sw-3-spot,SW#3 Spot,CG BASE UNIT RR,2567475-AA,-,1063.16,212.63,5,2.6,1,525,0,5,35,403.16,0,0,95,0,1896,2,0,,2026-06-27T00:00:00.000Z,,excel-seed
seed-sw-3-spot-64,,,2026-05-26,白,,,sw-3-spot,SW#3 Spot,"CJQST BASE UNIT FR,RH",5038789-AB,-,130.73,26.15,5,2.6,1,45,5,0,0,65.73,0,0,15,0,89,2,0,,2026-06-27T00:00:00.000Z,,excel-seed
seed-sw-3-spot-65,,,2026-06-01,白,,,sw-3-spot,SW#3 Spot,"CJQST BASE UNIT FR,RH",5038709-AA,-,201.37,40.27,5,2.6,1,110,0,5,0,66.37,0,0,20,0,474,3,0,,2026-06-27T00:00:00.000Z,,excel-seed
seed-sw-3-spot-66,,,2026-06-11,白,,,sw-3-spot,SW#3 Spot,"CJQST BASE UNIT FR,LH",5038788-AA,-,310.18,62.04,5,2.6,1,60,0,25,55,160.18,0,0,10,0,112,1,0,,2026-06-27T00:00:00.000Z,,excel-seed
seed-sw-3-spot-67,,,2026-06-12,白,,,sw-3-spot,SW#3 Spot,"CJQST BASE UNIT FR,LH",5038788-AA,-,822.38,164.48,5,2.6,1,370,0,40,0,337.38,0,0,60,15,1055,2,0,,2026-06-27T00:00:00.000Z,,excel-seed
seed-sw-3-spot-68,,,2026-06-12,夜,,,sw-3-spot,SW#3 Spot,"CJQST BASE UNIT FR,LH",5038788-AA,-,496.65,99.33,5,2.6,1,205,0,20,0,246.65,0,0,25,0,443,2,0,,2026-06-27T00:00:00.000Z,,excel-seed
seed-sw-3-spot-69,,,2026-06-12,夜,,,sw-3-spot,SW#3 Spot,"CJQST BASE UNIT FR,RH",5038789-AB,-,827.41,165.48,5,2.6,1,355,0,5,0,417.41,0,0,50,0,785,0,0,,2026-06-27T00:00:00.000Z,,excel-seed
seed-sw-3-spot-70,,,2026-06-13,白,,,sw-3-spot,SW#3 Spot,"CJQST BASE UNIT FR,RH",5038789-AB,-,812.25,162.45,5,2.6,1,305,0,85,40,327.25,0,0,55,0,836,2,0,,2026-06-27T00:00:00.000Z,,excel-seed
seed-sw-3-spot-71,,,2026-06-19,白,,,sw-3-spot,SW#3 Spot,CG BASE UNIT RR,2567475-AA,-,555.64,111.13,5,2.6,1,240,0,5,30,235.64,0,0,45,0,715,2,0,,2026-06-27T00:00:00.000Z,,excel-seed
seed-sw-3-spot-72,,,2026-06-19,夜,,,sw-3-spot,SW#3 Spot,CG BASE UNIT RR,2567475-AA,-,447.03,89.41,5,2.6,1,205,0,25,0,192.03,0,0,25,0,569,0,2,,2026-06-27T00:00:00.000Z,,excel-seed
seed-sw-3-spot-73,,,2026-06-20,白,,,sw-3-spot,SW#3 Spot,CG BASE UNIT RR,2567475-AA,-,1036.61,207.32,5,2.6,1,560,0,15,0,376.61,0,0,85,0,2165,0,1,,2026-06-27T00:00:00.000Z,,excel-seed
seed-sw-3-spot-74,,,2026-06-20,夜,,,sw-3-spot,SW#3 Spot,CG BASE UNIT RR,2567475-AA,-,600.37,120.07,5,2.6,1,255,0,15,0,215.37,0,0,50,65,785,0,2,,2026-06-27T00:00:00.000Z,,excel-seed
seed-sw-3-spot-75,,,2026-06-22,白,,,sw-3-spot,SW#3 Spot,CG BASE UNIT RR,2567475-AA,-,607.21,121.44,5,2.6,1,345,0,15,0,187.21,0,0,60,0,1653,0,2,,2026-06-27T00:00:00.000Z,,excel-seed
seed-sw-3-spot-76,,,2026-06-22,夜,,,sw-3-spot,SW#3 Spot,CG BASE UNIT RR,2567475-AA,-,876.25,175.25,5,2.6,1,420,0,15,0,336.25,0,0,65,40,1364,1,2,,2026-06-27T00:00:00.000Z,,excel-seed
seed-sw-3-spot-77,,,2026-06-23,白,,,sw-3-spot,SW#3 Spot,CG BASE UNIT RR,2567475-AA,-,461.25,92.25,5,2.6,1,270,0,15,0,146.25,0,0,30,0,1296,0,1,,2026-06-27T00:00:00.000Z,,excel-seed
seed-8-rubber-cap-1,,,2026-01-05,白,,,8-rubber-cap,#8 Rubber Cap,Rubber Cap,TM-755A-1,-,1699.95,339.99,5,25,1,550,0,0,0,1039.95,0,0,110,0,7272,0,0,,2026-06-27T00:00:00.000Z,,excel-seed
seed-8-rubber-cap-2,,,2026-01-06,白,,,8-rubber-cap,#8 Rubber Cap,Rubber Cap,TM-755A-1,-,1910.82,382.16,5,25,1,585,0,0,0,1250.82,0,0,75,0,6840,0,0,,2026-06-27T00:00:00.000Z,,excel-seed
seed-8-rubber-cap-3,,,2026-01-07,白,,,8-rubber-cap,#8 Rubber Cap,Rubber Cap,TM-755A-1,-,1998.49,399.7,5,25,1,585,0,0,0,1338.49,0,0,75,0,6392,0,0,,2026-06-27T00:00:00.000Z,,excel-seed
seed-8-rubber-cap-4,,,2026-01-08,白,,,8-rubber-cap,#8 Rubber Cap,Rubber Cap,TM-755A-1,-,1924.13,384.83,5,25,1,585,0,0,0,1264.13,0,0,75,0,6768,0,0,,2026-06-27T00:00:00.000Z,,excel-seed
seed-8-rubber-cap-5,,,2026-01-09,白,,,8-rubber-cap,#8 Rubber Cap,Rubber Cap,TM-755A-1,-,2254.45,450.89,5,25,1,575,0,0,0,1594.45,0,0,85,0,5184,0,0,,2026-06-27T00:00:00.000Z,,excel-seed
seed-8-rubber-cap-6,,,2026-01-10,白,,,8-rubber-cap,#8 Rubber Cap,Rubber Cap,TM-755A-1,-,2709.18,541.84,5,25,1,600,0,0,0,2049.18,0,0,60,0,4392,0,0,,2026-06-27T00:00:00.000Z,,excel-seed
seed-8-rubber-cap-7,,,2026-01-11,白,,,8-rubber-cap,#8 Rubber Cap,Rubber Cap,TM-755A-1,-,1360.89,272.18,5,25,1,365,0,0,0,700.89,0,0,295,0,4752,0,0,,2026-06-27T00:00:00.000Z,,excel-seed
seed-8-rubber-cap-8,,,2026-01-12,白,,,8-rubber-cap,#8 Rubber Cap,Rubber Cap,TM-755A-1,-,2164.15,432.83,5,25,1,585,0,0,0,1504.15,0,0,75,0,5688,0,0,,2026-06-27T00:00:00.000Z,,excel-seed
seed-8-rubber-cap-9,,,2026-01-13,白,,,8-rubber-cap,#8 Rubber Cap,Rubber Cap,TM-755A-1,-,1813.67,362.73,5,25,1,585,0,0,0,1153.67,0,0,75,0,7416,0,0,,2026-06-27T00:00:00.000Z,,excel-seed
seed-8-rubber-cap-10,,,2026-01-14,白,,,8-rubber-cap,#8 Rubber Cap,Rubber Cap,TM-755A-1,-,1986.84,397.37,5,25,1,705,0,0,0,1206.84,0,0,75,0,10296,0,0,,2026-06-27T00:00:00.000Z,,excel-seed
seed-8-rubber-cap-11,,,2026-01-15,白,,,8-rubber-cap,#8 Rubber Cap,Rubber Cap,TM-755A-1,-,2057.98,411.6,5,25,1,585,0,0,0,1397.98,0,0,75,0,6120,0,0,,2026-06-27T00:00:00.000Z,,excel-seed
seed-8-rubber-cap-12,,,2026-01-17,白,,,8-rubber-cap,#8 Rubber Cap,Rubber Cap,TM-755A-1,-,651.69,130.34,5,25,1,145,0,0,0,486.69,0,0,20,0,1080,0,0,,2026-06-27T00:00:00.000Z,,excel-seed
seed-8-rubber-cap-13,,,2026-01-18,白,,,8-rubber-cap,#8 Rubber Cap,Rubber Cap,TM-755A-1,-,2106.18,421.24,5,25,1,595,0,0,0,1446.18,0,0,65,0,6120,0,0,,2026-06-27T00:00:00.000Z,,excel-seed
seed-8-rubber-cap-14,,,2026-01-19,白,,,8-rubber-cap,#8 Rubber Cap,Rubber Cap,TM-755A-1,-,1980.31,396.06,5,25,1,585,0,0,0,1320.31,0,0,75,0,6480,0,0,,2026-06-27T00:00:00.000Z,,excel-seed
seed-8-rubber-cap-15,,,2026-01-20,白,,,8-rubber-cap,#8 Rubber Cap,Rubber Cap,TM-755A-1,-,2002.98,400.6,5,25,1,590,0,0,0,1342.98,0,0,70,0,6480,0,0,,2026-06-27T00:00:00.000Z,,excel-seed
seed-8-rubber-cap-16,,,2026-01-22,白,,,8-rubber-cap,#8 Rubber Cap,Rubber Cap,TM-755A-1,-,2057.98,411.6,5,25,1,585,0,0,0,1397.98,0,0,75,0,6120,0,0,,2026-06-27T00:00:00.000Z,,excel-seed
seed-8-rubber-cap-17,,,2026-01-23,白,,,8-rubber-cap,#8 Rubber Cap,Rubber Cap,TM-755A-1,-,2582.69,516.54,5,25,1,705,0,0,0,1797.69,0,0,80,0,6912,0,0,,2026-06-27T00:00:00.000Z,,excel-seed
seed-8-rubber-cap-18,,,2026-01-24,白,,,8-rubber-cap,#8 Rubber Cap,Rubber Cap,TM-755A-1,-,2460.52,492.1,5,25,1,705,0,0,0,1675.52,0,0,80,0,7416,0,0,,2026-06-27T00:00:00.000Z,,excel-seed
seed-8-rubber-cap-19,,,2026-01-26,白,,,8-rubber-cap,#8 Rubber Cap,Rubber Cap,TM-755A-1,-,2199.57,439.91,5,25,1,705,0,0,0,1414.57,0,0,80,0,8784,0,0,,2026-06-27T00:00:00.000Z,,excel-seed
seed-8-rubber-cap-20,,,2026-01-27,白,,,8-rubber-cap,#8 Rubber Cap,Rubber Cap,TM-755A-1,-,2285.68,457.14,5,25,1,705,0,0,0,1500.68,0,0,80,0,8280,0,0,,2026-06-27T00:00:00.000Z,,excel-seed
seed-8-rubber-cap-21,,,2026-01-28,白,,,8-rubber-cap,#8 Rubber Cap,Rubber Cap,TM-755A-1,-,2098.21,419.64,5,25,1,645,0,0,0,1313.21,0,0,140,0,7920,0,0,,2026-06-27T00:00:00.000Z,,excel-seed
seed-8-rubber-cap-22,,,2026-01-29,白,,,8-rubber-cap,#8 Rubber Cap,Rubber Cap,TM-755A-1,-,2157.6,431.52,5,25,1,690,0,0,0,1377.6,0,0,90,0,8640,0,0,,2026-06-27T00:00:00.000Z,,excel-seed
seed-8-rubber-cap-23,,,2026-01-30,白,,,8-rubber-cap,#8 Rubber Cap,Rubber Cap,TM-755A-1,-,1791.7,358.34,5,25,1,585,0,0,0,1131.7,0,0,75,0,7560,0,0,,2026-06-27T00:00:00.000Z,,excel-seed
seed-8-rubber-cap-24,,,2026-01-31,白,,,8-rubber-cap,#8 Rubber Cap,Rubber Cap,TM-755A-1,-,1381.3,276.26,5,25,1,440,0,0,0,896.3,0,0,45,0,5400,0,0,,2026-06-27T00:00:00.000Z,,excel-seed
seed-8-rubber-cap-25,,,2026-02-02,白,,,8-rubber-cap,#8 Rubber Cap,Rubber Cap,TM-755A-1,-,2454.61,490.92,5,25,1,715,0,0,0,1674.61,0,0,65,0,7632,0,0,,2026-06-27T00:00:00.000Z,,excel-seed
seed-8-rubber-cap-26,,,2026-02-03,白,,,8-rubber-cap,#8 Rubber Cap,Rubber Cap,TM-755A-1,-,1347.59,269.52,5,25,1,430,0,0,0,867.59,0,0,50,0,5328,0,0,,2026-06-27T00:00:00.000Z,,excel-seed
seed-8-rubber-cap-27,,,2026-02-04,白,,,8-rubber-cap,#8 Rubber Cap,Rubber Cap,TM-755A-1,-,1848.28,369.66,5,25,1,585,0,0,0,1188.28,0,0,75,0,7200,0,0,,2026-06-27T00:00:00.000Z,,excel-seed
seed-8-rubber-cap-28,,,2026-02-05,白,,,8-rubber-cap,#8 Rubber Cap,Rubber Cap,TM-755A-1,-,835.69,167.14,5,25,1,255,0,0,0,550.69,0,0,30,0,2952,0,0,,2026-06-27T00:00:00.000Z,,excel-seed
seed-8-rubber-cap-29,,,2026-02-10,白,,,8-rubber-cap,#8 Rubber Cap,Rubber Cap,TM-755A-1,-,1353.06,270.61,5,25,1,450,0,0,0,868.06,0,0,35,0,5832,0,0,,2026-06-27T00:00:00.000Z,,excel-seed
seed-8-rubber-cap-30,,,2026-02-11,白,,,8-rubber-cap,#8 Rubber Cap,Rubber Cap,TM-755A-1,-,2315.67,463.13,5,25,1,690,0,0,0,1530.67,0,0,95,0,7776,0,0,,2026-06-27T00:00:00.000Z,,excel-seed
seed-8-rubber-cap-31,,,2026-02-12,白,,,8-rubber-cap,#8 Rubber Cap,Rubber Cap,TM-755A-1,-,1934.15,386.83,5,25,1,535,0,0,0,1274.15,0,0,125,0,5616,0,0,,2026-06-27T00:00:00.000Z,,excel-seed
seed-8-rubber-cap-32,,,2026-02-14,白,,,8-rubber-cap,#8 Rubber Cap,Rubber Cap,TM-755A-1,-,3287.04,657.41,5,25,1,700,0,0,0,2502.04,0,0,85,0,4896,0,0,,2026-06-27T00:00:00.000Z,,excel-seed
seed-8-rubber-cap-33,,,2026-02-16,白,,,8-rubber-cap,#8 Rubber Cap,Rubber Cap,TM-755A-1,-,1667.02,333.4,5,25,1,585,0,0,0,1007.02,0,0,75,0,8496,0,0,,2026-06-27T00:00:00.000Z,,excel-seed
seed-8-rubber-cap-34,,,2026-02-17,白,,,8-rubber-cap,#8 Rubber Cap,Rubber Cap,TM-755A-1,-,1791.7,358.34,5,25,1,585,0,0,0,1131.7,0,0,75,0,7560,0,0,,2026-06-27T00:00:00.000Z,,excel-seed
seed-8-rubber-cap-35,,,2026-02-18,白,,,8-rubber-cap,#8 Rubber Cap,Rubber Cap,TM-755A-1,-,2326.67,465.33,5,25,1,600,0,0,0,1666.67,0,0,60,0,5400,0,0,,2026-06-27T00:00:00.000Z,,excel-seed
seed-8-rubber-cap-36,,,2026-02-19,白,,,8-rubber-cap,#8 Rubber Cap,Rubber Cap,TM-755A-1,-,2048.89,409.78,5,25,1,600,0,0,0,1388.89,0,0,60,0,6480,0,0,,2026-06-27T00:00:00.000Z,,excel-seed
seed-8-rubber-cap-37,,,2026-02-20,白,,,8-rubber-cap,#8 Rubber Cap,Rubber Cap,TM-755A-1,-,1637.66,327.53,5,25,1,450,0,0,0,1152.66,0,0,35,0,4392,0,0,,2026-06-27T00:00:00.000Z,,excel-seed
seed-8-rubber-cap-38,,,2026-02-21,白,,,8-rubber-cap,#8 Rubber Cap,Rubber Cap,TM-755A-1,-,1830.72,366.14,5,25,1,595,0,0,0,1170.72,0,0,65,0,7560,0,0,,2026-06-27T00:00:00.000Z,,excel-seed
seed-8-rubber-cap-39,,,2026-02-23,白,,,8-rubber-cap,#8 Rubber Cap,Rubber Cap,TM-755A-1,-,458.33,91.67,5,25,1,120,0,0,0,333.33,0,0,5,0,1080,0,0,,2026-06-27T00:00:00.000Z,,excel-seed
seed-8-rubber-cap-40,,,2026-02-24,白,,,8-rubber-cap,#8 Rubber Cap,Rubber Cap,TM-755A-1,-,1980.31,396.06,5,25,1,585,0,0,0,1320.31,0,0,75,0,6480,0,0,,2026-06-27T00:00:00.000Z,,excel-seed
seed-8-rubber-cap-41,,,2026-02-26,白,,,8-rubber-cap,#8 Rubber Cap,Rubber Cap,TM-755A-1,-,2218.15,443.63,5,25,1,705,0,0,0,1438.15,0,0,75,0,8640,0,0,,2026-06-27T00:00:00.000Z,,excel-seed
seed-8-rubber-cap-42,,,2026-02-27,白,,,8-rubber-cap,#8 Rubber Cap,Rubber Cap,TM-755A-1,-,2157.6,431.52,5,25,1,690,0,0,0,1377.6,0,0,90,0,8640,0,0,,2026-06-27T00:00:00.000Z,,excel-seed
seed-8-rubber-cap-43,,,2026-03-02,白,,,8-rubber-cap,#8 Rubber Cap,Rubber Cap,TM-755A-1,-,1824.98,365,5,25,1,585,0,0,0,1164.98,0,0,75,0,7344,0,0,,2026-06-27T00:00:00.000Z,,excel-seed
seed-8-rubber-cap-44,,,2026-03-03,白,,,8-rubber-cap,#8 Rubber Cap,Rubber Cap,TM-755A-1,-,1587,317.4,5,25,1,440,0,0,0,1102,0,0,45,0,4392,0,0,,2026-06-27T00:00:00.000Z,,excel-seed
seed-8-rubber-cap-45,,,2026-03-06,白,,,8-rubber-cap,#8 Rubber Cap,Rubber Cap,TM-755A-1,-,923.7,184.74,5,25,1,275,0,0,0,558.7,0,0,90,0,3384,0,0,,2026-06-27T00:00:00.000Z,,excel-seed
seed-8-rubber-cap-46,,,2026-03-10,白,,,8-rubber-cap,#8 Rubber Cap,Rubber Cap,TM-755A-1,-,1212.11,242.42,5,25,1,335,0,0,0,847.11,0,0,30,0,3312,0,0,,2026-06-27T00:00:00.000Z,,excel-seed
seed-8-rubber-cap-47,,,2026-03-14,白,,,8-rubber-cap,#8 Rubber Cap,Rubber Cap,TM-755A-1,-,1445.32,289.06,5,25,1,440,0,0,0,960.32,0,0,45,0,5040,0,0,,2026-06-27T00:00:00.000Z,,excel-seed
seed-8-rubber-cap-48,,,2026-03-16,白,,,8-rubber-cap,#8 Rubber Cap,Rubber Cap,TM-755A-1,-,1335.91,267.18,5,25,1,440,0,0,0,850.91,0,0,45,0,5688,0,0,,2026-06-27T00:00:00.000Z,,excel-seed
seed-8-rubber-cap-49,,,2026-03-17,白,,,8-rubber-cap,#8 Rubber Cap,Rubber Cap,TM-755A-1,-,1358.02,271.6,5,25,1,440,0,0,0,873.02,0,0,45,0,5544,0,0,,2026-06-27T00:00:00.000Z,,excel-seed
seed-8-rubber-cap-50,,,2026-03-18,白,,,8-rubber-cap,#8 Rubber Cap,Rubber Cap,TM-755A-1,-,2293.35,458.67,5,25,1,590,0,0,0,1633.35,0,0,70,0,5328,0,0,,2026-06-27T00:00:00.000Z,,excel-seed
seed-8-rubber-cap-51,,,2026-03-19,白,,,8-rubber-cap,#8 Rubber Cap,Rubber Cap,TM-755A-1,-,1231.91,246.38,5,25,1,440,0,0,0,746.91,0,0,45,0,6480,0,0,,2026-06-27T00:00:00.000Z,,excel-seed
seed-8-rubber-cap-52,,,2026-03-20,白,,,8-rubber-cap,#8 Rubber Cap,Rubber Cap,TM-755A-1,-,1231.91,246.38,5,25,1,440,0,0,0,746.91,0,0,45,0,6480,0,0,,2026-06-27T00:00:00.000Z,,excel-seed
seed-8-rubber-cap-53,,,2026-03-21,白,,,8-rubber-cap,#8 Rubber Cap,Rubber Cap,TM-755A-1,-,1000.21,200.04,5,25,1,330,0,0,0,630.21,0,0,40,0,4320,0,0,,2026-06-27T00:00:00.000Z,,excel-seed
seed-8-rubber-cap-54,,,2026-03-23,白,,,8-rubber-cap,#8 Rubber Cap,Rubber Cap,TM-755A-1,-,1980.31,396.06,5,25,1,585,0,0,0,1320.31,0,0,75,0,6480,0,0,,2026-06-27T00:00:00.000Z,,excel-seed
seed-8-rubber-cap-55,,,2026-03-24,白,,,8-rubber-cap,#8 Rubber Cap,Rubber Cap,TM-755A-1,-,1980.31,396.06,5,25,1,585,0,0,0,1320.31,0,0,75,0,6480,0,0,,2026-06-27T00:00:00.000Z,,excel-seed
seed-8-rubber-cap-56,,,2026-03-25,白,,,8-rubber-cap,#8 Rubber Cap,Rubber Cap,TM-755A-1,-,1980.31,396.06,5,25,1,585,0,0,0,1320.31,0,0,75,0,6480,0,0,,2026-06-27T00:00:00.000Z,,excel-seed
seed-8-rubber-cap-57,,,2026-03-26,白,,,8-rubber-cap,#8 Rubber Cap,Rubber Cap,TM-755A-1,-,431.13,86.23,5,25,1,115,0,0,0,306.13,0,0,10,0,1080,0,0,,2026-06-27T00:00:00.000Z,,excel-seed
seed-8-rubber-cap-58,,,2026-03-31,白,,,8-rubber-cap,#8 Rubber Cap,Rubber Cap,TM-755A-1,-,1352.05,270.41,5,25,1,370,0,0,0,932.05,0,0,0,50,3672,0,0,,2026-06-27T00:00:00.000Z,,excel-seed
seed-8-rubber-cap-59,,,2026-04-01,白,,,8-rubber-cap,#8 Rubber Cap,Rubber Cap,TM-755A-1,-,2017.02,403.4,5,25,1,545,0,0,0,1357.02,0,0,65,50,5472,0,0,,2026-06-27T00:00:00.000Z,,excel-seed
seed-8-rubber-cap-60,,,2026-04-02,白,,,8-rubber-cap,#8 Rubber Cap,Rubber Cap,TM-755A-1,-,2145.35,429.07,5,25,1,585,0,0,0,1485.35,0,0,75,0,5760,0,0,,2026-06-27T00:00:00.000Z,,excel-seed
seed-8-rubber-cap-61,,,2026-04-03,白,,,8-rubber-cap,#8 Rubber Cap,Rubber Cap,TM-755A-1,-,2846.41,569.28,5,25,1,690,0,0,0,2066.41,0,0,90,0,5760,0,0,,2026-06-27T00:00:00.000Z,,excel-seed
seed-8-rubber-cap-62,,,2026-04-04,白,,,8-rubber-cap,#8 Rubber Cap,Rubber Cap,TM-755A-1,-,1440.32,288.06,5,25,1,440,0,0,0,960.32,0,0,40,0,5040,0,0,,2026-06-27T00:00:00.000Z,,excel-seed
seed-8-rubber-cap-63,,,2026-04-06,白,,,8-rubber-cap,#8 Rubber Cap,Rubber Cap,TM-755A-1,-,1447.55,289.51,5,25,1,375,0,0,0,787.55,0,0,285,0,4464,0,0,,2026-06-27T00:00:00.000Z,,excel-seed
seed-8-rubber-cap-64,,,2026-04-07,白,,,8-rubber-cap,#8 Rubber Cap,Rubber Cap,TM-755A-1,-,2143.02,428.6,5,25,1,620,0,0,0,1483.02,0,0,40,0,6480,0,0,,2026-06-27T00:00:00.000Z,,excel-seed
seed-8-rubber-cap-65,,,2026-04-08,白,,,8-rubber-cap,#8 Rubber Cap,Rubber Cap,TM-755A-1,-,2040.59,408.12,5,25,1,590,0,0,30,1380.59,0,0,40,0,6624,0,0,,2026-06-27T00:00:00.000Z,,excel-seed
seed-8-rubber-cap-66,,,2026-04-09,白,,,8-rubber-cap,#8 Rubber Cap,Rubber Cap,TM-755A-1,-,1105.74,221.15,5,25,1,320,0,0,0,740.74,0,0,40,5,3456,0,0,,2026-06-27T00:00:00.000Z,,excel-seed
seed-8-rubber-cap-67,,,2026-04-10,白,,,8-rubber-cap,#8 Rubber Cap,Rubber Cap,TM-755A-1,-,1580.73,316.15,5,25,1,470,0,0,0,1095.73,0,0,10,5,5040,0,0,,2026-06-27T00:00:00.000Z,,excel-seed
seed-8-rubber-cap-68,,,2026-04-11,白,,,8-rubber-cap,#8 Rubber Cap,Rubber Cap,TM-755A-1,-,1073.91,214.78,5,25,1,350,0,0,0,708.91,0,0,10,5,4320,0,0,,2026-06-27T00:00:00.000Z,,excel-seed
seed-8-rubber-cap-69,,,2026-04-16,白,,,8-rubber-cap,#8 Rubber Cap,Rubber Cap,TM-755A-1,-,2109.12,421.82,5,25,1,585,0,0,0,1449.12,0,0,70,5,5904,0,0,,2026-06-27T00:00:00.000Z,,excel-seed
seed-8-rubber-cap-70,,,2026-04-17,白,,,8-rubber-cap,#8 Rubber Cap,Rubber Cap,TM-755A-1,-,2119.2,423.84,5,25,1,615,0,0,0,1459.2,0,0,40,5,6480,0,0,,2026-06-27T00:00:00.000Z,,excel-seed
seed-8-rubber-cap-71,,,2026-04-18,白,,,8-rubber-cap,#8 Rubber Cap,Rubber Cap,TM-755A-1,-,1457.8,291.56,5,25,1,410,0,0,0,972.8,0,0,70,5,4320,0,0,,2026-06-27T00:00:00.000Z,,excel-seed
seed-8-rubber-cap-72,,,2026-04-20,白,,,8-rubber-cap,#8 Rubber Cap,Rubber Cap,TM-755A-1,-,540.62,108.12,5,25,1,150,0,0,0,390.62,0,0,0,0,1440,0,0,,2026-06-27T00:00:00.000Z,,excel-seed
seed-8-rubber-cap-73,,,2026-04-21,白,,,8-rubber-cap,#8 Rubber Cap,Rubber Cap,TM-755A-1,-,2143.02,428.6,5,25,1,620,0,0,0,1483.02,0,0,40,0,6480,0,0,,2026-06-27T00:00:00.000Z,,excel-seed
seed-8-rubber-cap-74,,,2026-04-22,白,,,8-rubber-cap,#8 Rubber Cap,Rubber Cap,TM-755A-1,-,2191.25,438.25,5,25,1,630,0,0,0,1531.25,0,0,30,0,6480,0,0,,2026-06-27T00:00:00.000Z,,excel-seed
seed-8-rubber-cap-75,,,2026-04-23,白,,,8-rubber-cap,#8 Rubber Cap,Rubber Cap,TM-755A-1,-,1605.37,321.07,5,25,1,440,0,0,0,1120.37,0,0,40,5,4320,0,0,,2026-06-27T00:00:00.000Z,,excel-seed
seed-8-rubber-cap-76,,,2026-04-24,白,,,8-rubber-cap,#8 Rubber Cap,Rubber Cap,TM-755A-1,-,2143.02,428.6,5,25,1,620,0,0,0,1483.02,0,0,40,0,6480,0,0,,2026-06-27T00:00:00.000Z,,excel-seed
seed-8-rubber-cap-77,,,2026-04-27,白,,,8-rubber-cap,#8 Rubber Cap,Rubber Cap,TM-755A-1,-,2143.02,428.6,5,25,1,620,0,0,0,1483.02,0,0,40,0,6480,0,0,,2026-06-27T00:00:00.000Z,,excel-seed
seed-8-rubber-cap-78,,,2026-04-28,白,,,8-rubber-cap,#8 Rubber Cap,Rubber Cap,TM-755A-1,-,1763.36,352.67,5,25,1,470,0,0,0,1278.36,0,0,10,5,4320,0,0,,2026-06-27T00:00:00.000Z,,excel-seed
seed-8-rubber-cap-79,,,2026-04-29,白,,,8-rubber-cap,#8 Rubber Cap,Rubber Cap,TM-755A-1,-,1612.96,322.59,5,25,1,470,0,0,0,1127.96,0,0,10,5,4896,0,0,,2026-06-27T00:00:00.000Z,,excel-seed
seed-8-rubber-cap-80,,,2026-04-30,白,,,8-rubber-cap,#8 Rubber Cap,Rubber Cap,TM-755A-1,-,1722.12,344.42,5,25,1,470,0,0,0,1237.12,0,0,10,5,4464,0,0,,2026-06-27T00:00:00.000Z,,excel-seed
seed-8-rubber-cap-81,,,2026-05-02,白,,,8-rubber-cap,#8 Rubber Cap,Rubber Cap,TM-755A-1,-,2064.97,412.99,5,25,1,620,0,0,0,1404.97,0,0,40,0,6840,0,0,,2026-06-27T00:00:00.000Z,,excel-seed
seed-8-rubber-cap-82,,,2026-05-04,白,,,8-rubber-cap,#8 Rubber Cap,Rubber Cap,TM-755A-1,-,816.86,163.37,5,25,1,265,0,0,0,541.86,0,0,10,0,3240,0,0,,2026-06-27T00:00:00.000Z,,excel-seed
seed-8-rubber-cap-83,,,2026-05-05,白,,,8-rubber-cap,#8 Rubber Cap,Rubber Cap,TM-755A-1,-,1535.7,307.14,5,25,1,470,0,0,0,1050.7,0,0,10,5,5256,0,0,,2026-06-27T00:00:00.000Z,,excel-seed
seed-8-rubber-cap-84,,,2026-05-06,白,,,8-rubber-cap,#8 Rubber Cap,Rubber Cap,TM-755A-1,-,793.8,158.76,5,25,1,265,0,0,0,518.8,0,0,10,0,3384,0,0,,2026-06-27T00:00:00.000Z,,excel-seed
seed-8-rubber-cap-85,,,2026-05-08,白,,,8-rubber-cap,#8 Rubber Cap,Rubber Cap,TM-755A-1,-,800.56,160.11,5,25,1,240,0,0,0,555.56,0,0,0,5,2592,0,0,,2026-06-27T00:00:00.000Z,,excel-seed
seed-8-rubber-cap-86,,,2026-05-13,白,,,8-rubber-cap,#8 Rubber Cap,Rubber Cap,TM-755A-1,-,2079.92,415.98,5,25,1,620,0,0,0,1419.92,0,0,40,0,6768,0,0,,2026-06-27T00:00:00.000Z,,excel-seed
seed-8-rubber-cap-87,,,2026-05-14,白,,,8-rubber-cap,#8 Rubber Cap,Rubber Cap,TM-755A-1,-,560,112,5,25,1,180,0,0,0,375,0,0,0,5,2160,0,0,,2026-06-27T00:00:00.000Z,,excel-seed
seed-8-rubber-cap-88,,,2026-05-16,白,,,8-rubber-cap,#8 Rubber Cap,Rubber Cap,TM-755A-1,-,1745.07,349.01,5,25,1,500,0,0,0,1085.07,0,0,160,0,5760,0,0,,2026-06-27T00:00:00.000Z,,excel-seed
seed-8-rubber-cap-89,,,2026-05-18,白,,,8-rubber-cap,#8 Rubber Cap,Rubber Cap,TM-755A-1,-,745,149,5,25,1,240,0,0,0,500,0,0,0,5,2880,0,0,,2026-06-27T00:00:00.000Z,,excel-seed
seed-8-rubber-cap-90,,,2026-05-20,白,,,8-rubber-cap,#8 Rubber Cap,Rubber Cap,TM-755A-1,-,640.1,128.02,5,25,1,195,0,0,0,440.1,0,0,0,5,2160,0,0,,2026-06-27T00:00:00.000Z,,excel-seed
seed-8-rubber-cap-91,,,2026-05-21,白,,,8-rubber-cap,#8 Rubber Cap,Rubber Cap,TM-755A-1,-,1315.34,263.07,5,25,1,380,0,0,0,895.34,0,0,40,0,4032,0,0,,2026-06-27T00:00:00.000Z,,excel-seed
seed-8-rubber-cap-92,,,2026-05-22,白,,,8-rubber-cap,#8 Rubber Cap,Rubber Cap,TM-755A-1,-,2064.97,412.99,5,25,1,620,0,0,0,1404.97,0,0,40,0,6840,0,0,,2026-06-27T00:00:00.000Z,,excel-seed
seed-8-rubber-cap-93,,,2026-05-23,白,,,8-rubber-cap,#8 Rubber Cap,Rubber Cap,TM-755A-1,-,827.52,165.5,5,25,1,230,0,0,0,592.52,0,0,0,5,2232,0,0,,2026-06-27T00:00:00.000Z,,excel-seed
seed-8-rubber-cap-94,,,2026-05-25,白,,,8-rubber-cap,#8 Rubber Cap,Rubber Cap,TM-755A-1,-,489.67,97.93,5,25,1,150,0,0,0,339.67,0,0,0,0,1656,0,0,,2026-06-27T00:00:00.000Z,,excel-seed
seed-8-rubber-cap-95,,,2026-05-26,白,,,8-rubber-cap,#8 Rubber Cap,Rubber Cap,TM-755A-1,-,1535.7,307.14,5,25,1,470,0,0,0,1050.7,0,0,10,5,5256,0,0,,2026-06-27T00:00:00.000Z,,excel-seed
seed-8-rubber-cap-96,,,2026-05-27,白,,,8-rubber-cap,#8 Rubber Cap,Rubber Cap,TM-755A-1,-,1580.73,316.15,5,25,1,470,0,0,0,1095.73,0,0,10,5,5040,0,0,,2026-06-27T00:00:00.000Z,,excel-seed
seed-8-rubber-cap-97,,,2026-05-28,白,,,8-rubber-cap,#8 Rubber Cap,Rubber Cap,TM-755A-1,-,1535.7,307.14,5,25,1,470,0,0,0,1050.7,0,0,10,5,5256,0,0,,2026-06-27T00:00:00.000Z,,excel-seed
seed-8-rubber-cap-98,,,2026-06-02,白,,,8-rubber-cap,#8 Rubber Cap,Rubber Cap,TM-755A-1,-,1271.81,254.36,5,25,1,390,0,0,0,851.81,0,0,30,0,4464,0,0,,2026-06-27T00:00:00.000Z,,excel-seed
seed-8-rubber-cap-99,,,2026-06-04,白,,,8-rubber-cap,#8 Rubber Cap,Rubber Cap,TM-755A-1,-,2080.75,416.15,5,25,1,630,0,0,0,1420.75,0,0,30,0,6984,0,0,,2026-06-27T00:00:00.000Z,,excel-seed
seed-8-rubber-cap-100,,,2026-06-09,白,,,8-rubber-cap,#8 Rubber Cap,Rubber Cap,TM-755A-1,-,1494.23,298.85,5,25,1,470,0,0,0,1009.23,0,0,10,5,5472,0,0,,2026-06-27T00:00:00.000Z,,excel-seed
seed-8-rubber-cap-101,,,2026-06-11,白,,,8-rubber-cap,#8 Rubber Cap,Rubber Cap,TM-755A-1,-,1830.81,366.16,5,25,1,620,0,0,0,1170.81,0,0,40,0,8208,0,0,,2026-06-27T00:00:00.000Z,,excel-seed
seed-8-rubber-cap-102,,,2026-06-12,白,,,8-rubber-cap,#8 Rubber Cap,Rubber Cap,TM-755A-1,-,2011.1,402.22,5,25,1,630,0,0,0,1351.1,0,0,30,0,7344,0,0,,2026-06-27T00:00:00.000Z,,excel-seed
seed-8-rubber-cap-103,,,2026-06-15,白,,,8-rubber-cap,#8 Rubber Cap,Rubber Cap,TM-755A-1,-,1994.72,398.94,5,25,1,620,0,0,0,1334.72,0,0,40,0,7200,0,0,,2026-06-27T00:00:00.000Z,,excel-seed
seed-8-rubber-cap-104,,,2026-06-16,白,,,8-rubber-cap,#8 Rubber Cap,Rubber Cap,TM-755A-1,-,2079.92,415.98,5,25,1,620,0,0,0,1419.92,0,0,40,0,6768,0,0,,2026-06-27T00:00:00.000Z,,excel-seed
seed-8-rubber-cap-105,,,2026-06-17,白,,,8-rubber-cap,#8 Rubber Cap,Rubber Cap,TM-755A-1,-,2036,407.2,5,25,1,620,0,0,0,1376,0,0,40,0,6984,0,0,,2026-06-27T00:00:00.000Z,,excel-seed
seed-8-rubber-cap-106,,,2026-06-18,白,,,8-rubber-cap,#8 Rubber Cap,Rubber Cap,TM-755A-1,-,889.03,177.81,5,25,1,290,0,0,0,584.03,0,0,10,5,3600,0,0,,2026-06-27T00:00:00.000Z,,excel-seed
seed-8-rubber-cap-107,,,2026-06-19,白,,,8-rubber-cap,#8 Rubber Cap,Rubber Cap,TM-755A-1,-,1580.73,316.15,5,25,1,470,0,0,0,1095.73,0,0,10,5,5040,0,0,,2026-06-27T00:00:00.000Z,,excel-seed
seed-8-rubber-cap-108,,,2026-06-22,白,,,8-rubber-cap,#8 Rubber Cap,Rubber Cap,TM-755A-1,-,1841.17,368.23,5,25,1,620,0,0,0,1181.17,0,0,40,0,8136,0,0,,2026-06-27T00:00:00.000Z,,excel-seed
seed-8-rubber-cap-109,,,2026-06-23,白,,,8-rubber-cap,#8 Rubber Cap,Rubber Cap,TM-755A-1,-,1794.18,358.84,5,25,1,530,0,0,0,1219.18,0,0,40,5,5760,0,0,,2026-06-27T00:00:00.000Z,,excel-seed
seed-8-rubber-cap-110,,,2026-06-24,白,,,8-rubber-cap,#8 Rubber Cap,Rubber Cap,TM-755A-1,-,1580.73,316.15,5,25,1,470,0,0,0,1095.73,0,0,10,5,5040,0,0,,2026-06-27T00:00:00.000Z,,excel-seed
seed-8-rubber-cap-111,,,2026-06-25,白,,,8-rubber-cap,#8 Rubber Cap,Rubber Cap,TM-755A-1,-,745,149,5,25,1,240,0,0,0,500,0,0,0,5,2880,0,0,,2026-06-27T00:00:00.000Z,,excel-seed
seed-c1-1,,,2026-04-03,D,,,c1,C1,PASSIVE BRACKET,SB-068C-2,-,822.63,164.53,5,0.4,1,360,0,5,55,337.63,0,0,60,5,177,17,0,,2026-06-27T00:00:00.000Z,,excel-seed
seed-c1-2,,,2026-04-06,D,,,c1,C1,PASSIVE BRKT,SB-092B-2,-,673.07,134.61,5,0.25,1,285,0,10,5,313.07,0,0,60,0,66,21,0,,2026-06-27T00:00:00.000Z,,excel-seed
seed-c1-3,,,2026-04-06,N,,,c1,C1,PASSIVE BRKT,SB-092B-2,-,561.05,112.21,5,0.25,1,285,0,45,0,201.05,0,0,25,5,101,11,0,,2026-06-27T00:00:00.000Z,,excel-seed
seed-c1-4,,,2026-04-07,D,,,c1,C1,PASSIVE BRKT,SB-092B-2,-,1211.86,242.37,5,0.25,1,495,0,65,0,551.86,0,0,100,0,111,29,0,,2026-06-27T00:00:00.000Z,,excel-seed
seed-c1-5,,,2026-04-08,D,,,c1,C1,PASSIVE BRKT,SB-092B-2,-,1136.4,227.28,5,0.25,1,490,5,15,0,506.4,0,0,120,0,127,13,0,,2026-06-27T00:00:00.000Z,,excel-seed
seed-c1-6,,,2026-04-09,D,,,c1,C1,PASSIVE BRKT,SB-092B-2,-,840,168,5,0.25,1,410,0,10,0,350,0,10,55,5,123,8,0,,2026-06-27T00:00:00.000Z,,excel-seed
seed-c1-7,,,2026-04-10,N,,,c1,C1,PASSIVE BRKT,SB-092B-2,-,1122.58,224.52,5,0.25,1,545,5,35,0,462.58,0,0,75,0,162,20,0,,2026-06-27T00:00:00.000Z,,excel-seed
seed-c1-8,,,2026-04-11,D,,,c1,C1,PASSIVE BRKT,SB-092B-2,-,1046.82,209.36,5,0.25,1,300,0,20,0,681.82,0,0,40,5,33,0,0,,2026-06-27T00:00:00.000Z,,excel-seed
seed-c1-9,,,2026-04-16,D,,,c1,C1,PASSIVE BRKT,SB-092B-2,-,720.58,144.12,5,0.25,1,350,0,30,0,235.58,0,0,100,5,130,5,0,,2026-06-27T00:00:00.000Z,,excel-seed
seed-c1-10,,,2026-04-17,D,,,c1,C1,PASSIVE BRKT,SB-092B-2,-,770.71,154.14,5,0.25,1,400,0,20,0,285.71,0,0,60,5,140,1,0,,2026-06-27T00:00:00.000Z,,excel-seed
seed-c1-11,,,2027-04-17,D,,,c1,C1,PASSIVE BRKT,SB-092B-2,-,1101.44,220.29,5,0.25,1,570,0,25,0,441.44,0,0,65,0,184,0,0,,2026-06-27T00:00:00.000Z,,excel-seed
seed-c1-12,,,2027-04-20,D,,,c1,C1,PASSIVE BRKT,SB-092B-2,-,376.53,75.31,5,0.25,1,175,0,20,0,121.53,0,0,55,5,63,2,0,,2026-06-27T00:00:00.000Z,,excel-seed
seed-c1-13,,,2027-04-21,D,,,c1,C1,PASSIVE BRKT,SB-092B-2,-,1109.24,221.85,5,0.25,1,510,0,30,0,449.24,0,15,105,0,149,2,0,,2026-06-27T00:00:00.000Z,,excel-seed
seed-c1-14,,,2027-04-22,D,,,c1,C1,PASSIVE BRKT,SB-092B-2,-,770,154,5,0.25,1,380,0,20,0,285,0,10,70,5,130,3,0,,2026-06-27T00:00:00.000Z,,excel-seed
seed-c1-15,,,2027-04-23,D,,,c1,C1,PASSIVE BRKT,SB-092B-2,-,1112,222.4,5,0.25,1,560,5,25,0,452,0,0,70,0,175,0,0,,2026-06-27T00:00:00.000Z,,excel-seed
seed-c1-16,,,2027-04-24,D,,,c1,C1,PASSIVE BRKT,SB-092B-2,-,1103.37,220.67,5,0.25,1,565,0,25,0,443.37,0,0,70,0,180,0,0,,2026-06-27T00:00:00.000Z,,excel-seed
seed-c1-17,,,2027-04-25,D,,,c1,C1,PASSIVE BRKT,SB-092B-2,-,1069.84,213.97,5,0.25,1,560,5,25,0,409.84,0,0,70,0,193,2,0,,2026-06-27T00:00:00.000Z,,excel-seed
seed-c1-18,,,2027-04-27,D,,,c1,C1,PASSIVE BRKT,SB-092B-2,-,1096.1,219.22,5,0.25,1,565,0,25,0,436.1,0,0,70,0,183,2,0,,2026-06-27T00:00:00.000Z,,excel-seed
seed-c1-19,,,2027-04-28,D,,,c1,C1,PASSIVE BRKT,SB-092B-2,-,1087.57,217.51,5,0.25,1,560,5,25,0,427.57,0,0,70,0,185,0,0,,2026-06-27T00:00:00.000Z,,excel-seed
seed-c1-20,,,2027-04-30,D,,,c1,C1,PASSIVE BRKT,SB-092B-2,-,737.97,147.59,5,0.25,1,345,0,40,0,247.97,0,0,100,5,120,0,0,,2026-06-27T00:00:00.000Z,,excel-seed
seed-c1-21,,,2027-04-30,N,,,c1,C1,PASSIVE BRKT,SB-092B-2,-,698,139.6,5,0.25,1,260,0,30,0,338,0,0,65,5,50,2,0,,2026-06-27T00:00:00.000Z,,excel-seed
seed-c1-22,,,2027-05-02,D,,,c1,C1,PASSIVE BRKT,SB-092B-2,-,831.39,166.28,5,0.25,1,430,5,20,0,346.39,0,0,25,5,135,0,0,,2026-06-27T00:00:00.000Z,,excel-seed
seed-c1-23,,,2027-05-05,D,,,c1,C1,PASSIVE BRKT,SB-092B-2,-,1095.56,219.11,5,0.25,1,560,0,25,0,435.56,0,0,75,0,180,0,0,,2026-06-27T00:00:00.000Z,,excel-seed
seed-c1-24,,,2027-05-06,D,,,c1,C1,PASSIVE BRKT,SB-092B-2,-,350.87,70.17,5,0.25,1,185,5,10,0,105.87,0,0,45,0,83,0,0,,2026-06-27T00:00:00.000Z,,excel-seed
seed-c1-25,,,2027-05-07,N,,,c1,C1,PASSIVE BRACKET,SB-068C-2,-,557.06,111.41,5,0.4,1,125,5,5,0,397.06,0,5,20,0,17,9,0,,2026-06-27T00:00:00.000Z,,excel-seed
seed-c1-26,,,2027-05-09,D,,,c1,C1,PASSIVE BRACKET,SB-068C-2,-,880.36,176.07,5,0.4,1,405,5,20,0,395.36,0,0,50,5,168,0,0,,2026-06-27T00:00:00.000Z,,excel-seed
seed-c1-27,,,2027-05-11,D,,,c1,C1,PASSIVE BRACKET,SB-068C-2,-,1312.55,262.51,5,0.4,1,585,5,25,0,627.55,0,0,70,0,220,3,0,,2026-06-27T00:00:00.000Z,,excel-seed
seed-c1-28,,,2027-05-12,D,,,c1,C1,PASSIVE BRACKET,SB-068C-2,-,515.89,103.18,5,0.4,1,205,0,15,0,235.89,5,0,55,0,73,0,0,,2026-06-27T00:00:00.000Z,,excel-seed
seed-c1-29,,,2027-05-13,D,,,c1,C1,PASSIVE BRACKET,SB-068C-2,-,1225,245,5,0.4,1,560,5,25,0,565,0,0,70,0,224,2,0,,2026-06-27T00:00:00.000Z,,excel-seed
seed-c1-30,,,2027-05-14,D,,,c1,C1,PASSIVE BRACKET,SB-068C-2,-,955.43,191.09,5,0.4,1,405,0,20,0,475.43,0,0,50,5,138,17,0,,2026-06-27T00:00:00.000Z,,excel-seed
seed-c1-31,,,2027-05-15,N,,,c1,C1,PASSIVE BRACKET,SB-068C-2,-,1151.04,230.21,5,0.4,1,470,0,30,55,491.04,0,0,105,0,201,4,0,,2026-06-27T00:00:00.000Z,,excel-seed
seed-c1-32,,,2027-05-16,D,,,c1,C1,PASSIVE BRACKET,SB-068C-2,-,506.48,101.3,5,0.4,1,330,0,15,5,136.48,0,0,15,5,324,2,0,,2026-06-27T00:00:00.000Z,,excel-seed
seed-c1-33,,,2027-05-18,D,,,c1,C1,PASSIVE BRACKET,SB-068C-2,-,1160.24,232.05,5,0.4,1,560,5,25,0,500.24,0,0,70,0,253,4,0,,2026-06-27T00:00:00.000Z,,excel-seed
seed-c1-34,,,2027-05-19,D,,,c1,C1,PASSIVE BRACKET,SB-068C-2,-,1166.24,233.25,5,0.4,1,560,5,25,0,506.24,0,0,70,0,250,1,0,,2026-06-27T00:00:00.000Z,,excel-seed
seed-c1-35,,,2027-05-20,D,,,c1,C1,PASSIVE BRACKET,SB-068C-2,-,1099.44,219.89,5,0.4,1,560,5,25,0,439.44,0,0,70,0,288,0,0,,2026-06-27T00:00:00.000Z,,excel-seed
seed-c1-36,,,2027-05-21,D,,,c1,C1,PASSIVE BRACKET,SB-068C-2,-,1187.33,237.47,5,0.4,1,560,5,25,0,527.33,0,0,70,0,240,4,0,,2026-06-27T00:00:00.000Z,,excel-seed
seed-c1-37,,,2027-05-21,N,,,c1,C1,PASSIVE BRACKET,SB-068C-2,-,495.45,99.09,5,0.4,1,195,0,15,0,230.45,0,0,50,5,66,6,0,,2026-06-27T00:00:00.000Z,,excel-seed
seed-c1-38,,,2027-05-25,D,,,c1,C1,PASSIVE BRACKET,SB-068C-2,-,1143.05,228.61,5,0.4,1,560,0,25,0,483.05,0,5,70,0,262,3,0,,2026-06-27T00:00:00.000Z,,excel-seed
seed-c1-39,,,2027-05-26,D,,,c1,C1,PASSIVE BRACKET,SB-068C-2,-,1166.24,233.25,5,0.4,1,560,0,25,0,506.24,0,5,70,0,250,3,0,,2026-06-27T00:00:00.000Z,,excel-seed
seed-c1-40,,,2027-05-27,D,,,c1,C1,PASSIVE BRACKET,SB-068C-2,-,500.68,100.14,5,0.4,1,215,5,10,0,255.68,0,0,15,0,74,1,0,,2026-06-27T00:00:00.000Z,,excel-seed
seed-c1-41,,,2027-06-01,D,,,c1,C1,PASSIVE BRACKET,SB-068C-2,-,1291.85,258.37,5,0.4,1,555,0,30,0,631.85,0,0,75,0,195,7,0,,2026-06-27T00:00:00.000Z,,excel-seed
seed-c1-42,,,2027-06-01,N,,,c1,C1,PASSIVE BRACKET,SB-068C-2,-,1173.14,234.63,5,0.4,1,495,0,50,0,513.14,0,0,115,0,191,2,0,,2026-06-27T00:00:00.000Z,,excel-seed
seed-c1-43,,,2027-06-02,D,,,c1,C1,PASSIVE BRACKET,SB-068C-2,-,940.96,188.19,5,0.4,1,435,0,20,0,455.96,0,0,25,5,166,6,0,,2026-06-27T00:00:00.000Z,,excel-seed
seed-c1-44,,,2027-06-02,N,,,c1,C1,PASSIVE BRACKET,SB-068C-2,-,931.2,186.24,5,0.4,1,305,0,45,0,446.2,0,90,40,5,108,12,0,,2026-06-27T00:00:00.000Z,,excel-seed
seed-c1-45,,,2027-06-03,D,,,c1,C1,PASSIVE BRACKET,SB-068C-2,-,1215,243,5,0.4,1,555,0,30,0,555,0,0,75,0,222,3,0,,2026-06-27T00:00:00.000Z,,excel-seed
seed-c1-46,,,2027-06-03,N,,,c1,C1,PASSIVE BRACKET,SB-068C-2,-,1140.2,228.04,5,0.4,1,490,0,60,0,480.2,0,0,110,0,200,1,0,,2026-06-27T00:00:00.000Z,,excel-seed
seed-c1-47,,,2027-06-04,D,,,c1,C1,PASSIVE BRACKET,SB-068C-2,-,1132.93,226.59,5,0.4,1,565,0,25,0,472.93,0,0,70,0,270,0,0,,2026-06-27T00:00:00.000Z,,excel-seed
seed-c1-48,,,2027-06-04,N,,,c1,C1,PASSIVE BRACKET,SB-068C-2,-,884.04,176.81,5,0.4,1,335,5,40,0,399.04,0,65,40,0,136,0,0,,2026-06-27T00:00:00.000Z,,excel-seed
seed-c1-49,,,2027-06-05,N,,,c1,C1,PASSIVE BRACKET,SB-068C-2,-,958.15,191.63,5,0.4,1,385,0,40,0,478.15,0,0,55,0,124,0,0,,2026-06-27T00:00:00.000Z,,excel-seed
seed-c1-50,,,2027-06-05,D,,,c1,C1,PASSIVE BRACKET,SB-068C-2,-,1043.68,208.74,5,0.4,1,405,0,160,0,383.68,0,0,95,0,171,2,0,,2026-06-27T00:00:00.000Z,,excel-seed
seed-c1-51,,,2027-06-08,D,,,c1,C1,PASSIVE BRACKET,SB-068C-2,-,1004.65,200.93,5,0.4,1,485,0,45,0,344.65,0,0,130,0,273,3,0,,2026-06-27T00:00:00.000Z,,excel-seed
seed-c1-52,,,2027-06-08,N,,,c1,C1,PASSIVE BRACKET,SB-068C-2,-,1200.8,240.16,5,0.4,1,520,0,55,0,540.8,0,0,85,0,200,1,0,,2026-06-27T00:00:00.000Z,,excel-seed
seed-c1-53,,,2027-06-09,D,,,c1,C1,PASSIVE BRACKET,SB-068C-2,-,978.33,195.67,5,0.4,1,495,5,45,0,318.33,0,0,115,0,311,1,0,,2026-06-27T00:00:00.000Z,,excel-seed
seed-c1-54,,,2027-06-10,D,,,c1,C1,PASSIVE BRACKET,SB-068C-2,-,277.83,55.57,5,0.4,1,140,5,20,0,97.83,0,0,10,5,83,1,0,,2026-06-27T00:00:00.000Z,,excel-seed
seed-c1-55,,,2027-06-11,D,,,c1,C1,BRACKET,SB-075B-1-1,-,1931.89,386.38,5,1.5,4,315,0,65,0,1446.89,0,5,95,5,418,2,0,,2026-06-27T00:00:00.000Z,,excel-seed
seed-c1-56,,,2027-06-11,N,,,c1,C1,BRACKET,SB-075B-1-1,-,4287.03,857.41,5,1.5,4,435,0,25,0,3747.03,0,0,80,0,303,1,0,,2026-06-27T00:00:00.000Z,,excel-seed
seed-c1-57,,,2027-06-12,D,,,c1,C1,BRACKET,SB-075B-1-1,-,1901.96,380.39,5,1.5,4,345,0,40,0,1416.96,0,0,95,5,504,4,0,,2026-06-27T00:00:00.000Z,,excel-seed
seed-c1-58,,,2027-06-12,N,,,c1,C1,BRACKET,SB-075B-1-1,-,3185,637,5,1.5,4,500,5,50,0,2525,0,0,105,0,600,0,0,,2026-06-27T00:00:00.000Z,,excel-seed
seed-c1-59,,,2027-06-13,D,,,c1,C1,BRACKET,SB-075B-1-1,-,2755.44,551.09,5,1.5,4,500,0,50,0,2095.44,0,5,105,0,723,1,0,,2026-06-27T00:00:00.000Z,,excel-seed
seed-c1-60,,,2027-06-14,D,,,c1,C1,BRACKET,SB-075B-1-1,-,1230,246,5,1.5,4,130,0,10,0,1040,0,10,35,5,105,3,0,,2026-06-27T00:00:00.000Z,,excel-seed
seed-c1-61,,,2027-06-15,D,,,c1,C1,BRACKET,SB-075B-1-1,-,373.12,74.62,5,1.5,4,45,15,15,0,253.13,0,0,40,5,64,0,0,,2026-06-27T00:00:00.000Z,,excel-seed
seed-c1-62,,,2027-06-17,D,,,c1,C1,BRACKET,SB-075B-1-1,-,2918.3,583.66,5,1.5,4,240,0,115,180,2258.3,0,5,120,0,271,2,0,,2026-06-27T00:00:00.000Z,,excel-seed
seed-c1-63,,,2027-06-18,D,,,c1,C1,INNER,11-728A-1,-,2993.24,598.65,5,2,3,445,40,50,0,2333.24,0,0,125,0,555,2,0,,2026-06-27T00:00:00.000Z,,excel-seed
seed-c1-64,,,2027-06-19,D,,,c1,C1,INNER,11-728A-1,-,2713.07,542.61,5,2,3,490,0,50,0,2053.07,0,10,110,0,716,4,0,,2026-06-27T00:00:00.000Z,,excel-seed
seed-c1-65,,,2027-06-20,D,,,c1,C1,INNER,11-728A-1,-,2591.67,518.33,5,2,3,490,10,45,0,1931.67,0,0,115,0,761,1,0,,2026-06-27T00:00:00.000Z,,excel-seed
seed-c1-66,,,2027-06-22,D,,,c1,C1,INNER,11-728A-1,-,1972.93,394.59,5,2,3,335,0,30,0,1547.93,0,0,55,5,435,0,0,,2026-06-27T00:00:00.000Z,,excel-seed
seed-c2-1,,,2026-04-03,D,,,c2,C2,INNER,TM-865A-2,-,1536.85,307.37,5,1.5,4,335,0,190,55,876.85,0,0,80,0,894,59,0,,2026-06-27T00:00:00.000Z,,excel-seed
seed-c2-2,,,2026-04-03,N,,,c2,C2,INNER,TM-865A-2,-,1796.68,359.34,5,1.5,4,515,0,100,0,1136.68,0,0,45,0,1400,0,0,,2026-06-27T00:00:00.000Z,,excel-seed
seed-c2-3,,,2026-04-04,D,,,c2,C2,INNER,TM-865A-2,-,1331.13,266.23,5,1.5,4,305,0,40,200,671.13,0,0,115,0,1377,11,0,,2026-06-27T00:00:00.000Z,,excel-seed
seed-c2-4,,,2026-04-04,N,,,c2,C2,INNER,TM-865A-2,-,2125.08,425.02,5,1.5,4,605,0,25,0,1465.08,0,0,30,0,1499,1,0,,2026-06-27T00:00:00.000Z,,excel-seed
seed-c2-5,,,2026-04-06,D,,,c2,C2,INNER,TM-865A-2,-,1892.1,378.42,5,1.5,4,555,0,25,0,1232.1,0,0,80,0,1500,1,0,,2026-06-27T00:00:00.000Z,,excel-seed
seed-c2-6,,,2026-04-06,N,,,c2,C2,INNER,TM-865A-2,-,595.54,119.11,5,1.5,4,185,0,30,0,335.54,0,0,45,0,612,0,0,,2026-06-27T00:00:00.000Z,,excel-seed
seed-c2-7,,,2026-04-07,D,,,c2,C2,INNER,TM-865A-2,-,1794.28,358.86,5,1.5,4,545,10,25,0,1134.28,0,0,80,0,1600,0,0,,2026-06-27T00:00:00.000Z,,excel-seed
seed-c2-8,,,2026-04-07,N,,,c2,C2,INNER,TM-865A-2,-,1039.15,207.83,5,1.5,4,360,0,60,0,549.15,0,0,65,5,1416,0,0,,2026-06-27T00:00:00.000Z,,excel-seed
seed-c2-9,,,2026-04-08,N,,,c2,C2,INNER,TM-865A-2,-,968.18,193.64,5,1.5,4,370,0,70,0,483.18,0,0,40,5,1700,0,0,,2026-06-27T00:00:00.000Z,,excel-seed
seed-c2-10,,,2026-04-08,D,,,c2,C2,INNER,TM-865A-2,-,1453.25,290.65,5,1.5,4,505,5,20,0,833.25,0,0,90,0,2000,0,0,,2026-06-27T00:00:00.000Z,,excel-seed
seed-c2-11,,,2026-04-09,D,,,c2,C2,INNER,TM-865A-2,-,1603.07,320.61,5,1.5,4,530,0,25,0,943.07,0,5,100,0,1804,3,0,,2026-06-27T00:00:00.000Z,,excel-seed
seed-c2-12,,,2026-04-10,D,,,c2,C2,INNER,TM-865A-2,-,1578.75,315.75,5,1.5,4,525,0,25,0,918.75,0,0,110,0,1800,2,0,,2026-06-27T00:00:00.000Z,,excel-seed
seed-c2-13,,,2026-04-11,D,,,c2,C2,INNER,TM-865A-2,-,749.8,149.96,5,1.5,4,210,0,15,0,384.8,0,5,125,10,704,2,0,,2026-06-27T00:00:00.000Z,,excel-seed
seed-c2-14,,,2026-04-17,D,,,c2,C2,INNER,TM-865A-2,-,918.89,183.78,5,1.5,4,285,0,15,0,558.89,0,0,55,5,872,0,0,,2026-06-27T00:00:00.000Z,,excel-seed
seed-c2-15,,,2026-04-20,D,,,c2,C2,INNER,TM-865A-2,-,1614.51,322.9,5,1.5,4,510,5,25,0,954.51,0,0,120,0,1651,0,0,,2026-06-27T00:00:00.000Z,,excel-seed
seed-c2-16,,,2026-04-20,N,,,c2,C2,INNER,TM-865A-2,-,2070.92,414.18,5,1.5,4,575,0,40,0,1410.92,0,0,45,0,1406,2,0,,2026-06-27T00:00:00.000Z,,excel-seed
seed-c2-17,,,2026-04-21,D,,,c2,C2,INNER,TM-865A-2,-,1170.79,234.16,5,1.5,4,340,0,10,0,750.79,0,10,60,0,951,1,0,,2026-06-27T00:00:00.000Z,,excel-seed
seed-c2-18,,,2026-04-21,N,,,c2,C2,INNER,TM-865A-2,-,1750.35,350.07,5,1.5,4,515,15,30,0,1090.35,0,0,100,0,1502,2,0,,2026-06-27T00:00:00.000Z,,excel-seed
seed-c2-19,,,2026-04-22,D,,,c2,C2,INNER,TM-865A-2,-,1670.67,334.13,5,1.5,4,505,0,45,0,1010.67,0,0,105,5,1514,6,0,,2026-06-27T00:00:00.000Z,,excel-seed
seed-c2-20,,,2026-04-22,N,,,c2,C2,INNER,TM-865A-2,-,1631.82,326.36,5,1.5,4,485,50,30,0,971.82,0,0,95,0,1602,0,0,,2026-06-27T00:00:00.000Z,,excel-seed
seed-c2-21,,,2026-04-23,D,,,c2,C2,INNER,TM-865A-2,-,1733.34,346.67,5,1.5,4,535,0,25,0,1073.34,0,0,100,0,1600,0,0,,2026-06-27T00:00:00.000Z,,excel-seed
seed-c2-22,,,2026-04-23,N,,,c2,C2,INNER,TM-865A-2,-,1804.9,360.98,5,1.5,4,535,0,25,0,1144.9,0,0,100,0,1500,0,0,,2026-06-27T00:00:00.000Z,,excel-seed
seed-c2-23,,,2026-04-24,D,,,c2,C2,INNER,TM-865A-2,-,1810.23,362.05,5,1.5,4,535,5,20,0,1150.23,0,0,100,0,1507,1,0,,2026-06-27T00:00:00.000Z,,excel-seed
seed-c2-24,,,2026-04-24,N,,,c2,C2,INNER,TM-865A-2,-,1803.38,360.68,5,1.5,4,535,0,25,0,1143.38,0,0,100,0,1502,2,0,,2026-06-27T00:00:00.000Z,,excel-seed
seed-c2-25,,,2026-04-25,D,,,c2,C2,INNER,TM-865A-2,-,1158.64,231.73,5,1.5,4,380,10,20,0,673.64,0,0,70,5,1320,0,0,,2026-06-27T00:00:00.000Z,,excel-seed
seed-c2-26,,,2026-04-25,N,,,c2,C2,INNER,TM-865A-2,-,1848.1,369.62,5,1.5,4,545,0,25,0,1188.1,0,0,90,0,1500,0,0,,2026-06-27T00:00:00.000Z,,excel-seed
seed-c2-27,,,2026-04-26,D,,,c2,C2,INNER,TM-865A-2,-,1571.17,314.23,5,1.5,4,535,10,25,0,911.17,0,0,90,0,1920,0,0,,2026-06-27T00:00:00.000Z,,excel-seed
seed-c2-28,,,2026-04-26,N,,,c2,C2,INNER,TM-865A-2,-,1911.72,382.34,5,1.5,4,550,0,25,0,1251.72,0,0,85,0,1450,2,0,,2026-06-27T00:00:00.000Z,,excel-seed
seed-c2-29,,,2026-04-27,D,,,c2,C2,INNER,TM-865A-2,-,1932.96,386.59,5,1.5,4,545,0,25,0,1272.96,0,0,90,0,1400,0,0,,2026-06-27T00:00:00.000Z,,excel-seed
seed-c2-30,,,2026-04-28,D,,,c2,C2,INNER,TM-865A-2,-,2017.2,403.44,5,1.5,4,580,5,25,0,1357.2,0,0,50,0,1500,0,0,,2026-06-27T00:00:00.000Z,,excel-seed
seed-c2-31,,,2026-04-28,N,,,c2,C2,INNER,TM-865A-2,-,1730.38,346.08,5,1.5,4,530,20,25,0,1070.38,0,0,85,0,1634,0,0,,2026-06-27T00:00:00.000Z,,excel-seed
seed-c2-32,,,2026-04-30,D,,,c2,C2,INNER,TM-865A-2,-,1398.51,279.7,5,1.5,4,390,0,20,0,913.51,0,0,70,5,999,1,0,,2026-06-27T00:00:00.000Z,,excel-seed
seed-c2-33,,,2026-05-02,D,,,c2,C2,INNER,TM-865A-2,-,1611.9,322.38,5,1.5,4,190,240,10,0,1126.9,0,0,40,5,435,0,0,,2026-06-27T00:00:00.000Z,,excel-seed
seed-c2-34,,,2026-05-02,N,,,c2,C2,INNER,TM-865A-2,-,1419.8,283.96,5,1.5,4,380,30,20,0,934.8,0,0,50,5,1000,0,0,,2026-06-27T00:00:00.000Z,,excel-seed
seed-c2-35,,,2026-05-04,D,,,c2,C2,INNER,TM-865A-2,-,1794.2,358.84,5,1.5,4,530,5,25,0,1134.2,0,0,100,0,1500,0,0,,2026-06-27T00:00:00.000Z,,excel-seed
seed-c2-36,,,2026-05-04,N,,,c2,C2,INNER,TM-865A-2,-,871.94,174.39,5,1.5,4,205,0,10,0,626.94,0,5,20,5,412,0,0,,2026-06-27T00:00:00.000Z,,excel-seed
seed-c2-37,,,2026-05-05,D,,,c2,C2,INNER,TM-865A-2,-,1123.8,224.76,5,1.5,4,340,5,15,0,703.8,0,0,60,0,1000,0,0,,2026-06-27T00:00:00.000Z,,excel-seed
seed-c2-38,,,2026-05-05,N,,,c2,C2,INNER,TM-865A-2,-,1891,378.2,5,1.5,4,425,0,50,0,1326,0,0,90,0,1000,0,0,,2026-06-27T00:00:00.000Z,,excel-seed
seed-c2-39,,,2026-05-06,D,,,c2,C2,INNER,TM-865A-2,-,1172.19,234.44,5,1.5,4,385,5,20,0,687.19,0,0,70,5,1311,1,0,,2026-06-27T00:00:00.000Z,,excel-seed
seed-c2-40,,,2026-05-06,N,,,c2,C2,INNER,TM-865A-2,-,1936.24,387.25,5,1.5,4,550,10,20,0,1276.24,0,0,80,0,1448,1,0,,2026-06-27T00:00:00.000Z,,excel-seed
seed-c2-41,,,2026-05-07,D,,,c2,C2,INNER,TM-865A-2,-,1804.9,360.98,5,1.5,4,535,0,25,0,1144.9,0,0,100,0,1500,0,0,,2026-06-27T00:00:00.000Z,,excel-seed
seed-c2-42,,,2026-05-07,N,,,c2,C2,INNER,TM-865A-2,-,1568.75,313.75,5,1.5,4,425,0,15,0,1083.75,0,0,40,5,1000,0,0,,2026-06-27T00:00:00.000Z,,excel-seed
seed-c2-43,,,2026-05-08,D,,,c2,C2,INNER,TM-865A-2,-,1827.47,365.49,5,1.5,4,535,0,25,0,1167.47,0,0,100,0,1471,1,0,,2026-06-27T00:00:00.000Z,,excel-seed
seed-c2-44,,,2026-05-09,D,,,c2,C2,INNER,TM-865A-2,-,1299.39,259.88,5,1.5,4,355,0,20,0,849.39,0,0,70,5,978,1,0,,2026-06-27T00:00:00.000Z,,excel-seed
seed-c2-45,,,2026-05-14,N,,,c2,C2,INNER,TM-865A-2,-,2048.68,409.74,5,1.5,4,550,0,25,0,1388.68,0,0,85,0,1307,1,0,,2026-06-27T00:00:00.000Z,,excel-seed
seed-c2-46,,,2026-05-15,D,,,c2,C2,INNER,TM-865A-2,-,1654.5,330.9,5,1.5,4,390,5,135,30,994.5,0,0,100,0,1000,0,0,,2026-06-27T00:00:00.000Z,,excel-seed
seed-c2-47,,,2026-05-18,D,,,c2,C2,INNER,TM-865A-2,-,1423.56,284.71,5,1.5,4,415,0,20,0,938.56,0,0,45,5,1101,3,0,,2026-06-27T00:00:00.000Z,,excel-seed
seed-c2-48,,,2026-05-18,N,,,c2,C2,INNER,TM-865A-2,-,1763.79,352.76,5,1.5,4,505,5,50,0,1103.79,0,0,100,0,1400,0,0,,2026-06-27T00:00:00.000Z,,excel-seed
seed-c2-49,,,2026-05-19,D,,,c2,C2,INNER,TM-865A-2,-,1744.01,348.8,5,1.5,4,510,15,25,0,1084.01,0,0,110,0,1482,2,0,,2026-06-27T00:00:00.000Z,,excel-seed
seed-c2-50,,,2026-05-20,D,,,c2,C2,INNER,TM-865A-2,-,1588.51,317.7,5,1.5,4,450,5,25,20,983.51,0,0,100,5,1304,1,0,,2026-06-27T00:00:00.000Z,,excel-seed
seed-c2-51,,,2026-05-21,N,,,c2,C2,INNER,TM-865A-2,-,1694.78,338.96,5,1.5,4,505,10,45,0,1034.78,0,0,100,0,1508,0,0,,2026-06-27T00:00:00.000Z,,excel-seed
seed-c2-52,,,2026-05-23,D,,,c2,C2,INNER,TM-865A-2,-,1334.28,266.86,5,1.5,4,380,10,20,0,849.28,0,0,70,5,1047,1,0,,2026-06-27T00:00:00.000Z,,excel-seed
seed-c2-53,,,2026-05-23,N,,,c2,C2,INNER,TM-865A-2,-,1260.41,252.08,5,1.5,4,365,5,40,0,775.41,0,0,70,5,1045,0,0,,2026-06-27T00:00:00.000Z,,excel-seed
seed-c2-54,,,2026-05-27,D,,,c2,C2,INNER,TM-865A-2,-,1268.05,253.61,5,1.5,4,380,5,25,0,783.05,0,0,70,5,1121,1,0,,2026-06-27T00:00:00.000Z,,excel-seed
seed-c2-55,,,2026-05-28,D,,,c2,C2,INNER,TM-865A-2,-,1260.12,252.02,5,1.5,4,355,10,30,0,775.12,0,0,85,5,1003,1,0,,2026-06-27T00:00:00.000Z,,excel-seed
seed-c2-56,,,2026-05-29,D,,,c2,C2,INNER,TM-865A-2,-,1240.64,248.13,5,1.5,4,335,0,25,0,755.64,0,15,105,5,931,1,0,,2026-06-27T00:00:00.000Z,,excel-seed
seed-c2-57,,,2026-05-29,N,,,c2,C2,INNER,TM-865A-2,-,1084.25,216.85,5,1.5,4,375,0,45,0,599.25,0,0,60,5,1408,0,0,,2026-06-27T00:00:00.000Z,,excel-seed
seed-c2-58,,,2026-05-30,D,,,c2,C2,INNER,TM-865A-2,-,1137.05,227.41,5,1.5,4,375,20,20,0,652.05,0,0,65,5,1363,2,0,,2026-06-27T00:00:00.000Z,,excel-seed
seed-c2-59,,,2026-05-30,N,,,c2,C2,INNER,TM-865A-2,-,1560.25,312.05,5,1.5,4,515,10,45,0,900.25,0,0,90,0,1802,2,0,,2026-06-27T00:00:00.000Z,,excel-seed
seed-c2-60,,,2026-06-01,D,,,c2,C2,INNER,TM-865A-2,-,1655.04,331.01,5,1.5,4,505,5,50,0,995.04,0,0,100,0,1553,1,0,,2026-06-27T00:00:00.000Z,,excel-seed
seed-c2-61,,,2026-06-01,N,,,c2,C2,INNER,TM-865A-2,-,1973.73,394.75,5,1.5,4,545,5,25,0,1313.73,0,0,85,0,1369,0,0,,2026-06-27T00:00:00.000Z,,excel-seed
seed-c2-62,,,2026-06-02,D,,,c2,C2,INNER,TM-865A-2,-,1250,250,5,1.5,4,340,5,35,0,765,0,0,100,5,920,0,0,,2026-06-27T00:00:00.000Z,,excel-seed
seed-c2-63,,,2026-06-02,N,,,c2,C2,INNER,TM-865A-2,-,1416.34,283.27,5,1.5,4,390,10,20,0,931.34,0,0,60,5,1005,0,0,,2026-06-27T00:00:00.000Z,,excel-seed
seed-c2-64,,,2026-06-03,D,,,c2,C2,INNER,TM-865A-2,-,1615.6,323.12,5,1.5,4,495,5,50,0,955.6,0,0,110,0,1554,2,0,,2026-06-27T00:00:00.000Z,,excel-seed
seed-c2-65,,,2026-06-03,N,,,c2,C2,INNER,TM-865A-2,-,1840.13,368.03,5,1.5,4,540,10,25,0,1180.13,0,0,85,0,1510,1,0,,2026-06-27T00:00:00.000Z,,excel-seed
seed-c2-66,,,2026-06-04,D,,,c2,C2,INNER,TM-865A-2,-,1456.05,291.21,5,1.5,4,500,10,50,0,796.05,0,0,100,0,1922,2,0,,2026-06-27T00:00:00.000Z,,excel-seed
seed-c2-67,,,2026-06-04,N,,,c2,C2,INNER,TM-865A-2,-,1416.34,283.27,5,1.5,4,390,10,25,0,931.34,0,0,55,5,1005,0,0,,2026-06-27T00:00:00.000Z,,excel-seed
seed-c2-68,,,2026-06-05,D,,,c2,C2,INNER,TM-865A-2,-,1653.38,330.68,5,1.5,4,510,0,50,0,993.38,0,0,100,0,1571,1,0,,2026-06-27T00:00:00.000Z,,excel-seed
seed-c2-69,,,2026-06-05,N,,,c2,C2,INNER,TM-865A-2,-,1951.89,390.38,5,1.5,4,510,0,30,0,1291.89,0,0,120,0,1208,0,0,,2026-06-27T00:00:00.000Z,,excel-seed
seed-c2-70,,,2026-06-08,D,,,c2,C2,INNER,TM-865A-2,-,1630.25,326.05,5,1.5,4,500,0,50,0,970.25,0,0,110,0,1546,2,0,,2026-06-27T00:00:00.000Z,,excel-seed
seed-c2-71,,,2026-06-08,N,,,c2,C2,INNER,TM-865A-2,-,1903.39,380.68,5,1.5,4,535,10,25,0,1243.39,0,0,90,0,1407,1,0,,2026-06-27T00:00:00.000Z,,excel-seed
seed-c2-72,,,2026-06-09,D,,,c2,C2,INNER,TM-865A-2,-,1595.7,319.14,5,1.5,4,385,5,80,90,935.7,0,0,100,0,1185,8,0,,2026-06-27T00:00:00.000Z,,excel-seed
seed-c2-73,,,2026-06-09,N,,,c2,C2,INNER,TM-865A-2,-,1824.51,364.9,5,1.5,4,520,10,30,0,1164.51,0,0,100,0,1420,0,0,,2026-06-27T00:00:00.000Z,,excel-seed
seed-c2-74,,,2026-06-10,D,,,c2,C2,INNER,TM-865A-2,-,1721.47,344.29,5,1.5,4,495,0,50,0,1061.47,0,5,110,0,1399,1,0,,2026-06-27T00:00:00.000Z,,excel-seed
seed-c2-75,,,2026-06-10,N,,,c2,C2,INNER,TM-865A-2,-,1394.09,278.82,5,1.5,4,400,0,40,0,909.09,0,0,40,5,1056,0,0,,2026-06-27T00:00:00.000Z,,excel-seed
seed-c2-76,,,2026-06-11,D,,,c2,C2,INNER,TM-865A-2,-,1155.33,231.07,5,1.5,4,350,10,45,0,675.33,0,5,70,0,1135,4,0,,2026-06-27T00:00:00.000Z,,excel-seed
seed-c2-77,,,2026-06-12,D,,,c2,C2,INNER,TM-865A-2,-,1193.35,238.67,5,1.5,4,355,0,45,0,713.35,0,0,80,0,1060,0,0,,2026-06-27T00:00:00.000Z,,excel-seed
seed-c2-78,,,2026-06-13,D,,,c2,C2,INNER,TM-865A-2,-,1559.47,311.89,5,1.5,4,500,5,50,0,899.47,0,5,100,0,1701,7,0,,2026-06-27T00:00:00.000Z,,excel-seed
seed-c2-79,,,2026-06-13,N,,,c2,C2,INNER,TM-865A-2,-,1379.68,275.94,5,1.5,4,405,0,45,0,894.68,0,0,30,5,1100,1,0,,2026-06-27T00:00:00.000Z,,excel-seed
seed-c2-80,,,2026-06-14,D,,,c2,C2,INNER,TM-865A-2,-,1296.11,259.22,5,1.5,4,360,5,40,0,811.11,0,0,75,5,972,1,0,,2026-06-27T00:00:00.000Z,,excel-seed
seed-c2-81,,,2026-06-15,D,,,c2,C2,INNER,TM-865A-2,-,1492.64,298.53,5,1.5,4,315,0,145,100,832.64,0,0,100,0,942,1,0,,2026-06-27T00:00:00.000Z,,excel-seed
seed-c2-82,,,2026-06-15,N,,,c2,C2,INNER,TM-865A-2,-,1534.53,306.91,5,1.5,4,505,5,50,0,874.53,0,0,100,0,1767,2,0,,2026-06-27T00:00:00.000Z,,excel-seed
seed-c2-83,,,2026-06-16,D,,,c2,C2,INNER,TM-865A-2,-,1716.57,343.31,5,1.5,4,510,0,40,0,1056.57,0,10,100,0,1506,2,0,,2026-06-27T00:00:00.000Z,,excel-seed
seed-c2-84,,,2026-06-16,N,,,c2,C2,INNER,TM-865A-2,-,1183.72,236.74,5,1.5,4,370,5,45,0,703.72,0,0,60,0,1183,3,0,,2026-06-27T00:00:00.000Z,,excel-seed
seed-c2-85,,,2026-06-17,D,,,c2,C2,INNER,TM-865A-2,-,1631.36,326.27,5,1.5,4,475,0,45,0,971.36,0,10,130,0,1423,5,0,,2026-06-27T00:00:00.000Z,,excel-seed
seed-c2-86,,,2026-06-17,N,,,c2,C2,INNER,TM-865A-2,-,1653.51,330.7,5,1.5,4,500,10,50,0,993.51,0,0,100,0,1540,0,0,,2026-06-27T00:00:00.000Z,,excel-seed
seed-c2-87,,,2026-06-18,D,,,c2,C2,INNER,TM-865A-2,-,1322.88,264.58,5,1.5,4,375,0,35,0,837.88,0,0,70,5,1007,3,0,,2026-06-27T00:00:00.000Z,,excel-seed
seed-c2-88,,,2026-06-18,N,,,c2,C2,INNER,TM-865A-2,-,1713.08,342.62,5,1.5,4,510,10,50,0,1053.08,0,0,90,0,1511,1,0,,2026-06-27T00:00:00.000Z,,excel-seed
seed-c2-89,,,2026-06-19,D,,,c2,C2,INNER,TM-865A-2,-,1713.22,342.64,5,1.5,4,475,10,45,0,1053.22,0,15,115,0,1353,6,0,,2026-06-27T00:00:00.000Z,,excel-seed
seed-c2-90,,,2026-06-19,N,,,c2,C2,INNER,TM-865A-2,-,1743.04,348.61,5,1.5,4,520,0,50,0,1083.04,0,0,90,0,1498,2,0,,2026-06-27T00:00:00.000Z,,excel-seed
seed-c2-91,,,2026-06-20,D,,,c2,C2,INNER,TM-865A-2,-,1770.27,354.05,5,1.5,4,490,10,50,0,1110.27,0,0,110,0,1324,2,0,,2026-06-27T00:00:00.000Z,,excel-seed
seed-c2-92,,,2026-06-20,N,,,c2,C2,INNER,TM-865A-2,-,1712.26,342.45,5,1.5,4,515,5,50,0,1052.26,0,0,90,0,1527,2,0,,2026-06-27T00:00:00.000Z,,excel-seed
seed-c2-93,,,2026-06-21,D,,,c2,C2,INNER,TM-865A-2,-,1103.69,220.74,5,1.5,4,300,5,30,0,683.69,0,0,85,0,803,0,0,,2026-06-27T00:00:00.000Z,,excel-seed
seed-c2-94,,,2026-06-22,D,,,c2,C2,INNER,TM-865A-2,-,1804.03,360.81,5,1.5,4,495,10,55,0,1144.03,0,5,95,0,1324,2,0,,2026-06-27T00:00:00.000Z,,excel-seed
seed-c2-95,,,2026-06-22,N,,,c2,C2,INNER,TM-865A-2,-,1720.99,344.2,5,1.5,4,515,10,45,0,1060.99,0,0,90,0,1529,4,0,,2026-06-27T00:00:00.000Z,,excel-seed
seed-c2-96,,,2026-06-23,D,,,c2,C2,INNER,TM-865A-2,-,1654.44,330.89,5,1.5,4,490,15,45,0,994.44,0,0,110,0,1493,0,0,,2026-06-27T00:00:00.000Z,,excel-seed
seed-c2-97,,,2026-06-24,D,,,c2,C2,INNER,TM-865A-2,-,961.47,192.29,5,1.5,4,120,0,210,105,476.47,0,0,45,5,340,0,0,,2026-06-27T00:00:00.000Z,,excel-seed
seed-c2-98,,,2026-06-25,D,,,c2,C2,INNER,TM-865A-2,-,1697.81,339.56,5,1.5,4,440,5,45,0,1037.81,0,0,170,0,1132,1,0,,2026-06-27T00:00:00.000Z,,excel-seed
seed-c2-99,,,2026-06-25,N,,,c2,C2,INNER,TM-865A-2,-,1501.12,300.22,5,1.5,4,465,5,50,0,841.12,0,0,140,0,1559,2,0,,2026-06-27T00:00:00.000Z,,excel-seed
seed-c2-100,,,2026-06-26,D,,,c2,C2,INNER,TM-865A-2,-,2352.74,470.55,5,1.5,4,630,0,55,0,1567.74,0,0,95,5,1519,1,0,,2026-06-27T00:00:00.000Z,,excel-seed
seed-c3-1,,,2026-04-09,D,,,c3,C3,RHS ACTIVE BRACKET,SB-069A-1,-,592.38,118.48,5,0.21,1,345,0,15,0,172.38,0,0,60,0,145,1,0,,2026-06-27T00:00:00.000Z,,excel-seed
seed-c3-2,,,2026-04-16,D,,,c3,C3,RHS ACTIVE BRACKET,SB-069A-1,-,639.33,127.87,5,0.21,1,345,15,20,0,154.33,0,0,100,5,169,0,0,,2026-06-27T00:00:00.000Z,,excel-seed
seed-c3-3,,,2026-04-17,D,,,c3,C3,RHS ACTIVE BRACKET,SB-069A-1,-,345.65,69.13,5,0.21,1,175,15,10,0,95.65,0,0,40,10,73,0,0,,2026-06-27T00:00:00.000Z,,excel-seed
seed-c3-4,,,2026-04-25,D,,,c3,C3,RHS ACTIVE BRACKET,SB-069A-1,-,427.8,85.56,5,0.21,1,240,0,0,0,172.8,0,0,10,5,70,0,0,,2026-06-27T00:00:00.000Z,,excel-seed
seed-c3-5,,,2026-04-27,D,,,c3,C3,RHS ACTIVE BRACKET,SB-069A-1,-,987.69,197.54,5,0.21,1,525,10,25,0,327.69,0,0,100,0,180,0,0,,2026-06-27T00:00:00.000Z,,excel-seed
seed-c3-6,,,2026-04-27,N,,,c3,C3,RHS ACTIVE BRACKET,SB-069A-1,-,856.58,171.32,5,0.21,1,385,15,45,0,341.58,0,0,70,0,129,1,0,,2026-06-27T00:00:00.000Z,,excel-seed
seed-c3-7,,,2026-04-28,D,,,c3,C3,RHS ACTIVE BRACKET,SB-069A-1,-,929.07,185.81,5,0.21,1,510,0,40,0,269.07,0,0,110,0,203,0,0,,2026-06-27T00:00:00.000Z,,excel-seed
seed-c3-8,,,2026-04-28,N,,,c3,C3,RHS ACTIVE BRACKET,SB-069A-1,-,981.3,196.26,5,0.21,1,510,0,65,0,321.3,0,0,85,0,170,0,0,,2026-06-27T00:00:00.000Z,,excel-seed
seed-c3-9,,,2026-04-30,D,,,c3,C3,RHS ACTIVE BRACKET,SB-069A-1,-,324.4,64.88,5,0.21,1,175,0,10,0,79.4,0,0,55,5,81,0,0,,2026-06-27T00:00:00.000Z,,excel-seed
seed-c3-10,,,2026-05-04,D,,,c3,C3,RHS ACTIVE BRACKET,SB-069A-1,-,783.51,156.7,5,0.21,1,390,0,25,0,298.51,0,0,65,5,107,1,0,,2026-06-27T00:00:00.000Z,,excel-seed
seed-c3-11,,,2026-05-04,N,,,c3,C3,RHS ACTIVE BRACKET,SB-069A-1,-,1032.3,206.46,5,0.21,1,495,10,70,0,372.3,0,0,85,0,141,0,0,,2026-06-27T00:00:00.000Z,,excel-seed
seed-c3-12,,,2026-05-05,D,,,c3,C3,RHS ACTIVE BRACKET,SB-069A-1,-,860.72,172.14,5,0.21,1,415,0,45,0,215.72,85,0,100,0,202,0,0,,2026-06-27T00:00:00.000Z,,excel-seed
seed-c3-13,,,2026-05-06,D,,,c3,C3,RHS ACTIVE BRACKET,SB-069A-1,-,757.76,151.55,5,0.21,1,325,0,15,0,357.76,0,0,60,0,62,0,0,,2026-06-27T00:00:00.000Z,,excel-seed
seed-c3-14,,,2026-05-07,D,,,c3,C3,RHS ACTIVE BRACKET,SB-069A-1,-,1081.35,216.27,5,0.21,1,530,0,20,0,421.35,0,0,110,0,140,4,0,,2026-06-27T00:00:00.000Z,,excel-seed
seed-c3-15,,,2026-05-08,D,,,c3,C3,RHS ACTIVE BRACKET,SB-069A-1,-,1040.43,208.09,5,0.21,1,535,0,25,0,380.43,0,0,100,0,158,0,0,,2026-06-27T00:00:00.000Z,,excel-seed
seed-c3-16,,,2026-05-08,N,,,c3,C3,RHS ACTIVE BRACKET,SB-069A-1,-,816.06,163.21,5,0.21,1,395,25,15,0,311.06,0,0,70,0,112,2,0,,2026-06-27T00:00:00.000Z,,excel-seed
seed-c3-17,,,2026-05-11,D,,,c3,C3,RHS ACTIVE BRACKET,SB-069A-1,-,975.18,195.04,5,0.21,1,510,0,45,0,315.18,0,5,100,0,175,0,0,,2026-06-27T00:00:00.000Z,,excel-seed
seed-c3-18,,,2026-05-12,D,,,c3,C3,RHS ACTIVE BRACKET,SB-069A-1,-,640.69,128.14,5,0.21,1,340,0,15,0,220.69,0,0,65,0,110,0,0,,2026-06-27T00:00:00.000Z,,excel-seed
seed-c3-19,,,2026-05-13,D,,,c3,C3,RHS ACTIVE BRACKET,SB-069A-1,-,653.23,130.65,5,0.21,1,380,10,20,0,168.23,0,0,70,5,185,1,0,,2026-06-27T00:00:00.000Z,,excel-seed
seed-c3-20,,,2026-05-14,N,,,c3,C3,RHS ACTIVE BRACKET,SB-069A-1,-,498.25,99.65,5,0.21,1,205,0,25,0,173.25,0,0,95,0,82,1,0,,2026-06-27T00:00:00.000Z,,excel-seed
seed-c3-21,,,2026-05-15,D,,,c3,C3,RHS ACTIVE BRACKET,SB-069A-1,-,1154.45,230.89,5,0.21,1,635,5,35,0,369.45,0,0,105,5,231,0,0,,2026-06-27T00:00:00.000Z,,excel-seed
seed-c3-22,,,2026-05-15,N,,,c3,C3,RHS ACTIVE BRACKET,SB-069A-1,-,426.64,85.33,5,0.21,1,215,15,25,0,126.64,0,0,45,0,82,1,0,,2026-06-27T00:00:00.000Z,,excel-seed
seed-c3-23,,,2026-05-16,D,,,c3,C3,RHS ACTIVE BRACKET,SB-069A-1,-,977.83,195.57,5,0.21,1,440,10,105,35,317.83,0,0,70,0,141,0,0,,2026-06-27T00:00:00.000Z,,excel-seed
seed-c3-24,,,2026-05-18,N,,,c3,C3,RHS ACTIVE BRACKET,SB-069A-1,-,309.29,61.86,5,0.21,1,170,0,15,0,84.29,0,0,35,5,72,0,0,,2026-06-27T00:00:00.000Z,,excel-seed
seed-c3-25,,,2026-05-19,D,,,c3,C3,RHS ACTIVE BRACKET,SB-069A-1,-,904.76,180.95,5,0.21,1,490,0,50,0,244.76,0,0,120,0,206,1,0,,2026-06-27T00:00:00.000Z,,excel-seed
seed-c3-26,,,2026-05-19,N,,,c3,C3,RHS ACTIVE BRACKET,SB-069A-1,-,923.81,184.76,5,0.21,1,500,5,55,0,263.81,0,0,100,0,201,0,0,,2026-06-27T00:00:00.000Z,,excel-seed
seed-c3-27,,,2026-05-20,D,,,c3,C3,RHS ACTIVE BRACKET,SB-069A-1,-,935.07,187.01,5,0.21,1,510,15,45,0,285.07,0,0,80,0,201,0,0,,2026-06-27T00:00:00.000Z,,excel-seed
seed-c3-28,,,2026-05-21,D,,,c3,C3,RHS ACTIVE BRACKET,SB-069A-1,-,942.95,188.59,5,0.21,1,480,0,50,0,282.95,0,0,130,0,171,0,0,,2026-06-27T00:00:00.000Z,,excel-seed
seed-c3-29,,,2026-05-21,N,,,c3,C3,RHS ACTIVE BRACKET,SB-069A-1,-,910.2,182.04,5,0.21,1,465,0,45,0,250.2,5,45,100,0,201,0,0,,2026-06-27T00:00:00.000Z,,excel-seed
seed-c3-30,,,2026-05-22,D,,,c3,C3,RHS ACTIVE BRACKET,SB-069A-1,-,857.72,171.54,5,0.21,1,470,0,55,0,257.72,0,0,75,0,180,1,0,,2026-06-27T00:00:00.000Z,,excel-seed
seed-c3-31,,,2026-05-24,D,,,c3,C3,RHS ACTIVE BRACKET,SB-069A-1,-,900.72,180.14,5,0.21,1,480,0,65,0,240.72,0,0,115,0,201,0,0,,2026-06-27T00:00:00.000Z,,excel-seed
seed-c3-32,,,2026-05-24,N,,,c3,C3,RHS ACTIVE BRACKET,SB-069A-1,-,905.17,181.03,5,0.21,1,495,5,60,0,245.17,0,0,100,0,212,0,0,,2026-06-27T00:00:00.000Z,,excel-seed
seed-c3-33,,,2026-05-25,D,,,c3,C3,RHS ACTIVE BRACKET,SB-069A-1,-,881.76,176.35,5,0.21,1,440,25,50,0,221.76,0,15,130,0,200,2,0,,2026-06-27T00:00:00.000Z,,excel-seed
seed-c3-34,,,2026-05-25,N,,,c3,C3,RHS ACTIVE BRACKET,SB-069A-1,-,736.33,147.27,5,0.21,1,410,0,50,0,196.33,0,5,75,0,182,0,0,,2026-06-27T00:00:00.000Z,,excel-seed
seed-c3-35,,,2026-05-26,D,,,c3,C3,RHS ACTIVE BRACKET,SB-069A-1,-,930.39,186.08,5,0.21,1,450,10,45,0,270.39,0,35,120,0,173,0,0,,2026-06-27T00:00:00.000Z,,excel-seed
seed-c3-36,,,2026-05-26,N,,,c3,C3,RHS ACTIVE BRACKET,SB-069A-1,-,917.65,183.53,5,0.21,1,510,0,50,0,257.65,0,0,100,0,212,0,0,,2026-06-27T00:00:00.000Z,,excel-seed
seed-c3-37,,,2026-05-27,D,,,c3,C3,RHS ACTIVE BRACKET,SB-069A-1,-,912.26,182.45,5,0.21,1,465,0,55,0,252.26,0,0,140,0,180,0,0,,2026-06-27T00:00:00.000Z,,excel-seed
seed-c3-38,,,2026-05-27,N,,,c3,C3,RHS ACTIVE BRACKET,SB-069A-1,-,657.88,131.58,5,0.21,1,365,0,45,0,152.88,0,0,90,5,183,0,0,,2026-06-27T00:00:00.000Z,,excel-seed
seed-c3-39,,,2026-05-28,D,,,c3,C3,RHS ACTIVE BRACKET,SB-069A-1,-,655.58,131.12,5,0.21,1,320,10,45,0,170.58,0,0,105,5,130,0,0,,2026-06-27T00:00:00.000Z,,excel-seed
seed-c3-40,,,2026-06-01,D,,,c3,C3,RHS ACTIVE BRACKET,SB-069A-1,-,515.93,103.19,5,0.21,1,285,5,25,0,150.93,0,0,50,0,115,0,0,,2026-06-27T00:00:00.000Z,,excel-seed
seed-c3-41,,,2026-06-04,D,,,c3,C3,RHS ACTIVE BRACKET,SB-069A-1,-,834.75,166.95,5,0.21,1,335,0,160,55,174.75,0,0,110,0,157,0,0,,2026-06-27T00:00:00.000Z,,excel-seed
seed-c3-42,,,2026-06-04,N,,,c3,C3,RHS ACTIVE BRACKET,SB-069A-1,-,172,34.4,5,0.21,1,100,0,15,0,42,0,0,15,0,50,0,0,,2026-06-27T00:00:00.000Z,,excel-seed
seed-c3-43,,,2026-06-05,D,,,c3,C3,RHS ACTIVE BRACKET,SB-069A-1,-,856.99,171.4,5,0.21,1,510,5,45,0,196.99,0,0,100,0,280,0,0,,2026-06-27T00:00:00.000Z,,excel-seed
seed-c3-44,,,2026-06-08,D,,,c3,C3,RHS ACTIVE BRACKET,SB-069A-1,-,1011.66,202.33,5,0.21,1,545,5,35,0,351.66,0,0,75,0,179,0,0,,2026-06-27T00:00:00.000Z,,excel-seed
seed-c3-45,,,2026-06-21,D,,,c3,C3,BRKT,TH-524A-1,-,372.21,74.44,5,0.33,1,125,0,15,0,132.21,0,0,95,5,39,0,0,,2026-06-27T00:00:00.000Z,,excel-seed
seed-c3-46,,,2026-06-22,D,,,c3,C3,BRKT,TH-524A-1,-,1252.94,250.59,5,0.3,1,480,0,55,0,592.94,0,10,115,0,119,13,0,,2026-06-27T00:00:00.000Z,,excel-seed
seed-c3-47,,,2026-06-23,D,,,c3,C3,BRKT,TH-524A-1,-,1411.11,282.22,5,0.3,1,520,0,40,0,751.11,0,0,95,5,108,12,0,,2026-06-27T00:00:00.000Z,,excel-seed
seed-c3-48,,,2026-06-23,N,,,c3,C3,BRKT,TH-524A-1,-,1447.5,289.5,5,0.3,1,525,0,45,0,787.5,0,0,90,0,105,9,0,,2026-06-27T00:00:00.000Z,,excel-seed
seed-c3-49,,,2026-06-24,D,,,c3,C3,BRKT,TH-524A-1,-,1267.39,253.48,5,0.3,1,515,0,45,0,607.39,0,0,95,5,131,2,0,,2026-06-27T00:00:00.000Z,,excel-seed
seed-c3-50,,,2026-06-24,N,,,c3,C3,BRKT,TH-524A-1,-,1411.11,282.22,5,0.3,1,520,0,50,0,751.11,0,0,90,0,108,21,0,,2026-06-27T00:00:00.000Z,,excel-seed
seed-c3-51,,,2026-06-25,D,,,c3,C3,BRKT,TH-524A-1,-,1087.42,217.48,5,0.3,1,505,0,45,0,427.42,0,0,110,0,179,11,0,,2026-06-27T00:00:00.000Z,,excel-seed
seed-c3-52,,,2026-06-26,D,,,c3,C3,BRKT,TH-524A-1,-,1101,220.2,5,0.3,1,480,10,50,0,441,0,0,120,0,160,30,0,,2026-06-27T00:00:00.000Z,,excel-seed
seed-c3-53,,,2026-06-26,N,,,c3,C3,BRKT,TH-524A-1,-,1364.08,272.82,5,0.3,1,385,0,45,60,704.08,0,0,170,0,73,21,0,,2026-06-27T00:00:00.000Z,,excel-seed
seed-c4-1,,,2026-04-03,D,,,c4,C4,BRACKET,SB-075B-1-1,-,1861.85,372.37,5,1.5,4,525,0,30,0,1201.85,0,0,105,0,1376,4,0,,2026-06-27T00:00:00.000Z,,excel-seed
seed-c4-2,,,2026-04-04,D,,,c4,C4,BRACKET,SB-075B-1-1,-,1364.5,272.9,5,1.5,4,345,0,40,0,879.5,0,0,95,5,812,4,0,,2026-06-27T00:00:00.000Z,,excel-seed
seed-c4-3,,,2026-04-06,D,,,c4,C4,BRACKET,SB-075B-1-1,-,500.85,100.17,5,1.5,4,105,0,5,0,375.85,0,0,0,15,176,1,0,,2026-06-27T00:00:00.000Z,,excel-seed
seed-c4-4,,,2026-04-08,D,,,c4,C4,BRACKET,SB-075B-1-1,-,1980.15,396.03,5,1.5,4,455,0,25,0,1405.15,0,0,90,5,884,2,0,,2026-06-27T00:00:00.000Z,,excel-seed
seed-c4-5,,,2026-04-10,D,,,c4,C4,BRACKET,SB-075B-1-1,-,1783.72,356.74,5,1.5,4,360,0,20,0,1378.72,0,0,20,5,564,0,0,,2026-06-27T00:00:00.000Z,,excel-seed
seed-c4-6,,,2026-04-11,D,,,c4,C4,BRACKET,SB-075B-1-1,-,1567.91,313.58,5,1.5,4,305,0,10,0,1202.91,0,0,45,5,464,0,0,,2026-06-27T00:00:00.000Z,,excel-seed
seed-c4-7,,,2026-04-17,D,,,c4,C4,BRACKET,SB-075B-1-1,-,1687.37,337.47,5,1.5,4,390,0,20,0,1202.37,0,0,70,5,759,1,0,,2026-06-27T00:00:00.000Z,,excel-seed
seed-c4-8,,,2026-04-20,D,,,c4,C4,BRACKET,SB-075B-1-1,-,2660.77,532.15,5,1.5,4,510,0,35,0,2000.77,0,0,115,0,780,0,0,,2026-06-27T00:00:00.000Z,,excel-seed
seed-c4-9,,,2026-04-23,D,,,c4,C4,BRACKET,SB-075B-1-1,-,2088.57,417.71,5,1.5,4,500,0,35,0,1428.57,0,0,120,5,1050,2,0,,2026-06-27T00:00:00.000Z,,excel-seed
seed-c4-10,,,2026-04-24,D,,,c4,C4,BRACKET,SB-075B-1-1,-,2155.36,431.07,5,1.5,4,495,10,30,0,1495.36,0,0,120,5,1003,1,0,,2026-06-27T00:00:00.000Z,,excel-seed
seed-c4-11,,,2026-04-25,D,,,c4,C4,BRACKET,SB-075B-1-1,-,2149.92,429.98,5,1.5,4,505,0,25,0,1489.92,0,0,125,5,1027,1,0,,2026-06-27T00:00:00.000Z,,excel-seed
seed-c4-12,,,2026-04-26,D,,,c4,C4,BRACKET,SB-075B-1-1,-,1867.23,373.45,5,1.5,4,405,0,25,0,1382.23,0,0,50,5,712,0,0,,2026-06-27T00:00:00.000Z,,excel-seed
seed-c4-13,,,2026-04-27,D,,,c4,C4,BRACKET,SB-075B-1-1,-,2032.46,406.49,5,1.5,4,495,5,45,0,1372.46,0,0,115,0,1082,2,0,,2026-06-27T00:00:00.000Z,,excel-seed
seed-c4-14,,,2026-04-28,D,,,c4,C4,BRACKET,SB-075B-1-1,-,2191.89,438.38,5,1.5,4,490,5,40,0,1531.89,0,0,120,5,950,2,0,,2026-06-27T00:00:00.000Z,,excel-seed
seed-c4-15,,,2026-05-04,N,,,c4,C4,BRACKET,SB-075B-1-1,-,2035,407,5,1.5,4,350,25,20,0,1575,0,0,65,0,500,0,0,,2026-06-27T00:00:00.000Z,,excel-seed
seed-c4-16,,,2026-05-05,D,,,c4,C4,BRACKET,SB-075B-1-1,-,2752.04,550.41,5,1.5,4,625,5,50,0,1972.04,0,0,95,5,1198,2,0,,2026-06-27T00:00:00.000Z,,excel-seed
seed-c4-17,,,2026-05-06,D,,,c4,C4,BRACKET,SB-075B-1-1,-,1692.48,338.5,5,1.5,4,365,0,25,0,1207.48,0,0,90,5,662,2,0,,2026-06-27T00:00:00.000Z,,excel-seed
seed-c4-18,,,2026-05-07,D,,,c4,C4,BRACKET,SB-075B-1-1,-,2075.98,415.2,5,1.5,4,500,5,35,0,1295.98,0,0,235,5,1169,3,0,,2026-06-27T00:00:00.000Z,,excel-seed
seed-c4-19,,,2026-05-08,D,,,c4,C4,BRACKET,SB-075B-1-1,-,2391.43,478.29,5,1.5,4,500,5,45,0,1731.43,0,0,105,5,875,0,0,,2026-06-27T00:00:00.000Z,,excel-seed
seed-c4-20,,,2026-05-13,D,,,c4,C4,PASSIVE BRKT,SB-092B-2,-,1040.05,208.01,5,0.25,1,425,0,90,40,380.05,0,0,100,5,130,5,0,,2026-06-27T00:00:00.000Z,,excel-seed
seed-c4-21,,,2026-05-14,D,,,c4,C4,PASSIVE BRKT,SB-092B-2,-,692.5,138.5,5,0.25,1,290,0,30,0,217.5,0,0,150,5,100,4,0,,2026-06-27T00:00:00.000Z,,excel-seed
seed-c4-22,,,2026-05-14,D,,,c4,C4,PASSIVE BRKT,SB-092B-2,-,238.75,47.75,5,0.25,1,105,0,5,0,78.75,0,0,50,0,35,0,0,,2026-06-27T00:00:00.000Z,,excel-seed
seed-c4-23,,,2026-05-15,D,,,c4,C4,PASSIVE BRKT,SB-092B-2,-,965.53,193.11,5,0.25,1,490,0,35,0,320.53,0,0,115,5,193,9,0,,2026-06-27T00:00:00.000Z,,excel-seed
seed-c4-24,,,2026-05-16,D,,,c4,C4,PASSIVE BRKT,SB-092B-2,-,710,142,5,0.25,1,360,0,45,0,225,0,0,75,5,144,2,0,,2026-06-27T00:00:00.000Z,,excel-seed
seed-c4-25,,,2026-05-16,N,,,c4,C4,PASSIVE BRKT,SB-092B-2,-,861.49,172.3,5,0.25,1,390,0,20,0,376.49,0,0,70,5,101,9,0,,2026-06-27T00:00:00.000Z,,excel-seed
seed-c4-26,,,2026-05-19,D,,,c4,C4,PASSIVE BRKT,SB-092B-2,-,2270,454,5,0.25,1,420,5,5,0,1785,0,0,55,0,25,0,0,,2026-06-27T00:00:00.000Z,,excel-seed
seed-c4-27,,,2026-05-26,D,,,c4,C4,PASSIVE BRKT,SB-092B-2,-,492.24,98.45,5,0.25,1,210,5,15,0,207.24,0,10,45,0,57,5,0,,2026-06-27T00:00:00.000Z,,excel-seed
seed-c4-28,,,2026-05-27,D,,,c4,C4,PASSIVE BRKT,SB-092B-2,-,760.28,152.06,5,0.25,1,350,0,15,0,340.28,0,0,55,0,90,1,0,,2026-06-27T00:00:00.000Z,,excel-seed
seed-c4-29,,,2026-05-28,D,,,c4,C4,PASSIVE BRKT,SB-092B-2,-,915.06,183.01,5,0.25,1,435,0,20,0,430.06,0,0,25,5,110,0,0,,2026-06-27T00:00:00.000Z,,excel-seed
seed-c4-30,,,2026-05-28,N,,,c4,C4,PASSIVE BRKT,SB-092B-2,-,1184.03,236.81,5,0.25,1,520,0,50,0,524.03,0,0,90,0,129,11,0,,2026-06-27T00:00:00.000Z,,excel-seed
seed-c4-31,,,2026-05-29,D,,,c4,C4,PASSIVE BRKT,SB-092B-2,-,1104.9,220.98,5,0.25,1,270,0,15,180,619.9,0,0,15,5,49,6,0,,2026-06-27T00:00:00.000Z,,excel-seed
seed-c4-32,,,2026-05-29,N,,,c4,C4,PASSIVE BRKT,SB-092B-2,-,792.35,158.47,5,0.25,1,380,0,45,0,307.35,5,0,50,5,119,1,0,,2026-06-27T00:00:00.000Z,,excel-seed
seed-c4-33,,,2026-06-01,D,,,c4,C4,PASSIVE BRKT,SB-092B-2,-,618.92,123.78,5,0.25,1,290,0,25,0,238.92,0,0,65,0,88,5,0,,2026-06-27T00:00:00.000Z,,excel-seed
seed-c4-34,,,2026-06-02,D,,,c4,C4,PASSIVE BRKT,SB-092B-2,-,801.72,160.34,5,0.25,1,375,0,35,0,316.72,0,0,70,5,111,0,0,,2026-06-27T00:00:00.000Z,,excel-seed
seed-c4-35,,,2026-06-03,D,,,c4,C4,PASSIVE BRKT,SB-092B-2,-,1081.1,216.22,5,0.25,1,345,0,145,70,421.1,0,0,100,0,85,15,0,,2026-06-27T00:00:00.000Z,,excel-seed
seed-c4-36,,,2026-06-04,D,,,c4,C4,PASSIVE BRKT,SB-092B-2,-,1051.57,210.31,5,0.25,1,535,0,25,0,406.57,0,0,85,0,176,1,0,,2026-06-27T00:00:00.000Z,,excel-seed
seed-c4-37,,,2026-06-05,D,,,c4,C4,PASSIVE BRKT,SB-092B-2,-,740.43,148.09,5,0.25,1,375,0,40,0,270.43,0,0,50,5,130,7,0,,2026-06-27T00:00:00.000Z,,excel-seed
seed-c4-38,,,2026-06-08,D,,,c4,C4,BRACKET,SB-075B-1-1,-,1869.34,373.87,5,1.5,4,390,0,30,0,1349.34,5,0,95,0,685,7,0,,2026-06-27T00:00:00.000Z,,excel-seed
seed-c4-39,,,2026-06-09,D,,,c4,C4,BRACKET,SB-075B-1-1,-,2206.85,441.37,5,1.5,4,505,5,40,0,1546.85,0,0,110,0,999,0,0,,2026-06-27T00:00:00.000Z,,excel-seed
seed-c4-40,,,2026-06-09,N,,,c4,C4,BRACKET,SB-075B-1-1,-,2218.59,443.72,5,1.5,4,475,15,30,0,1558.59,0,0,140,0,896,8,0,,2026-06-27T00:00:00.000Z,,excel-seed
seed-c4-41,,,2026-06-10,D,,,c4,C4,BRACKET,SB-075B-1-1,-,1248.58,249.72,5,1.5,4,285,10,25,0,853.58,0,5,70,0,601,3,0,,2026-06-27T00:00:00.000Z,,excel-seed
seed-c4-42,,,2026-06-15,D,,,c4,C4,BRKT RR DIFF MTG,TH-403B-1,-,1780.35,356.07,5,0.33,1,485,5,45,0,1120.35,0,0,125,0,70,11,0,,2026-06-27T00:00:00.000Z,,excel-seed
seed-c4-43,,,2026-06-17,D,,,c4,C4,BRKT RR DIFF MTG,TH-403B-1,-,1402.86,280.57,5,0.3,1,320,0,215,0,742.86,0,5,120,0,42,4,0,,2026-06-27T00:00:00.000Z,,excel-seed
seed-c4-44,,,2026-06-17,N,,,c4,C4,BRKT RR DIFF MTG,TH-403B-1,-,1812,362.4,5,0.3,1,480,0,45,0,1152,0,0,135,0,60,4,0,,2026-06-27T00:00:00.000Z,,excel-seed
seed-c4-45,,,2026-06-18,D,,,c4,C4,BRKT RR DIFF MTG,TH-403B-1,-,1600.9,320.18,5,0.3,1,485,0,45,0,940.9,0,0,130,0,75,5,0,,2026-06-27T00:00:00.000Z,,excel-seed
seed-c4-46,,,2026-06-18,N,,,c4,C4,BRKT RR DIFF MTG,TH-403B-1,-,1250.27,250.05,5,0.3,1,320,0,35,0,830.27,0,0,65,0,37,3,0,,2026-06-27T00:00:00.000Z,,excel-seed
seed-c4-47,,,2026-06-19,D,,,c4,C4,BRKT RR DIFF MTG,TH-403B-1,-,1691.25,338.25,5,0.3,1,495,5,50,0,1031.25,0,0,110,0,72,5,0,,2026-06-27T00:00:00.000Z,,excel-seed
seed-c4-48,,,2026-06-19,N,,,c4,C4,BRKT RR DIFF MTG,TH-403B-1,-,1636.93,327.39,5,0.3,1,470,15,65,0,976.93,0,0,110,0,70,1,0,,2026-06-27T00:00:00.000Z,,excel-seed
seed-c4-49,,,2026-06-20,D,,,c4,C4,BRKT RR DIFF MTG,TH-403B-1,-,1679.54,335.91,5,0.3,1,470,0,65,0,1019.54,0,0,125,0,65,9,0,,2026-06-27T00:00:00.000Z,,excel-seed
seed-c4-50,,,2026-06-21,D,,,c4,C4,BRKT RR DIFF MTG,TH-403B-1,-,1757.13,351.43,5,0.3,1,495,0,45,0,1097.13,0,0,120,0,67,12,0,,2026-06-27T00:00:00.000Z,,excel-seed
seed-c4-51,,,2026-06-22,D,,,c4,C4,BRKT RR DIFF MTG,TH-403B-1,-,1692.61,338.52,5,0.3,1,475,10,45,0,1032.61,0,15,115,0,69,8,0,,2026-06-27T00:00:00.000Z,,excel-seed
seed-c4-52,,,2026-06-22,N,,,c4,C4,BRKT RR DIFF MTG,TH-403B-1,-,1863.88,372.78,5,0.3,1,475,15,75,0,1203.88,0,0,95,0,58,13,0,,2026-06-27T00:00:00.000Z,,excel-seed
seed-c4-53,,,2026-06-23,D,,,c4,C4,BRKT RR DIFF MTG,TH-403B-1,-,1472.5,294.5,5,0.3,1,375,0,160,15,812.5,0,0,110,0,54,7,0,,2026-06-27T00:00:00.000Z,,excel-seed
seed-c4-54,,,2026-06-23,N,,,c4,C4,BRKT RR DIFF MTG,TH-403B-1,-,1713.13,342.63,5,0.3,1,480,10,70,0,1053.13,0,0,100,0,67,10,0,,2026-06-27T00:00:00.000Z,,excel-seed
seed-c4-55,,,2026-06-24,D,,,c4,C4,BRKT RR DIFF MTG,TH-403B-1,-,1623.35,324.67,5,0.3,1,515,15,50,0,963.35,0,0,80,0,85,6,0,,2026-06-27T00:00:00.000Z,,excel-seed
seed-c4-56,,,2026-06-24,N,,,c4,C4,BRKT RR DIFF MTG,TH-403B-1,-,1484.69,296.94,5,0.3,1,435,20,65,0,824.69,0,0,140,0,72,6,0,,2026-06-27T00:00:00.000Z,,excel-seed
seed-c4-57,,,2026-06-25,D,,,c4,C4,BRKT RR DIFF MTG,TH-403B-1,-,1418.86,283.77,5,0.3,1,525,5,55,0,758.86,0,0,75,0,110,2,0,,2026-06-27T00:00:00.000Z,,excel-seed
seed-c4-58,,,2026-06-25,N,,,c4,C4,BRKT RR DIFF MTG,TH-403B-1,-,1543.6,308.72,5,0.3,1,470,0,65,0,883.6,0,0,125,0,75,3,0,,2026-06-27T00:00:00.000Z,,excel-seed
seed-c4-59,,,2026-06-26,D,,,c4,C4,BRKT RR DIFF MTG,TH-403B-1,-,1407.16,281.43,5,0.3,1,535,5,55,0,747.16,0,0,65,0,116,4,0,,2026-06-27T00:00:00.000Z,,excel-seed
seed-c4-60,,,2026-06-26,N,,,c4,C4,BRKT RR DIFF MTG,TH-403B-1,-,1432.5,286.5,5,0.3,1,505,10,65,0,772.5,0,0,80,0,101,5,0,,2026-06-27T00:00:00.000Z,,excel-seed
seed-c5-1,,,2026-04-03,D,,,c5,C5,3DU RESOLVER COVER,0135-080005,-,11090.53,2218.11,5,3.5,2,480,0,0,0,10610.53,0,0,0,0,152,2,0,,2026-06-27T00:00:00.000Z,,excel-seed
seed-c5-2,,,2026-04-03,N,,,c5,C5,3DU RESOLVER COVER,0135-080005,-,15758.48,3151.7,5,3.5,2,565,0,30,0,15098.48,0,0,65,0,148,4,0,,2026-06-27T00:00:00.000Z,,excel-seed
seed-c5-3,,,2026-04-04,D,,,c5,C5,3DU RESOLVER COVER,0135-080005,-,10536.97,2107.39,5,3.5,2,440,0,90,0,9891.97,0,0,115,0,137,3,0,,2026-06-27T00:00:00.000Z,,excel-seed
seed-c5-4,,,2026-04-06,D,,,c5,C5,3DU RESOLVER COVER,0135-080005,-,9423.46,1884.69,5,3.5,2,420,45,95,0,8763.46,0,0,40,60,156,3,0,,2026-06-27T00:00:00.000Z,,excel-seed
seed-c5-5,,,2026-04-06,N,,,c5,C5,3DU RESOLVER COVER,0135-080005,-,9720,1944,5,3.5,2,495,0,70,0,9075,0,0,45,35,189,1,0,,2026-06-27T00:00:00.000Z,,excel-seed
seed-c5-6,,,2026-04-07,D,,,c5,C5,3DU RESOLVER COVER,0135-080005,-,10216.89,2043.38,5,3.5,2,475,5,80,0,9556.89,0,0,100,0,167,8,0,,2026-06-27T00:00:00.000Z,,excel-seed
seed-c5-7,,,2026-04-07,N,,,c5,C5,3DU RESOLVER COVER,0135-080005,-,9512.55,1902.51,5,3.5,2,485,0,75,0,8852.55,0,0,100,0,186,1,0,,2026-06-27T00:00:00.000Z,,excel-seed
seed-c5-8,,,2026-04-08,D,,,c5,C5,3DU RESOLVER COVER,0135-080005,-,11939.44,2387.89,5,3.5,2,485,20,60,0,11279.44,0,0,95,0,152,12,0,,2026-06-27T00:00:00.000Z,,excel-seed
seed-c5-9,,,2026-04-08,N,,,c5,C5,3DU RESOLVER COVER,0135-080005,-,9921.22,1984.24,5,3.5,2,495,0,65,0,9271.22,0,0,90,0,185,7,0,,2026-06-27T00:00:00.000Z,,excel-seed
seed-c5-10,,,2026-04-09,D,,,c5,C5,3DU RESOLVER COVER,0135-080005,-,11970.98,2394.2,5,3.5,2,500,15,30,0,11310.98,0,15,100,0,164,2,0,,2026-06-27T00:00:00.000Z,,excel-seed
seed-c5-11,,,2026-04-09,N,,,c5,C5,3DU RESOLVER COVER,0135-080005,-,7504.44,1500.89,5,3.5,2,380,0,50,0,7019.44,0,0,50,5,144,8,0,,2026-06-27T00:00:00.000Z,,excel-seed
seed-c5-12,,,2026-04-10,D,,,c5,C5,3DU RESOLVER COVER,0135-080005,-,10031.52,2006.3,5,3.5,2,470,0,65,0,9371.52,0,0,125,0,165,7,0,,2026-06-27T00:00:00.000Z,,excel-seed
seed-c5-13,,,2026-04-10,N,,,c5,C5,3DU RESOLVER COVER,0135-080005,-,10632.35,2126.47,5,3.5,2,490,5,60,0,9987.35,0,0,90,0,170,14,0,,2026-06-27T00:00:00.000Z,,excel-seed
seed-c5-14,,,2026-04-11,D,,,c5,C5,3DU RESOLVER COVER,0135-080005,-,7457.77,1491.55,5,3.5,2,290,0,30,0,7092.77,0,0,35,10,83,5,0,,2026-06-27T00:00:00.000Z,,excel-seed
seed-c5-15,,,2026-04-18,D,,,c5,C5,3DU RESOLVER COVER,0135-080005,-,10434.55,2086.91,5,3.5,2,480,0,55,0,9774.55,0,0,125,0,165,5,0,,2026-06-27T00:00:00.000Z,,excel-seed
seed-c5-16,,,2026-04-20,D,,,c5,C5,3DU RESOLVER COVER,0135-080005,-,6875,1375,5,3.5,2,355,0,50,0,6390,5,0,70,5,140,0,0,,2026-06-27T00:00:00.000Z,,excel-seed
seed-c5-17,,,2026-04-20,N,,,c5,C5,3DU RESOLVER COVER,0135-080005,-,12796.83,2559.37,5,3.5,2,505,10,65,0,12136.83,0,0,80,0,150,6,0,,2026-06-27T00:00:00.000Z,,excel-seed
seed-c5-18,,,2026-04-21,D,,,c5,C5,3DU RESOLVER COVER,0135-080005,-,10521.22,2104.24,5,3.5,2,490,0,50,0,9871.22,0,5,105,0,172,8,0,,2026-06-27T00:00:00.000Z,,excel-seed
seed-c5-19,,,2026-04-21,N,,,c5,C5,3DU RESOLVER COVER,0135-080005,-,11472.1,2294.42,5,3.5,2,485,15,55,0,10812.1,0,0,105,0,157,3,0,,2026-06-27T00:00:00.000Z,,excel-seed
seed-c5-20,,,2026-04-22,D,,,c5,C5,3DU RESOLVER COVER,0135-080005,-,12363.12,2472.62,5,3.5,2,525,0,25,0,11703.12,0,10,100,0,168,4,0,,2026-06-27T00:00:00.000Z,,excel-seed
seed-c5-21,,,2026-04-22,N,,,c5,C5,3DU RESOLVER COVER,0135-080005,-,11805.07,2361.01,5,3.5,2,470,0,55,0,11205.07,0,0,75,0,138,4,0,,2026-06-27T00:00:00.000Z,,excel-seed
seed-c5-22,,,2026-04-23,D,,,c5,C5,3DU RESOLVER COVER,0135-080005,-,10207.84,2041.57,5,3.5,2,500,0,45,0,9562.84,0,0,100,0,183,1,0,,2026-06-27T00:00:00.000Z,,excel-seed
seed-c5-23,,,2026-04-23,N,,,c5,C5,3DU RESOLVER COVER,0135-080005,-,12639.75,2527.95,5,3.5,2,520,0,60,0,11979.75,0,0,80,0,158,2,0,,2026-06-27T00:00:00.000Z,,excel-seed
seed-c5-24,,,2026-04-24,D,,,c5,C5,3DU RESOLVER COVER,0135-080005,-,9696.02,1939.2,5,3.5,2,490,0,60,0,9036.02,0,0,110,0,186,0,0,,2026-06-27T00:00:00.000Z,,excel-seed
seed-c5-25,,,2026-04-24,N,,,c5,C5,3DU RESOLVER COVER,0135-080005,-,11794.12,2358.82,5,3.5,2,520,0,60,0,11134.12,0,0,80,0,170,2,0,,2026-06-27T00:00:00.000Z,,excel-seed
seed-c5-26,,,2026-04-25,N,,,c5,C5,3DU RESOLVER COVER,0135-080005,-,12638.29,2527.66,5,3.5,2,510,0,65,0,11978.29,0,0,85,0,152,2,0,,2026-06-27T00:00:00.000Z,,excel-seed
seed-c5-27,,,2026-04-25,D,,,c5,C5,3DU RESOLVER COVER,0135-080005,-,9290.46,1858.09,5,3.5,2,475,0,55,0,8630.46,0,0,130,0,183,3,0,,2026-06-27T00:00:00.000Z,,excel-seed
seed-c5-28,,,2026-04-26,D,,,c5,C5,3DU RESOLVER COVER,0135-080005,-,10198.89,2039.78,5,3.5,2,505,0,50,0,9538.89,5,0,100,0,189,1,0,,2026-06-27T00:00:00.000Z,,excel-seed
seed-c5-29,,,2026-04-26,N,,,c5,C5,3DU RESOLVER COVER,0135-080005,-,14016.65,2803.33,5,3.5,2,515,0,60,0,13356.65,0,0,85,0,139,3,0,,2026-06-27T00:00:00.000Z,,excel-seed
seed-c5-30,,,2026-04-27,D,,,c5,C5,3DU RESOLVER COVER,0135-080005,-,6725,1345,5,3.5,2,80,0,65,310,6240,0,0,25,5,35,7,0,,2026-06-27T00:00:00.000Z,,excel-seed
seed-c5-31,,,2026-05-04,D,,,c5,C5,3DU RESOLVER COVER,0135-080005,-,5816.51,1163.3,5,3.5,2,255,0,25,0,5396.51,0,5,35,100,86,4,0,,2026-06-27T00:00:00.000Z,,excel-seed
seed-c5-32,,,2026-05-06,D,,,c5,C5,3DU RESOLVER COVER,0135-080005,-,11515.59,2303.12,5,3.5,2,480,0,40,0,10870.59,15,0,110,0,153,21,0,,2026-06-27T00:00:00.000Z,,excel-seed
seed-c5-33,,,2026-05-06,N,,,c5,C5,3DU RESOLVER COVER,0135-080005,-,11941.25,2388.25,5,3.5,2,475,0,55,0,11281.25,0,0,130,0,140,12,0,,2026-06-27T00:00:00.000Z,,excel-seed
seed-c5-34,,,2026-05-07,D,,,c5,C5,3DU RESOLVER COVER,0135-080005,-,8538.1,1707.62,5,3.5,2,325,0,35,75,8053.1,0,0,50,0,113,15,0,,2026-06-27T00:00:00.000Z,,excel-seed
seed-c5-35,,,2026-05-07,N,,,c5,C5,3DU RESOLVER COVER,0135-080005,-,10298.59,2059.72,5,3.5,2,380,0,40,0,9813.59,0,0,65,0,103,11,0,,2026-06-27T00:00:00.000Z,,excel-seed
seed-c5-36,,,2026-05-08,D,,,c5,C5,3DU RESOLVER COVER,0135-080005,-,10588.18,2117.64,5,3.5,2,500,0,45,0,9943.18,0,0,100,0,176,6,0,,2026-06-27T00:00:00.000Z,,excel-seed
seed-c5-37,,,2026-05-08,N,,,c5,C5,3DU RESOLVER COVER,0135-080005,-,14525.38,2905.08,5,3.5,2,500,15,50,0,13865.38,0,0,95,0,130,10,0,,2026-06-27T00:00:00.000Z,,excel-seed
seed-c5-38,,,2026-05-09,D,,,c5,C5,3DU RESOLVER COVER,0135-080005,-,3323.79,664.76,5,3.5,2,165,0,15,0,3073.79,0,0,65,5,62,2,0,,2026-06-27T00:00:00.000Z,,excel-seed
seed-c5-39,,,2026-05-09,N,,,c5,C5,3DU RESOLVER COVER,0135-080005,-,10758.02,2151.6,5,3.5,2,385,0,45,0,10273.02,0,0,50,5,101,3,0,,2026-06-27T00:00:00.000Z,,excel-seed
seed-c5-40,,,2026-05-11,D,,,c5,C5,3DU RESOLVER COVER,0135-080005,-,10099.05,2019.81,5,3.5,2,475,0,45,15,9459.05,5,0,100,0,174,2,0,,2026-06-27T00:00:00.000Z,,excel-seed
seed-c5-41,,,2026-05-11,N,,,c5,C5,3DU RESOLVER COVER,0135-080005,-,13179.53,2635.91,5,3.5,2,495,0,55,0,12519.53,0,0,110,0,137,3,0,,2026-06-27T00:00:00.000Z,,excel-seed
seed-c5-42,,,2026-05-12,D,,,c5,C5,3DU RESOLVER COVER,0135-080005,-,2312.86,462.57,5,3.5,2,120,5,30,0,2142.86,0,0,15,0,49,1,0,,2026-06-27T00:00:00.000Z,,excel-seed
seed-c5-43,,,2026-05-12,N,,,c5,C5,3DU RESOLVER COVER,0135-080005,-,13303.75,2660.75,5,3.5,2,510,0,50,0,12643.75,0,0,100,0,144,6,0,,2026-06-27T00:00:00.000Z,,excel-seed
seed-c5-44,,,2026-05-13,D,,,c5,C5,3DU RESOLVER COVER,0135-080005,-,9704.94,1940.99,5,3.5,2,460,0,45,40,9044.94,0,0,115,0,178,2,0,,2026-06-27T00:00:00.000Z,,excel-seed
seed-c5-45,,,2026-05-14,D,,,c5,C5,3DU RESOLVER COVER,0135-080005,-,10105.37,2021.07,5,3.5,2,505,0,40,0,9445.37,0,0,115,0,189,1,0,,2026-06-27T00:00:00.000Z,,excel-seed
seed-c5-46,,,2026-05-25,N,,,c5,C5,INNER,11-728A-1,-,248.75,49.75,5,0.5,3,55,5,5,0,123.75,0,0,55,5,40,20,0,,2026-06-27T00:00:00.000Z,,excel-seed
seed-c5-47,,,2026-05-26,D,,,c5,C5,INNER,11-728A-1,-,1449.25,289.85,5,0.5,3,365,5,10,165,789.25,0,20,95,0,385,17,0,,2026-06-27T00:00:00.000Z,,excel-seed
seed-c5-48,,,2026-05-26,N,,,c5,C5,INNER,11-728A-1,-,1257.83,251.57,5,0.5,3,550,0,10,0,597.83,0,0,100,0,759,0,0,,2026-06-27T00:00:00.000Z,,excel-seed
seed-c5-49,,,2026-05-27,D,,,c5,C5,INNER,11-728A-1,-,1380.36,276.07,5,0.5,3,535,0,10,0,720.36,0,0,115,0,596,0,0,,2026-06-27T00:00:00.000Z,,excel-seed
seed-c5-50,,,2026-05-27,N,,,c5,C5,INNER,11-728A-1,-,1240.83,248.17,5,0.5,3,540,0,10,0,580.83,10,0,100,0,767,7,0,,2026-06-27T00:00:00.000Z,,excel-seed
seed-c5-51,,,2026-05-28,D,,,c5,C5,INNER,11-728A-1,-,922.64,184.53,5,0.5,3,390,5,5,0,437.64,0,0,80,5,528,0,0,,2026-06-27T00:00:00.000Z,,excel-seed
seed-c5-52,,,2026-05-28,N,,,c5,C5,INNER,11-728A-1,-,288.98,57.8,5,0.5,3,100,5,5,0,178.98,0,0,0,0,88,1,0,,2026-06-27T00:00:00.000Z,,excel-seed
seed-c5-53,,,2026-05-29,D,,,c5,C5,RHS ACTIVE BRACKET,SB-069A-1,-,8483.53,1696.71,5,4.83,1,415,0,20,0,7998.53,0,0,45,5,104,0,0,,2026-06-27T00:00:00.000Z,,excel-seed
seed-c5-54,,,2026-06-16,D,,,c5,C5,INNER,11-711C-1,-,1022.06,204.41,5,1.2,2,345,5,35,0,582.06,0,5,50,0,505,1,0,,2026-06-27T00:00:00.000Z,,excel-seed
seed-c5-55,,,2026-06-16,N,,,c5,C5,INNER,11-711C-1,-,1920.48,384.1,5,1.2,2,505,15,15,0,1260.48,0,0,125,0,500,4,0,,2026-06-27T00:00:00.000Z,,excel-seed
seed-c5-56,,,2026-06-17,D,,,c5,C5,INNER,11-711C-1,-,1557.27,311.45,5,1.2,2,470,5,50,0,897.27,0,15,115,5,616,4,0,,2026-06-27T00:00:00.000Z,,excel-seed
seed-c5-57,,,2026-06-18,D,,,c5,C5,INNER,11-711C-1,-,2189.22,437.84,5,1.2,2,565,0,40,0,1529.22,0,0,50,5,501,1,0,,2026-06-27T00:00:00.000Z,,excel-seed
seed-c5-58,,,2026-06-19,D,,,c5,C5,INNER,11-711C-1,-,1236.76,247.35,5,1.2,2,355,10,50,0,751.76,0,10,55,5,425,3,0,,2026-06-27T00:00:00.000Z,,excel-seed
seed-c5-59,,,2026-06-20,D,,,c5,C5,INNER,11-711C-1,-,844.2,168.84,5,1.2,2,260,0,20,0,499.2,0,0,60,5,325,1,0,,2026-06-27T00:00:00.000Z,,excel-seed
seed-c5-60,,,2026-06-24,D,,,c5,C5,BRKT,TH-523A-1,-,1116.85,223.37,5,1,4,285,0,35,0,726.85,0,0,65,5,447,1,0,,2026-06-27T00:00:00.000Z,,excel-seed
seed-c5-61,,,2026-06-25,D,,,c5,C5,BRKT,TH-523A-1,-,2260,452,5,1,4,480,0,40,0,1600,0,0,140,0,576,0,0,,2026-06-27T00:00:00.000Z,,excel-seed
seed-c5-62,,,2026-06-26,D,,,c5,C5,BRKT,TH-523A-1,-,1578.33,315.67,5,1,4,380,0,35,0,1013.33,0,0,145,5,570,2,0,,2026-06-27T00:00:00.000Z,,excel-seed
seed-c6-1,,,2026-04-03,D,,,c6,C6,3DU RESOLVER COVER,0135-080005,-,1694.89,338.98,5,0.28,2,530,0,30,0,1034.89,0,0,100,0,152,2,0,,2026-06-27T00:00:00.000Z,,excel-seed
seed-c6-2,,,2026-04-03,N,,,c6,C6,3DU RESOLVER COVER,0135-080005,-,1776.34,355.27,5,0.28,2,545,0,35,0,1116.34,0,0,80,0,149,3,0,,2026-06-27T00:00:00.000Z,,excel-seed
seed-c6-3,,,2026-04-04,D,,,c6,C6,3DU RESOLVER COVER,0135-080005,-,1362.89,272.58,5,0.28,2,375,0,145,20,702.89,10,0,100,10,121,13,0,,2026-06-27T00:00:00.000Z,,excel-seed
seed-c6-4,,,2026-04-06,D,,,c6,C6,3DU RESOLVER COVER,0135-080005,-,1563.79,312.76,5,0.28,2,445,5,100,65,903.79,0,0,45,0,142,12,0,,2026-06-27T00:00:00.000Z,,excel-seed
seed-c6-5,,,2026-04-30,D,,,c6,C6,3DU RESOLVER COVER,0135-080005,-,641.59,128.32,5,0.28,2,380,0,20,0,156.59,0,10,70,5,530,0,0,,2026-06-27T00:00:00.000Z,,excel-seed
seed-c6-6,,,2026-04-30,N,,,c6,C6,INNER,11-711C-1,-,351.46,70.29,5,1.2,2,85,0,5,0,211.46,0,0,45,5,82,0,0,,2026-06-27T00:00:00.000Z,,excel-seed
seed-c6-7,,,2026-05-02,D,,,c6,C6,INNER,11-728A-1,-,1991.83,398.37,5,2,3,250,0,10,0,1696.83,0,0,30,5,221,2,0,,2026-06-27T00:00:00.000Z,,excel-seed
seed-c6-8,,,2026-05-02,N,,,c6,C6,INNER,11-728A-1,-,3349.91,669.98,5,2,3,405,10,10,0,2864.91,0,0,55,5,352,8,0,,2026-06-27T00:00:00.000Z,,excel-seed
seed-c6-9,,,2026-05-05,D,,,c6,C6,INNER,11-728A-1,-,1325,265,5,2,3,175,5,5,0,1080,0,0,60,0,175,0,0,,2026-06-27T00:00:00.000Z,,excel-seed
seed-c6-10,,,2026-05-09,D,,,c6,C6,INNER,11-728A-1,-,3429.57,685.91,5,2,3,420,10,10,0,2944.57,0,0,40,5,368,1,0,,2026-06-27T00:00:00.000Z,,excel-seed
seed-c6-11,,,2026-05-11,D,,,c6,C6,INNER,11-728A-1,-,2462.65,492.53,5,2,3,410,0,35,0,1977.65,0,0,35,5,510,9,0,,2026-06-27T00:00:00.000Z,,excel-seed
seed-c6-12,,,2026-05-11,N,,,c6,C6,INNER,11-728A-1,-,5029.85,1005.97,5,2,3,535,0,15,0,4369.85,0,0,110,0,393,3,0,,2026-06-27T00:00:00.000Z,,excel-seed
seed-c6-13,,,2026-05-12,D,,,c6,C6,INNER,11-728A-1,-,4238.31,847.66,5,2,3,440,5,25,0,3578.31,0,5,185,0,332,0,0,,2026-06-27T00:00:00.000Z,,excel-seed
seed-c6-14,,,2026-05-12,N,,,c6,C6,INNER,11-728A-1,-,733.12,146.62,5,2,3,105,5,5,0,503.12,5,0,110,0,144,0,0,,2026-06-27T00:00:00.000Z,,excel-seed
seed-c6-15,,,2026-05-13,D,,,c6,C6,INNER,11-711C-1,-,487.5,97.5,5,1.2,2,170,5,5,0,297.5,0,0,10,0,240,0,0,,2026-06-27T00:00:00.000Z,,excel-seed
seed-c6-16,,,2026-05-13,N,,,c6,C6,INNER,11-711C-1,-,1999.24,399.85,5,1.2,2,555,0,15,0,1339.24,0,0,90,0,552,8,0,,2026-06-27T00:00:00.000Z,,excel-seed
seed-c6-17,,,2026-05-14,D,,,c6,C6,INNER,11-711C-1,-,191.43,38.29,5,1.2,2,45,5,5,0,96.43,0,0,35,5,56,0,0,,2026-06-27T00:00:00.000Z,,excel-seed
seed-c6-18,,,2026-05-14,N,,,c6,C6,INNER,11-728A-1,-,764.32,152.86,5,2,3,105,5,5,0,624.32,0,0,25,0,111,12,0,,2026-06-27T00:00:00.000Z,,excel-seed
seed-c6-19,,,2026-05-15,D,,,c6,C6,INNER,11-728A-1,-,2539.88,507.98,5,2,3,365,0,15,30,2049.88,0,0,75,5,422,28,0,,2026-06-27T00:00:00.000Z,,excel-seed
seed-c6-20,,,2026-05-15,N,,,c6,C6,INNER,11-728A-1,-,1703.95,340.79,5,2,3,255,0,0,0,1368.95,0,0,75,5,285,18,0,,2026-06-27T00:00:00.000Z,,excel-seed
seed-c6-21,,,2026-05-16,D,,,c6,C6,INNER,11-728A-1,-,1952.17,390.43,5,2,3,320,0,30,0,1532.17,0,0,70,0,401,1,0,,2026-06-27T00:00:00.000Z,,excel-seed
seed-c6-22,,,2026-05-16,N,,,c6,C6,INNER,11-728A-1,-,3252.5,650.5,5,2,3,375,0,5,0,2812.5,0,0,55,5,300,6,0,,2026-06-27T00:00:00.000Z,,excel-seed
seed-c6-23,,,2026-05-17,D,,,c6,C6,INNER,11-728A-1,-,3291.03,658.21,5,2,3,545,0,20,0,2631.03,0,15,80,0,696,6,0,,2026-06-27T00:00:00.000Z,,excel-seed
seed-c6-24,,,2026-05-18,D,,,c6,C6,INNER,11-728A-1,-,2836.61,567.32,5,2,3,390,15,10,0,2351.61,0,0,65,5,403,17,0,,2026-06-27T00:00:00.000Z,,excel-seed
seed-c6-25,,,2026-05-18,N,,,c6,C6,INNER,11-728A-1,-,1300.95,260.19,5,2,3,210,5,5,0,1045.95,0,0,35,0,259,8,0,,2026-06-27T00:00:00.000Z,,excel-seed
seed-c6-26,,,2026-05-19,D,,,c6,C6,INNER,11-711C-1,-,1291.82,258.36,5,1.2,2,405,5,40,0,751.82,0,10,75,5,543,3,0,,2026-06-27T00:00:00.000Z,,excel-seed
seed-c6-27,,,2026-05-19,N,,,c6,C6,INNER,11-711C-1,-,1719.13,343.83,5,1.2,2,515,0,20,0,1059.13,0,0,125,0,601,1,0,,2026-06-27T00:00:00.000Z,,excel-seed
seed-c6-28,,,2026-05-20,D,,,c6,C6,INNER,11-711C-1,-,1618.48,323.7,5,1.2,2,540,0,40,0,968.48,0,0,65,5,736,4,0,,2026-06-27T00:00:00.000Z,,excel-seed
seed-c6-29,,,2026-05-20,N,,,c6,C6,INNER,11-711C-1,-,1578.17,315.63,5,1.2,2,515,5,40,0,918.17,0,0,100,0,700,1,0,,2026-06-27T00:00:00.000Z,,excel-seed
seed-c6-30,,,2026-05-21,D,,,c6,C6,INNER,11-711C-1,-,1974.04,394.81,5,1.2,2,525,10,15,0,1314.04,0,0,110,0,513,1,0,,2026-06-27T00:00:00.000Z,,excel-seed
seed-c6-31,,,2026-05-21,N,,,c6,C6,INNER,11-711C-1,-,536.24,107.25,5,1.2,2,140,5,0,0,316.24,0,15,60,0,170,2,0,,2026-06-27T00:00:00.000Z,,excel-seed
seed-c6-32,,,2026-05-22,D,,,c6,C6,INNER,11-711C-1,-,1378.04,275.61,5,1.2,2,415,10,10,0,893.04,0,0,45,5,474,0,0,,2026-06-27T00:00:00.000Z,,excel-seed
seed-c6-33,,,2026-05-22,N,,,c6,C6,INNER,11-711C-1,-,1828.7,365.74,5,1.2,2,560,0,15,0,1168.7,0,0,85,0,644,0,0,,2026-06-27T00:00:00.000Z,,excel-seed
seed-c6-34,,,2026-05-23,D,,,c6,C6,INNER,11-711C-1,-,1943,388.6,5,1.2,2,405,0,10,0,1458,0,0,65,5,270,0,0,,2026-06-27T00:00:00.000Z,,excel-seed
seed-c6-35,,,2026-05-23,N,,,c6,C6,INNER,11-711C-1,-,1302.92,260.58,5,1.2,2,425,0,10,0,817.92,0,0,45,5,530,2,0,,2026-06-27T00:00:00.000Z,,excel-seed
seed-c6-36,,,2026-05-24,D,,,c6,C6,INNER,11-711C-1,-,1716,343.2,5,1.2,2,550,10,15,0,1056,0,0,85,0,700,2,0,,2026-06-27T00:00:00.000Z,,excel-seed
seed-c6-37,,,2026-05-24,N,,,c6,C6,INNER,11-711C-1,-,1738.24,347.65,5,1.2,2,535,0,15,0,1078.24,10,0,100,0,649,1,0,,2026-06-27T00:00:00.000Z,,excel-seed
seed-c6-38,,,2026-05-25,D,,,c6,C6,INNER,11-711C-1,-,1624.04,324.81,5,1.2,2,520,10,15,0,964.04,0,20,95,0,712,1,0,,2026-06-27T00:00:00.000Z,,excel-seed
seed-c6-39,,,2026-05-25,N,,,c6,C6,INNER,11-711C-1,-,942.15,188.43,5,1.2,2,340,5,10,0,527.15,10,10,40,0,565,3,0,,2026-06-27T00:00:00.000Z,,excel-seed
seed-c6-40,,,2026-05-26,D,,,c6,C6,INNER,11-711C-1,-,687.14,137.43,5,1.2,2,145,5,5,0,497.14,0,0,35,0,105,0,0,,2026-06-27T00:00:00.000Z,,excel-seed
seed-c6-41,,,2026-05-27,D,,,c6,C6,INNER,11-711C-1,-,1965.97,393.19,5,1.2,2,535,0,10,0,1305.97,0,0,115,0,526,0,0,,2026-06-27T00:00:00.000Z,,excel-seed
seed-c6-42,,,2026-05-28,D,,,c6,C6,INNER,11-711C-1,-,658.01,131.6,5,1.2,2,140,5,5,0,473.01,0,0,35,0,103,0,0,,2026-06-27T00:00:00.000Z,,excel-seed
seed-c6-43,,,2026-05-28,N,,,c6,C6,INNER,11-711C-1,-,910.87,182.17,5,1.2,2,305,0,10,0,545.87,0,0,45,5,409,1,0,,2026-06-27T00:00:00.000Z,,excel-seed
seed-c6-44,,,2026-05-29,D,,,c6,C6,INNER,11-711C-1,-,709.07,141.81,5,1.2,2,185,0,5,0,464.07,0,0,50,5,177,0,0,,2026-06-27T00:00:00.000Z,,excel-seed
seed-c6-45,,,2026-06-10,D,,,c6,C6,INNER,11-728A-1,-,2606.95,521.39,5,2,3,145,0,170,155,2121.95,0,0,10,5,123,0,0,,2026-06-27T00:00:00.000Z,,excel-seed
seed-c6-46,,,2026-06-10,N,,,c6,C6,INNER,11-728A-1,-,4007.66,801.53,5,2,3,535,0,15,0,3347.66,0,0,110,0,513,6,0,,2026-06-27T00:00:00.000Z,,excel-seed
seed-c6-47,,,2026-06-11,D,,,c6,C6,INNER,11-728A-1,-,1798.44,359.69,5,2,3,310,0,40,0,1313.44,0,0,130,5,439,2,0,,2026-06-27T00:00:00.000Z,,excel-seed
seed-c6-48,,,2026-06-12,D,,,c6,C6,INNER,11-728A-1,-,1926.58,385.32,5,2,3,255,0,25,0,1441.58,0,120,80,5,398,1,0,,2026-06-27T00:00:00.000Z,,excel-seed
seed-c6-49,,,2026-06-12,N,,,c6,C6,INNER,11-728A-1,-,4849.56,969.91,5,2,3,490,0,20,0,4249.56,0,0,90,0,339,0,0,,2026-06-27T00:00:00.000Z,,excel-seed
seed-c6-50,,,2026-06-13,D,,,c6,C6,INNER,11-728A-1,-,2492.34,498.47,5,2,3,500,5,35,0,1832.34,0,5,115,0,835,5,0,,2026-06-27T00:00:00.000Z,,excel-seed
seed-c6-51,,,2026-06-14,D,,,c6,C6,INNER,11-728A-1,-,1022.56,204.51,5,2,3,215,0,10,0,772.56,0,0,20,5,359,1,0,,2026-06-27T00:00:00.000Z,,excel-seed
seed-c6-52,,,2026-06-15,D,,,c6,C6,INNER,11-728A-1,-,383.97,76.79,5,2,3,60,5,5,0,268.97,0,0,40,5,87,0,0,,2026-06-27T00:00:00.000Z,,excel-seed
seed-c6-53,,,2026-06-15,D,,,c6,C6,BRACKET,SB-075B-1-1,-,1493.43,298.69,5,1.5,3,425,0,20,0,973.43,0,0,70,5,835,17,0,,2026-06-27T00:00:00.000Z,,excel-seed
seed-c6-54,,,2026-06-15,N,,,c6,C6,BRACKET,SB-075B-1-1,-,3149.1,629.82,5,1.5,4,505,15,25,0,2489.1,0,0,115,0,633,3,0,,2026-06-27T00:00:00.000Z,,excel-seed
seed-c6-55,,,2026-06-16,D,,,c6,C6,BRACKET,SB-075B-1-1,-,2063.82,412.76,5,1.5,4,480,0,60,0,1403.82,0,5,115,0,995,17,0,,2026-06-27T00:00:00.000Z,,excel-seed
seed-c6-56,,,2026-06-17,D,,,c6,C6,BRACKET,SB-075B-1-1,-,1503.48,300.7,5,1.5,4,335,0,40,0,1018.48,0,5,100,5,671,13,0,,2026-06-27T00:00:00.000Z,,excel-seed
seed-c6-57,,,2026-06-18,D,,,c6,C6,BRACKET,SB-075B-1-1,-,1879.82,375.96,5,1.5,4,345,0,40,0,1394.82,0,0,95,5,512,8,0,,2026-06-27T00:00:00.000Z,,excel-seed
seed-c6-58,,,2026-06-19,D,,,c6,C6,BRACKET,SB-075B-1-1,-,903.33,180.67,5,1.5,4,175,0,20,0,633.33,0,15,55,5,315,1,0,,2026-06-27T00:00:00.000Z,,excel-seed
seed-c6-59,,,2026-06-23,D,,,c6,C6,BRACKET,SB-075B-1-1,-,2260.85,452.17,5,1.5,4,500,0,45,0,1600.85,0,0,115,0,937,3,0,,2026-06-27T00:00:00.000Z,,excel-seed
